timestamp, index, pstate, clocks.current.sm [MHz], clocks.current.memory [MHz], power.draw [W], temperature.gpu, utilization.gpu [%], memory.used [MiB], pcie.link.gen.current, pcie.link.width.current
2026/04/26 12:21:32.678, 0, P8, 22 MHz, 405 MHz, 37.93 W, 24, 0 %, 2 MiB, 1, 16
2026/04/26 12:21:32.739, 1, P8, 22 MHz, 405 MHz, 24.06 W, 24, 0 %, 2 MiB, 1, 16
2026/04/26 12:21:32.797, 2, P8, 22 MHz, 405 MHz, 20.05 W, 24, 0 %, 2 MiB, 1, 16
2026/04/26 12:21:32.842, 3, P8, 22 MHz, 405 MHz, 16.86 W, 24, 0 %, 2 MiB, 1, 16
2026/04/26 12:21:32.900, 4, P8, 22 MHz, 405 MHz, 25.88 W, 22, 0 %, 2 MiB, 1, 16
2026/04/26 12:21:32.932, 5, P8, 22 MHz, 405 MHz, 7.53 W, 23, 0 %, 2 MiB, 1, 16
2026/04/26 12:21:32.964, 6, P8, 22 MHz, 405 MHz, 18.32 W, 24, 0 %, 2 MiB, 1, 16
2026/04/26 12:21:33.003, 7, P8, 22 MHz, 405 MHz, 15.06 W, 24, 0 %, 2 MiB, 1, 16
2026/04/26 12:21:34.032, 0, P8, 22 MHz, 405 MHz, 39.00 W, 24, 0 %, 2 MiB, 1, 16
2026/04/26 12:21:34.032, 1, P8, 22 MHz, 405 MHz, 24.41 W, 24, 0 %, 2 MiB, 1, 16
2026/04/26 12:21:34.032, 2, P8, 22 MHz, 405 MHz, 19.76 W, 24, 0 %, 2 MiB, 1, 16
2026/04/26 12:21:34.032, 3, P8, 22 MHz, 405 MHz, 17.43 W, 24, 0 %, 2 MiB, 1, 16
2026/04/26 12:21:34.032, 4, P8, 22 MHz, 405 MHz, 26.35 W, 23, 0 %, 2 MiB, 1, 16
2026/04/26 12:21:34.032, 5, P8, 22 MHz, 405 MHz, 8.26 W, 23, 0 %, 2 MiB, 1, 16
2026/04/26 12:21:34.032, 6, P8, 22 MHz, 405 MHz, 18.32 W, 24, 0 %, 2 MiB, 1, 16
2026/04/26 12:21:34.032, 7, P8, 22 MHz, 405 MHz, 15.24 W, 24, 0 %, 2 MiB, 1, 16
2026/04/26 12:21:35.032, 0, P8, 22 MHz, 405 MHz, 37.77 W, 24, 0 %, 2 MiB, 1, 16
2026/04/26 12:21:35.032, 1, P8, 22 MHz, 405 MHz, 24.06 W, 24, 0 %, 2 MiB, 1, 16
2026/04/26 12:21:35.032, 2, P8, 22 MHz, 405 MHz, 18.82 W, 24, 0 %, 2 MiB, 1, 16
2026/04/26 12:21:35.033, 3, P8, 22 MHz, 405 MHz, 17.32 W, 24, 0 %, 2 MiB, 1, 16
2026/04/26 12:21:35.033, 4, P8, 22 MHz, 405 MHz, 25.02 W, 22, 0 %, 2 MiB, 1, 16
2026/04/26 12:21:35.033, 5, P8, 22 MHz, 405 MHz, 8.32 W, 23, 0 %, 2 MiB, 1, 16
2026/04/26 12:21:35.033, 6, P8, 22 MHz, 405 MHz, 18.29 W, 24, 0 %, 2 MiB, 1, 16
2026/04/26 12:21:35.033, 7, P8, 22 MHz, 405 MHz, 15.11 W, 24, 0 %, 2 MiB, 1, 16
2026/04/26 12:21:36.033, 0, P8, 22 MHz, 405 MHz, 37.97 W, 24, 0 %, 2 MiB, 1, 16
2026/04/26 12:21:36.033, 1, P8, 22 MHz, 405 MHz, 24.10 W, 24, 0 %, 2 MiB, 1, 16
2026/04/26 12:21:36.033, 2, P8, 22 MHz, 405 MHz, 18.83 W, 24, 0 %, 2 MiB, 1, 16
2026/04/26 12:21:36.033, 3, P8, 22 MHz, 405 MHz, 16.91 W, 24, 0 %, 2 MiB, 1, 16
2026/04/26 12:21:36.033, 4, P8, 22 MHz, 405 MHz, 25.58 W, 22, 0 %, 2 MiB, 1, 16
2026/04/26 12:21:36.033, 5, P8, 22 MHz, 405 MHz, 8.36 W, 23, 0 %, 2 MiB, 1, 16
2026/04/26 12:21:36.033, 6, P8, 22 MHz, 405 MHz, 17.82 W, 24, 0 %, 2 MiB, 1, 16
2026/04/26 12:21:36.033, 7, P8, 22 MHz, 405 MHz, 15.05 W, 24, 0 %, 2 MiB, 1, 16
2026/04/26 12:21:37.033, 0, P8, 22 MHz, 405 MHz, 38.12 W, 24, 0 %, 2 MiB, 1, 16
2026/04/26 12:21:37.033, 1, P8, 22 MHz, 405 MHz, 24.15 W, 24, 0 %, 2 MiB, 1, 16
2026/04/26 12:21:37.034, 2, P8, 22 MHz, 405 MHz, 18.83 W, 24, 0 %, 2 MiB, 1, 16
2026/04/26 12:21:37.034, 3, P8, 22 MHz, 405 MHz, 17.20 W, 24, 0 %, 2 MiB, 1, 16
2026/04/26 12:21:37.034, 4, P8, 22 MHz, 405 MHz, 26.04 W, 22, 0 %, 2 MiB, 1, 16
2026/04/26 12:21:37.034, 5, P8, 22 MHz, 405 MHz, 7.92 W, 23, 0 %, 2 MiB, 1, 16
2026/04/26 12:21:37.034, 6, P8, 22 MHz, 405 MHz, 17.83 W, 24, 0 %, 2 MiB, 1, 16
2026/04/26 12:21:37.034, 7, P8, 22 MHz, 405 MHz, 14.96 W, 24, 0 %, 2 MiB, 1, 16
2026/04/26 12:21:38.034, 0, P8, 22 MHz, 405 MHz, 37.99 W, 24, 0 %, 2 MiB, 1, 16
2026/04/26 12:21:38.034, 1, P8, 22 MHz, 405 MHz, 23.98 W, 24, 0 %, 2 MiB, 1, 16
2026/04/26 12:21:38.034, 2, P8, 22 MHz, 405 MHz, 19.01 W, 24, 0 %, 2 MiB, 1, 16
2026/04/26 12:21:38.034, 3, P8, 22 MHz, 405 MHz, 17.06 W, 24, 0 %, 2 MiB, 1, 16
2026/04/26 12:21:38.035, 4, P8, 22 MHz, 405 MHz, 25.60 W, 22, 0 %, 2 MiB, 1, 16
2026/04/26 12:21:38.035, 5, P8, 22 MHz, 405 MHz, 7.78 W, 23, 0 %, 2 MiB, 1, 16
2026/04/26 12:21:38.035, 6, P8, 22 MHz, 405 MHz, 17.64 W, 24, 0 %, 2 MiB, 1, 16
2026/04/26 12:21:38.035, 7, P8, 22 MHz, 405 MHz, 15.19 W, 24, 0 %, 2 MiB, 1, 16
2026/04/26 12:21:39.035, 0, P8, 22 MHz, 405 MHz, 37.88 W, 24, 0 %, 2 MiB, 1, 16
2026/04/26 12:21:39.035, 1, P8, 22 MHz, 405 MHz, 24.06 W, 24, 0 %, 2 MiB, 1, 16
2026/04/26 12:21:39.035, 2, P8, 22 MHz, 405 MHz, 19.22 W, 24, 0 %, 2 MiB, 1, 16
2026/04/26 12:21:39.035, 3, P8, 22 MHz, 405 MHz, 17.04 W, 24, 0 %, 2 MiB, 1, 16
2026/04/26 12:21:39.035, 4, P8, 22 MHz, 405 MHz, 25.82 W, 22, 0 %, 2 MiB, 1, 16
2026/04/26 12:21:39.035, 5, P8, 22 MHz, 405 MHz, 7.58 W, 23, 0 %, 2 MiB, 1, 16
2026/04/26 12:21:39.035, 6, P8, 22 MHz, 405 MHz, 17.68 W, 24, 0 %, 2 MiB, 1, 16
2026/04/26 12:21:39.035, 7, P8, 22 MHz, 405 MHz, 15.03 W, 24, 0 %, 2 MiB, 1, 16
2026/04/26 12:21:40.036, 0, P8, 22 MHz, 405 MHz, 38.02 W, 24, 0 %, 2 MiB, 1, 16
2026/04/26 12:21:40.036, 1, P8, 22 MHz, 405 MHz, 24.02 W, 24, 0 %, 2 MiB, 1, 16
2026/04/26 12:21:40.036, 2, P8, 22 MHz, 405 MHz, 19.12 W, 24, 0 %, 2 MiB, 1, 16
2026/04/26 12:21:40.036, 3, P8, 22 MHz, 405 MHz, 16.95 W, 24, 0 %, 2 MiB, 1, 16
2026/04/26 12:21:40.036, 4, P8, 22 MHz, 405 MHz, 25.39 W, 22, 0 %, 2 MiB, 1, 16
2026/04/26 12:21:40.036, 5, P8, 22 MHz, 405 MHz, 7.43 W, 23, 0 %, 2 MiB, 1, 16
2026/04/26 12:21:40.036, 6, P8, 22 MHz, 405 MHz, 17.89 W, 24, 0 %, 2 MiB, 1, 16
2026/04/26 12:21:40.036, 7, P8, 22 MHz, 405 MHz, 14.83 W, 24, 0 %, 2 MiB, 1, 16
2026/04/26 12:21:41.036, 0, P8, 22 MHz, 405 MHz, 38.07 W, 24, 0 %, 2 MiB, 1, 16
2026/04/26 12:21:41.036, 1, P8, 22 MHz, 405 MHz, 24.14 W, 24, 0 %, 2 MiB, 1, 16
2026/04/26 12:21:41.036, 2, P8, 22 MHz, 405 MHz, 19.07 W, 24, 0 %, 2 MiB, 1, 16
2026/04/26 12:21:41.036, 3, P8, 22 MHz, 405 MHz, 16.22 W, 24, 0 %, 2 MiB, 1, 16
2026/04/26 12:21:41.036, 4, P8, 22 MHz, 405 MHz, 25.39 W, 22, 0 %, 2 MiB, 1, 16
2026/04/26 12:21:41.036, 5, P8, 22 MHz, 405 MHz, 7.55 W, 23, 0 %, 2 MiB, 1, 16
2026/04/26 12:21:41.037, 6, P8, 22 MHz, 405 MHz, 17.27 W, 24, 0 %, 2 MiB, 1, 16
2026/04/26 12:21:41.037, 7, P8, 22 MHz, 405 MHz, 14.71 W, 24, 0 %, 2 MiB, 1, 16
2026/04/26 12:21:42.037, 0, P8, 22 MHz, 405 MHz, 37.62 W, 24, 0 %, 2 MiB, 1, 16
2026/04/26 12:21:42.037, 1, P8, 22 MHz, 405 MHz, 24.49 W, 24, 0 %, 2 MiB, 1, 16
2026/04/26 12:21:42.037, 2, P8, 22 MHz, 405 MHz, 19.33 W, 24, 0 %, 2 MiB, 1, 16
2026/04/26 12:21:42.037, 3, P8, 22 MHz, 405 MHz, 16.46 W, 24, 0 %, 2 MiB, 1, 16
2026/04/26 12:21:42.037, 4, P8, 22 MHz, 405 MHz, 25.30 W, 23, 0 %, 2 MiB, 1, 16
2026/04/26 12:21:42.037, 5, P8, 22 MHz, 405 MHz, 7.69 W, 23, 0 %, 2 MiB, 1, 16
2026/04/26 12:21:42.037, 6, P8, 22 MHz, 405 MHz, 17.47 W, 24, 0 %, 2 MiB, 1, 16
2026/04/26 12:21:42.038, 7, P8, 22 MHz, 405 MHz, 14.83 W, 24, 0 %, 2 MiB, 1, 16
2026/04/26 12:21:43.039, 0, P8, 22 MHz, 405 MHz, 37.99 W, 24, 0 %, 2 MiB, 1, 16
2026/04/26 12:21:43.039, 1, P8, 22 MHz, 405 MHz, 24.51 W, 24, 0 %, 2 MiB, 1, 16
2026/04/26 12:21:43.039, 2, P8, 22 MHz, 405 MHz, 19.02 W, 24, 0 %, 2 MiB, 1, 16
2026/04/26 12:21:43.039, 3, P8, 22 MHz, 405 MHz, 16.64 W, 24, 0 %, 2 MiB, 1, 16
2026/04/26 12:21:43.039, 4, P8, 22 MHz, 405 MHz, 25.60 W, 22, 0 %, 2 MiB, 1, 16
2026/04/26 12:21:43.039, 5, P8, 22 MHz, 405 MHz, 7.74 W, 23, 0 %, 2 MiB, 1, 16
2026/04/26 12:21:43.039, 6, P8, 22 MHz, 405 MHz, 17.58 W, 24, 0 %, 2 MiB, 1, 16
2026/04/26 12:21:43.039, 7, P8, 22 MHz, 405 MHz, 14.97 W, 24, 0 %, 2 MiB, 1, 16
2026/04/26 12:21:44.039, 0, P8, 22 MHz, 405 MHz, 38.37 W, 24, 0 %, 2 MiB, 1, 16
2026/04/26 12:21:44.039, 1, P8, 22 MHz, 405 MHz, 24.54 W, 24, 0 %, 2 MiB, 1, 16
2026/04/26 12:21:44.039, 2, P8, 22 MHz, 405 MHz, 19.26 W, 24, 0 %, 2 MiB, 1, 16
2026/04/26 12:21:44.039, 3, P8, 22 MHz, 405 MHz, 16.90 W, 24, 0 %, 2 MiB, 1, 16
2026/04/26 12:21:44.039, 4, P8, 22 MHz, 405 MHz, 26.28 W, 22, 0 %, 2 MiB, 1, 16
2026/04/26 12:21:44.040, 5, P8, 22 MHz, 405 MHz, 7.68 W, 23, 0 %, 2 MiB, 1, 16
2026/04/26 12:21:44.040, 6, P8, 22 MHz, 405 MHz, 17.58 W, 24, 0 %, 2 MiB, 1, 16
2026/04/26 12:21:44.040, 7, P8, 22 MHz, 405 MHz, 14.84 W, 24, 0 %, 2 MiB, 1, 16
2026/04/26 12:21:45.040, 0, P8, 22 MHz, 405 MHz, 37.96 W, 24, 0 %, 2 MiB, 1, 16
2026/04/26 12:21:45.040, 1, P8, 22 MHz, 405 MHz, 24.59 W, 24, 0 %, 2 MiB, 1, 16
2026/04/26 12:21:45.040, 2, P8, 22 MHz, 405 MHz, 19.62 W, 24, 0 %, 2 MiB, 1, 16
2026/04/26 12:21:45.040, 3, P8, 22 MHz, 405 MHz, 16.85 W, 24, 0 %, 2 MiB, 1, 16
2026/04/26 12:21:45.040, 4, P8, 22 MHz, 405 MHz, 25.74 W, 22, 0 %, 2 MiB, 1, 16
2026/04/26 12:21:45.040, 5, P8, 22 MHz, 405 MHz, 7.75 W, 23, 0 %, 2 MiB, 1, 16
2026/04/26 12:21:45.040, 6, P8, 22 MHz, 405 MHz, 17.71 W, 24, 0 %, 2 MiB, 1, 16
2026/04/26 12:21:45.040, 7, P8, 22 MHz, 405 MHz, 14.71 W, 24, 0 %, 2 MiB, 1, 16
2026/04/26 12:21:46.041, 0, P8, 22 MHz, 405 MHz, 38.20 W, 24, 0 %, 2 MiB, 1, 16
2026/04/26 12:21:46.041, 1, P8, 22 MHz, 405 MHz, 24.49 W, 24, 0 %, 2 MiB, 1, 16
2026/04/26 12:21:46.041, 2, P8, 22 MHz, 405 MHz, 19.29 W, 24, 0 %, 2 MiB, 1, 16
2026/04/26 12:21:46.041, 3, P8, 22 MHz, 405 MHz, 16.83 W, 24, 0 %, 2 MiB, 1, 16
2026/04/26 12:21:46.041, 4, P8, 22 MHz, 405 MHz, 25.62 W, 22, 0 %, 2 MiB, 1, 16
2026/04/26 12:21:46.041, 5, P8, 22 MHz, 405 MHz, 7.84 W, 23, 0 %, 2 MiB, 1, 16
2026/04/26 12:21:46.041, 6, P8, 22 MHz, 405 MHz, 17.81 W, 24, 0 %, 2 MiB, 1, 16
2026/04/26 12:21:46.041, 7, P8, 22 MHz, 405 MHz, 14.69 W, 24, 0 %, 2 MiB, 1, 16
2026/04/26 12:21:47.041, 0, P8, 22 MHz, 405 MHz, 38.42 W, 24, 0 %, 2 MiB, 1, 16
2026/04/26 12:21:47.041, 1, P8, 22 MHz, 405 MHz, 24.48 W, 24, 0 %, 2 MiB, 1, 16
2026/04/26 12:21:47.041, 2, P8, 22 MHz, 405 MHz, 19.30 W, 24, 0 %, 2 MiB, 1, 16
2026/04/26 12:21:47.041, 3, P8, 22 MHz, 405 MHz, 16.98 W, 24, 0 %, 2 MiB, 1, 16
2026/04/26 12:21:47.041, 4, P8, 22 MHz, 405 MHz, 25.49 W, 22, 0 %, 2 MiB, 1, 16
2026/04/26 12:21:47.041, 5, P8, 22 MHz, 405 MHz, 8.06 W, 23, 0 %, 2 MiB, 1, 16
2026/04/26 12:21:47.042, 6, P8, 22 MHz, 405 MHz, 17.46 W, 24, 0 %, 2 MiB, 1, 16
2026/04/26 12:21:47.042, 7, P8, 22 MHz, 405 MHz, 14.63 W, 24, 0 %, 2 MiB, 1, 16
2026/04/26 12:21:48.042, 0, P8, 22 MHz, 405 MHz, 38.33 W, 24, 0 %, 2 MiB, 1, 16
2026/04/26 12:21:48.042, 1, P8, 22 MHz, 405 MHz, 24.63 W, 24, 0 %, 2 MiB, 1, 16
2026/04/26 12:21:48.042, 2, P8, 22 MHz, 405 MHz, 19.56 W, 24, 0 %, 2 MiB, 1, 16
2026/04/26 12:21:48.042, 3, P8, 21 MHz, 405 MHz, 16.26 W, 24, 0 %, 2 MiB, 1, 16
2026/04/26 12:21:48.042, 4, P8, 22 MHz, 405 MHz, 25.28 W, 22, 0 %, 2 MiB, 1, 16
2026/04/26 12:21:48.042, 5, P8, 22 MHz, 405 MHz, 7.96 W, 23, 0 %, 2 MiB, 1, 16
2026/04/26 12:21:48.042, 6, P8, 22 MHz, 405 MHz, 17.45 W, 24, 0 %, 2 MiB, 1, 16
2026/04/26 12:21:48.042, 7, P8, 22 MHz, 405 MHz, 14.84 W, 24, 0 %, 2 MiB, 1, 16
2026/04/26 12:21:49.042, 0, P8, 22 MHz, 405 MHz, 38.47 W, 24, 0 %, 2 MiB, 1, 16
2026/04/26 12:21:49.042, 1, P8, 22 MHz, 405 MHz, 24.78 W, 24, 0 %, 2 MiB, 1, 16
2026/04/26 12:21:49.042, 2, P8, 22 MHz, 405 MHz, 19.42 W, 24, 0 %, 2 MiB, 1, 16
2026/04/26 12:21:49.043, 3, P8, 22 MHz, 405 MHz, 16.22 W, 24, 0 %, 2 MiB, 1, 16
2026/04/26 12:21:49.043, 4, P8, 22 MHz, 405 MHz, 25.53 W, 22, 0 %, 2 MiB, 1, 16
2026/04/26 12:21:49.043, 5, P8, 22 MHz, 405 MHz, 7.53 W, 23, 0 %, 2 MiB, 1, 16
2026/04/26 12:21:49.043, 6, P8, 22 MHz, 405 MHz, 17.42 W, 24, 0 %, 2 MiB, 1, 16
2026/04/26 12:21:49.043, 7, P8, 22 MHz, 405 MHz, 14.93 W, 24, 0 %, 2 MiB, 1, 16
2026/04/26 12:21:50.043, 0, P8, 22 MHz, 405 MHz, 38.51 W, 24, 0 %, 2 MiB, 1, 16
2026/04/26 12:21:50.043, 1, P8, 22 MHz, 405 MHz, 24.71 W, 24, 0 %, 2 MiB, 1, 16
2026/04/26 12:21:50.043, 2, P8, 22 MHz, 405 MHz, 19.01 W, 24, 0 %, 2 MiB, 1, 16
2026/04/26 12:21:50.043, 3, P8, 22 MHz, 405 MHz, 16.25 W, 24, 0 %, 2 MiB, 1, 16
2026/04/26 12:21:50.043, 4, P8, 22 MHz, 405 MHz, 25.03 W, 22, 0 %, 2 MiB, 1, 16
2026/04/26 12:21:50.043, 5, P8, 22 MHz, 405 MHz, 7.38 W, 23, 0 %, 2 MiB, 1, 16
2026/04/26 12:21:50.043, 6, P8, 22 MHz, 405 MHz, 17.32 W, 24, 0 %, 2 MiB, 1, 16
2026/04/26 12:21:50.044, 7, P8, 22 MHz, 405 MHz, 14.97 W, 24, 0 %, 2 MiB, 1, 16
2026/04/26 12:21:51.044, 0, P8, 22 MHz, 405 MHz, 38.51 W, 24, 0 %, 2 MiB, 1, 16
2026/04/26 12:21:51.044, 1, P8, 22 MHz, 405 MHz, 24.42 W, 24, 0 %, 2 MiB, 1, 16
2026/04/26 12:21:51.044, 2, P8, 22 MHz, 405 MHz, 19.01 W, 24, 0 %, 2 MiB, 1, 16
2026/04/26 12:21:51.044, 3, P8, 22 MHz, 405 MHz, 16.25 W, 24, 0 %, 2 MiB, 1, 16
2026/04/26 12:21:51.044, 4, P8, 22 MHz, 405 MHz, 25.17 W, 22, 0 %, 2 MiB, 1, 16
2026/04/26 12:21:51.044, 5, P8, 22 MHz, 405 MHz, 7.02 W, 23, 0 %, 2 MiB, 1, 16
2026/04/26 12:21:51.044, 6, P8, 22 MHz, 405 MHz, 17.18 W, 24, 0 %, 2 MiB, 1, 16
2026/04/26 12:21:51.044, 7, P8, 22 MHz, 405 MHz, 15.18 W, 24, 0 %, 2 MiB, 1, 16
2026/04/26 12:21:52.044, 0, P8, 22 MHz, 405 MHz, 38.42 W, 24, 0 %, 2 MiB, 1, 16
2026/04/26 12:21:52.044, 1, P8, 22 MHz, 405 MHz, 24.51 W, 24, 0 %, 2 MiB, 1, 16
2026/04/26 12:21:52.045, 2, P8, 22 MHz, 405 MHz, 19.01 W, 24, 0 %, 2 MiB, 1, 16
2026/04/26 12:21:52.045, 3, P8, 22 MHz, 405 MHz, 16.32 W, 24, 0 %, 2 MiB, 1, 16
2026/04/26 12:21:52.045, 4, P8, 22 MHz, 405 MHz, 26.01 W, 22, 0 %, 2 MiB, 1, 16
2026/04/26 12:21:52.045, 5, P8, 22 MHz, 405 MHz, 7.14 W, 23, 0 %, 2 MiB, 1, 16
2026/04/26 12:21:52.045, 6, P8, 22 MHz, 405 MHz, 17.43 W, 24, 0 %, 2 MiB, 1, 16
2026/04/26 12:21:52.045, 7, P8, 22 MHz, 405 MHz, 15.17 W, 24, 0 %, 2 MiB, 1, 16
2026/04/26 12:21:53.045, 0, P8, 22 MHz, 405 MHz, 38.28 W, 24, 0 %, 2 MiB, 1, 16
2026/04/26 12:21:53.045, 1, P8, 22 MHz, 405 MHz, 24.45 W, 24, 0 %, 2 MiB, 1, 16
2026/04/26 12:21:53.045, 2, P8, 22 MHz, 405 MHz, 18.98 W, 24, 0 %, 2 MiB, 1, 16
2026/04/26 12:21:53.045, 3, P8, 22 MHz, 405 MHz, 16.00 W, 24, 0 %, 2 MiB, 1, 16
2026/04/26 12:21:53.045, 4, P8, 22 MHz, 405 MHz, 25.93 W, 22, 0 %, 2 MiB, 1, 16
2026/04/26 12:21:53.045, 5, P8, 22 MHz, 405 MHz, 7.28 W, 23, 0 %, 2 MiB, 1, 16
2026/04/26 12:21:53.045, 6, P8, 22 MHz, 405 MHz, 17.50 W, 24, 0 %, 2 MiB, 1, 16
2026/04/26 12:21:53.045, 7, P8, 22 MHz, 405 MHz, 15.07 W, 24, 0 %, 2 MiB, 1, 16
2026/04/26 12:21:54.046, 0, P8, 22 MHz, 405 MHz, 37.96 W, 24, 0 %, 2 MiB, 1, 16
2026/04/26 12:21:54.046, 1, P8, 22 MHz, 405 MHz, 24.23 W, 24, 0 %, 2 MiB, 1, 16
2026/04/26 12:21:54.046, 2, P8, 22 MHz, 405 MHz, 19.17 W, 24, 0 %, 2 MiB, 1, 16
2026/04/26 12:21:54.046, 3, P8, 22 MHz, 405 MHz, 16.11 W, 24, 0 %, 2 MiB, 1, 16
2026/04/26 12:21:54.046, 4, P8, 22 MHz, 405 MHz, 26.03 W, 22, 0 %, 2 MiB, 1, 16
2026/04/26 12:21:54.046, 5, P8, 22 MHz, 405 MHz, 7.43 W, 23, 0 %, 2 MiB, 1, 16
2026/04/26 12:21:54.046, 6, P8, 22 MHz, 405 MHz, 17.69 W, 24, 0 %, 2 MiB, 1, 16
2026/04/26 12:21:54.046, 7, P8, 22 MHz, 405 MHz, 15.04 W, 24, 0 %, 2 MiB, 1, 16
2026/04/26 12:21:55.046, 0, P8, 22 MHz, 405 MHz, 37.92 W, 24, 0 %, 2 MiB, 1, 16
2026/04/26 12:21:55.046, 1, P8, 22 MHz, 405 MHz, 24.13 W, 24, 0 %, 2 MiB, 1, 16
2026/04/26 12:21:55.046, 2, P8, 22 MHz, 405 MHz, 19.19 W, 24, 0 %, 2 MiB, 1, 16
2026/04/26 12:21:55.046, 3, P8, 22 MHz, 405 MHz, 16.40 W, 24, 0 %, 2 MiB, 1, 16
2026/04/26 12:21:55.047, 4, P8, 22 MHz, 405 MHz, 25.94 W, 22, 0 %, 2 MiB, 1, 16
2026/04/26 12:21:55.047, 5, P8, 22 MHz, 405 MHz, 7.27 W, 23, 0 %, 2 MiB, 1, 16
2026/04/26 12:21:55.047, 6, P8, 22 MHz, 405 MHz, 17.92 W, 24, 0 %, 2 MiB, 1, 16
2026/04/26 12:21:55.047, 7, P8, 22 MHz, 405 MHz, 15.07 W, 24, 0 %, 2 MiB, 1, 16
2026/04/26 12:21:56.047, 0, P8, 22 MHz, 405 MHz, 38.39 W, 24, 0 %, 2 MiB, 1, 16
2026/04/26 12:21:56.047, 1, P8, 22 MHz, 405 MHz, 24.28 W, 24, 0 %, 2 MiB, 1, 16
2026/04/26 12:21:56.047, 2, P8, 22 MHz, 405 MHz, 19.02 W, 24, 0 %, 2 MiB, 1, 16
2026/04/26 12:21:56.047, 3, P8, 22 MHz, 405 MHz, 16.53 W, 24, 0 %, 2 MiB, 1, 16
2026/04/26 12:21:56.047, 4, P8, 22 MHz, 405 MHz, 25.56 W, 22, 0 %, 2 MiB, 1, 16
2026/04/26 12:21:56.047, 5, P8, 22 MHz, 405 MHz, 7.25 W, 23, 0 %, 2 MiB, 1, 16
2026/04/26 12:21:56.047, 6, P8, 22 MHz, 405 MHz, 17.69 W, 24, 0 %, 2 MiB, 1, 16
2026/04/26 12:21:56.047, 7, P8, 22 MHz, 405 MHz, 14.87 W, 24, 0 %, 2 MiB, 1, 16
2026/04/26 12:21:57.048, 0, P8, 22 MHz, 405 MHz, 38.21 W, 24, 0 %, 2 MiB, 1, 16
2026/04/26 12:21:57.048, 1, P8, 22 MHz, 405 MHz, 24.19 W, 24, 0 %, 2 MiB, 1, 16
2026/04/26 12:21:57.048, 2, P8, 22 MHz, 405 MHz, 18.94 W, 24, 0 %, 2 MiB, 1, 16
2026/04/26 12:21:57.048, 3, P8, 22 MHz, 405 MHz, 16.47 W, 24, 0 %, 2 MiB, 1, 16
2026/04/26 12:21:57.048, 4, P8, 22 MHz, 405 MHz, 25.49 W, 22, 0 %, 2 MiB, 1, 16
2026/04/26 12:21:57.048, 5, P8, 22 MHz, 405 MHz, 7.57 W, 23, 0 %, 2 MiB, 1, 16
2026/04/26 12:21:57.048, 6, P8, 22 MHz, 405 MHz, 17.30 W, 24, 0 %, 2 MiB, 1, 16
2026/04/26 12:21:57.048, 7, P8, 22 MHz, 405 MHz, 14.86 W, 24, 0 %, 2 MiB, 1, 16
2026/04/26 12:21:58.048, 0, P8, 22 MHz, 405 MHz, 38.08 W, 24, 0 %, 2 MiB, 1, 16
2026/04/26 12:21:58.048, 1, P8, 22 MHz, 405 MHz, 24.47 W, 24, 0 %, 2 MiB, 1, 16
2026/04/26 12:21:58.048, 2, P8, 22 MHz, 405 MHz, 18.94 W, 24, 0 %, 2 MiB, 1, 16
2026/04/26 12:21:58.048, 3, P8, 22 MHz, 405 MHz, 16.20 W, 24, 0 %, 2 MiB, 1, 16
2026/04/26 12:21:58.049, 4, P8, 22 MHz, 405 MHz, 25.69 W, 23, 0 %, 2 MiB, 1, 16
2026/04/26 12:21:58.049, 5, P8, 22 MHz, 405 MHz, 7.60 W, 23, 0 %, 2 MiB, 1, 16
2026/04/26 12:21:58.049, 6, P8, 22 MHz, 405 MHz, 17.83 W, 24, 0 %, 2 MiB, 1, 16
2026/04/26 12:21:58.049, 7, P8, 22 MHz, 405 MHz, 14.99 W, 24, 0 %, 2 MiB, 1, 16
2026/04/26 12:21:59.049, 0, P8, 22 MHz, 405 MHz, 38.67 W, 24, 0 %, 2 MiB, 1, 16
2026/04/26 12:21:59.049, 1, P8, 22 MHz, 405 MHz, 24.28 W, 24, 0 %, 2 MiB, 1, 16
2026/04/26 12:21:59.050, 2, P8, 22 MHz, 405 MHz, 18.66 W, 24, 0 %, 2 MiB, 1, 16
2026/04/26 12:21:59.050, 3, P8, 22 MHz, 405 MHz, 16.38 W, 24, 0 %, 2 MiB, 1, 16
2026/04/26 12:21:59.050, 4, P8, 22 MHz, 405 MHz, 26.00 W, 22, 0 %, 2 MiB, 1, 16
2026/04/26 12:21:59.050, 5, P8, 22 MHz, 405 MHz, 7.61 W, 23, 0 %, 2 MiB, 1, 16
2026/04/26 12:21:59.050, 6, P8, 22 MHz, 405 MHz, 17.72 W, 24, 0 %, 2 MiB, 1, 16
2026/04/26 12:21:59.050, 7, P8, 22 MHz, 405 MHz, 14.96 W, 24, 0 %, 2 MiB, 1, 16
2026/04/26 12:22:00.050, 0, P8, 22 MHz, 405 MHz, 38.74 W, 24, 0 %, 2 MiB, 1, 16
2026/04/26 12:22:00.050, 1, P8, 22 MHz, 405 MHz, 24.32 W, 24, 0 %, 2 MiB, 1, 16
2026/04/26 12:22:00.050, 2, P8, 22 MHz, 405 MHz, 19.00 W, 24, 0 %, 2 MiB, 1, 16
2026/04/26 12:22:00.050, 3, P8, 22 MHz, 405 MHz, 16.71 W, 24, 0 %, 2 MiB, 1, 16
2026/04/26 12:22:00.050, 4, P8, 22 MHz, 405 MHz, 25.97 W, 22, 0 %, 2 MiB, 1, 16
2026/04/26 12:22:00.050, 5, P8, 22 MHz, 405 MHz, 7.36 W, 23, 0 %, 2 MiB, 1, 16
2026/04/26 12:22:00.050, 6, P8, 22 MHz, 405 MHz, 17.43 W, 24, 0 %, 2 MiB, 1, 16
2026/04/26 12:22:00.050, 7, P8, 22 MHz, 405 MHz, 14.93 W, 24, 0 %, 2 MiB, 1, 16
2026/04/26 12:22:01.051, 0, P8, 22 MHz, 405 MHz, 38.58 W, 24, 0 %, 2 MiB, 1, 16
2026/04/26 12:22:01.051, 1, P8, 22 MHz, 405 MHz, 24.19 W, 24, 0 %, 2 MiB, 1, 16
2026/04/26 12:22:01.051, 2, P8, 22 MHz, 405 MHz, 18.99 W, 24, 0 %, 2 MiB, 1, 16
2026/04/26 12:22:01.051, 3, P8, 22 MHz, 405 MHz, 16.64 W, 24, 0 %, 2 MiB, 1, 16
2026/04/26 12:22:01.051, 4, P8, 22 MHz, 405 MHz, 26.06 W, 22, 0 %, 2 MiB, 1, 16
2026/04/26 12:22:01.051, 5, P8, 22 MHz, 405 MHz, 7.42 W, 23, 0 %, 2 MiB, 1, 16
2026/04/26 12:22:01.051, 6, P8, 22 MHz, 405 MHz, 17.54 W, 24, 0 %, 2 MiB, 1, 16
2026/04/26 12:22:01.051, 7, P8, 22 MHz, 405 MHz, 15.07 W, 24, 0 %, 2 MiB, 1, 16
2026/04/26 12:22:02.051, 0, P8, 22 MHz, 405 MHz, 38.17 W, 24, 0 %, 2 MiB, 1, 16
2026/04/26 12:22:02.054, 1, P8, 22 MHz, 405 MHz, 23.88 W, 24, 0 %, 2 MiB, 1, 16
2026/04/26 12:22:02.061, 2, P8, 22 MHz, 405 MHz, 18.95 W, 24, 0 %, 2 MiB, 1, 16
2026/04/26 12:22:02.061, 3, P8, 21 MHz, 405 MHz, 16.58 W, 24, 0 %, 2 MiB, 1, 16
2026/04/26 12:22:02.061, 4, P8, 22 MHz, 405 MHz, 26.05 W, 22, 0 %, 2 MiB, 1, 16
2026/04/26 12:22:02.061, 5, P8, 22 MHz, 405 MHz, 7.17 W, 23, 0 %, 2 MiB, 1, 16
2026/04/26 12:22:02.061, 6, P8, 22 MHz, 405 MHz, 17.44 W, 24, 0 %, 2 MiB, 1, 16
2026/04/26 12:22:02.061, 7, P8, 22 MHz, 405 MHz, 15.04 W, 24, 0 %, 2 MiB, 1, 16
2026/04/26 12:22:03.061, 0, P8, 22 MHz, 405 MHz, 38.37 W, 24, 0 %, 2 MiB, 1, 16
2026/04/26 12:22:03.061, 1, P8, 22 MHz, 405 MHz, 23.99 W, 24, 0 %, 2 MiB, 1, 16
2026/04/26 12:22:03.061, 2, P8, 22 MHz, 405 MHz, 18.98 W, 24, 0 %, 2 MiB, 1, 16
2026/04/26 12:22:03.061, 3, P8, 22 MHz, 405 MHz, 16.51 W, 24, 0 %, 2 MiB, 1, 16
2026/04/26 12:22:03.061, 4, P8, 22 MHz, 405 MHz, 26.27 W, 22, 0 %, 2 MiB, 1, 16
2026/04/26 12:22:03.061, 5, P8, 22 MHz, 405 MHz, 7.21 W, 23, 0 %, 2 MiB, 1, 16
2026/04/26 12:22:03.062, 6, P8, 22 MHz, 405 MHz, 17.50 W, 24, 0 %, 2 MiB, 1, 16
2026/04/26 12:22:03.062, 7, P8, 22 MHz, 405 MHz, 15.07 W, 24, 0 %, 2 MiB, 1, 16
2026/04/26 12:22:04.062, 0, P8, 22 MHz, 405 MHz, 38.19 W, 24, 0 %, 2 MiB, 1, 16
2026/04/26 12:22:04.062, 1, P8, 22 MHz, 405 MHz, 24.16 W, 24, 0 %, 2 MiB, 1, 16
2026/04/26 12:22:04.062, 2, P8, 22 MHz, 405 MHz, 18.93 W, 24, 0 %, 2 MiB, 1, 16
2026/04/26 12:22:04.062, 3, P8, 22 MHz, 405 MHz, 16.34 W, 24, 0 %, 2 MiB, 1, 16
2026/04/26 12:22:04.062, 4, P8, 22 MHz, 405 MHz, 26.11 W, 22, 0 %, 2 MiB, 1, 16
2026/04/26 12:22:04.062, 5, P8, 22 MHz, 405 MHz, 7.30 W, 23, 0 %, 2 MiB, 1, 16
2026/04/26 12:22:04.062, 6, P8, 22 MHz, 405 MHz, 17.62 W, 24, 0 %, 2 MiB, 1, 16
2026/04/26 12:22:04.062, 7, P8, 22 MHz, 405 MHz, 15.13 W, 24, 0 %, 2 MiB, 1, 16
2026/04/26 12:22:05.062, 0, P8, 22 MHz, 405 MHz, 38.20 W, 24, 0 %, 2 MiB, 1, 16
2026/04/26 12:22:05.063, 1, P8, 22 MHz, 405 MHz, 24.27 W, 24, 0 %, 2 MiB, 1, 16
2026/04/26 12:22:05.063, 2, P8, 22 MHz, 405 MHz, 18.83 W, 24, 0 %, 2 MiB, 1, 16
2026/04/26 12:22:05.065, 3, P8, 22 MHz, 405 MHz, 16.26 W, 24, 0 %, 2 MiB, 1, 16
2026/04/26 12:22:05.072, 4, P8, 22 MHz, 405 MHz, 26.23 W, 22, 0 %, 2 MiB, 1, 16
2026/04/26 12:22:05.072, 5, P8, 22 MHz, 405 MHz, 7.30 W, 23, 0 %, 2 MiB, 1, 16
2026/04/26 12:22:05.072, 6, P8, 22 MHz, 405 MHz, 17.17 W, 24, 0 %, 2 MiB, 1, 16
2026/04/26 12:22:05.072, 7, P8, 22 MHz, 405 MHz, 14.85 W, 24, 0 %, 2 MiB, 1, 16
2026/04/26 12:22:06.072, 0, P8, 22 MHz, 405 MHz, 38.05 W, 24, 0 %, 2 MiB, 1, 16
2026/04/26 12:22:06.072, 1, P8, 22 MHz, 405 MHz, 24.11 W, 24, 0 %, 2 MiB, 1, 16
2026/04/26 12:22:06.072, 2, P8, 22 MHz, 405 MHz, 18.91 W, 24, 0 %, 2 MiB, 1, 16
2026/04/26 12:22:06.073, 3, P8, 22 MHz, 405 MHz, 16.52 W, 24, 0 %, 2 MiB, 1, 16
2026/04/26 12:22:06.073, 4, P8, 22 MHz, 405 MHz, 26.42 W, 23, 0 %, 2 MiB, 1, 16
2026/04/26 12:22:06.073, 5, P8, 22 MHz, 405 MHz, 7.21 W, 23, 0 %, 2 MiB, 1, 16
2026/04/26 12:22:06.073, 6, P8, 22 MHz, 405 MHz, 17.26 W, 24, 0 %, 2 MiB, 1, 16
2026/04/26 12:22:06.073, 7, P8, 22 MHz, 405 MHz, 14.64 W, 24, 0 %, 2 MiB, 1, 16
2026/04/26 12:22:07.073, 0, P8, 22 MHz, 405 MHz, 38.12 W, 24, 0 %, 2 MiB, 1, 16
2026/04/26 12:22:07.073, 1, P8, 22 MHz, 405 MHz, 24.34 W, 24, 0 %, 2 MiB, 1, 16
2026/04/26 12:22:07.073, 2, P8, 22 MHz, 405 MHz, 18.96 W, 24, 0 %, 2 MiB, 1, 16
2026/04/26 12:22:07.073, 3, P8, 22 MHz, 405 MHz, 16.51 W, 24, 0 %, 2 MiB, 1, 16
2026/04/26 12:22:07.073, 4, P8, 22 MHz, 405 MHz, 26.17 W, 22, 0 %, 2 MiB, 1, 16
2026/04/26 12:22:07.073, 5, P8, 22 MHz, 405 MHz, 7.42 W, 23, 0 %, 2 MiB, 1, 16
2026/04/26 12:22:07.073, 6, P8, 22 MHz, 405 MHz, 17.35 W, 24, 0 %, 2 MiB, 1, 16
2026/04/26 12:22:07.074, 7, P8, 22 MHz, 405 MHz, 14.84 W, 24, 0 %, 2 MiB, 1, 16
2026/04/26 12:22:08.074, 0, P8, 22 MHz, 405 MHz, 38.23 W, 24, 0 %, 2 MiB, 1, 16
2026/04/26 12:22:08.074, 1, P8, 22 MHz, 405 MHz, 24.39 W, 24, 0 %, 2 MiB, 1, 16
2026/04/26 12:22:08.074, 2, P8, 22 MHz, 405 MHz, 19.25 W, 24, 0 %, 2 MiB, 1, 16
2026/04/26 12:22:08.074, 3, P8, 22 MHz, 405 MHz, 16.49 W, 24, 0 %, 2 MiB, 1, 16
2026/04/26 12:22:08.074, 4, P8, 22 MHz, 405 MHz, 26.32 W, 22, 0 %, 2 MiB, 1, 16
2026/04/26 12:22:08.074, 5, P8, 22 MHz, 405 MHz, 7.48 W, 23, 0 %, 2 MiB, 1, 16
2026/04/26 12:22:08.074, 6, P8, 22 MHz, 405 MHz, 17.32 W, 24, 0 %, 2 MiB, 1, 16
2026/04/26 12:22:08.074, 7, P8, 22 MHz, 405 MHz, 14.56 W, 24, 0 %, 2 MiB, 1, 16
2026/04/26 12:22:09.074, 0, P8, 22 MHz, 405 MHz, 38.23 W, 24, 0 %, 2 MiB, 1, 16
2026/04/26 12:22:09.075, 1, P8, 22 MHz, 405 MHz, 24.60 W, 24, 0 %, 2 MiB, 1, 16
2026/04/26 12:22:09.075, 2, P8, 22 MHz, 405 MHz, 19.19 W, 24, 0 %, 2 MiB, 1, 16
2026/04/26 12:22:09.075, 3, P8, 22 MHz, 405 MHz, 16.38 W, 24, 0 %, 2 MiB, 1, 16
2026/04/26 12:22:09.075, 4, P8, 22 MHz, 405 MHz, 26.72 W, 22, 0 %, 2 MiB, 1, 16
2026/04/26 12:22:09.075, 5, P8, 22 MHz, 405 MHz, 7.08 W, 23, 0 %, 2 MiB, 1, 16
2026/04/26 12:22:09.075, 6, P8, 22 MHz, 405 MHz, 17.39 W, 24, 0 %, 2 MiB, 1, 16
2026/04/26 12:22:09.075, 7, P8, 22 MHz, 405 MHz, 14.52 W, 24, 0 %, 2 MiB, 1, 16
2026/04/26 12:22:10.075, 0, P8, 22 MHz, 405 MHz, 38.13 W, 24, 0 %, 2 MiB, 1, 16
2026/04/26 12:22:10.075, 1, P8, 22 MHz, 405 MHz, 24.38 W, 24, 0 %, 2 MiB, 1, 16
2026/04/26 12:22:10.075, 2, P8, 22 MHz, 405 MHz, 19.13 W, 24, 0 %, 2 MiB, 1, 16
2026/04/26 12:22:10.075, 3, P8, 22 MHz, 405 MHz, 16.02 W, 24, 0 %, 2 MiB, 1, 16
2026/04/26 12:22:10.075, 4, P8, 22 MHz, 405 MHz, 26.53 W, 22, 0 %, 2 MiB, 1, 16
2026/04/26 12:22:10.076, 5, P8, 22 MHz, 405 MHz, 7.24 W, 23, 0 %, 2 MiB, 1, 16
2026/04/26 12:22:10.076, 6, P8, 22 MHz, 405 MHz, 17.15 W, 24, 0 %, 2 MiB, 1, 16
2026/04/26 12:22:10.076, 7, P8, 22 MHz, 405 MHz, 14.97 W, 24, 0 %, 2 MiB, 1, 16
2026/04/26 12:22:11.076, 0, P8, 22 MHz, 405 MHz, 37.78 W, 24, 0 %, 2 MiB, 1, 16
2026/04/26 12:22:11.076, 1, P8, 22 MHz, 405 MHz, 24.48 W, 24, 0 %, 2 MiB, 1, 16
2026/04/26 12:22:11.076, 2, P8, 22 MHz, 405 MHz, 18.87 W, 24, 0 %, 2 MiB, 1, 16
2026/04/26 12:22:11.076, 3, P8, 22 MHz, 405 MHz, 16.02 W, 24, 0 %, 2 MiB, 1, 16
2026/04/26 12:22:11.076, 4, P8, 22 MHz, 405 MHz, 26.45 W, 22, 0 %, 2 MiB, 1, 16
2026/04/26 12:22:11.076, 5, P8, 22 MHz, 405 MHz, 7.15 W, 23, 0 %, 2 MiB, 1, 16
2026/04/26 12:22:11.076, 6, P8, 22 MHz, 405 MHz, 17.43 W, 24, 0 %, 2 MiB, 1, 16
2026/04/26 12:22:11.076, 7, P8, 22 MHz, 405 MHz, 15.07 W, 24, 0 %, 2 MiB, 1, 16
2026/04/26 12:22:12.076, 0, P8, 22 MHz, 405 MHz, 38.35 W, 24, 0 %, 2 MiB, 1, 16
2026/04/26 12:22:12.077, 1, P8, 22 MHz, 405 MHz, 24.34 W, 24, 0 %, 2 MiB, 1, 16
2026/04/26 12:22:12.077, 2, P8, 22 MHz, 405 MHz, 18.78 W, 24, 0 %, 2 MiB, 1, 16
2026/04/26 12:22:12.077, 3, P8, 22 MHz, 405 MHz, 15.97 W, 24, 0 %, 2 MiB, 1, 16
2026/04/26 12:22:12.077, 4, P8, 22 MHz, 405 MHz, 26.65 W, 22, 0 %, 2 MiB, 1, 16
2026/04/26 12:22:12.077, 5, P8, 22 MHz, 405 MHz, 7.35 W, 23, 0 %, 2 MiB, 1, 16
2026/04/26 12:22:12.077, 6, P8, 22 MHz, 405 MHz, 17.89 W, 24, 0 %, 2 MiB, 1, 16
2026/04/26 12:22:12.077, 7, P8, 22 MHz, 405 MHz, 14.91 W, 24, 0 %, 2 MiB, 1, 16
2026/04/26 12:22:13.077, 0, P8, 22 MHz, 405 MHz, 38.44 W, 24, 0 %, 2 MiB, 1, 16
2026/04/26 12:22:13.077, 1, P8, 22 MHz, 405 MHz, 24.20 W, 24, 0 %, 2 MiB, 1, 16
2026/04/26 12:22:13.077, 2, P8, 22 MHz, 405 MHz, 19.13 W, 24, 0 %, 2 MiB, 1, 16
2026/04/26 12:22:13.078, 3, P8, 22 MHz, 405 MHz, 15.93 W, 24, 0 %, 2 MiB, 1, 16
2026/04/26 12:22:13.078, 4, P8, 22 MHz, 405 MHz, 26.50 W, 22, 0 %, 2 MiB, 1, 16
2026/04/26 12:22:13.078, 5, P8, 22 MHz, 405 MHz, 8.07 W, 23, 0 %, 2 MiB, 1, 16
2026/04/26 12:22:13.078, 6, P8, 22 MHz, 405 MHz, 17.73 W, 24, 0 %, 2 MiB, 1, 16
2026/04/26 12:22:13.078, 7, P8, 22 MHz, 405 MHz, 14.78 W, 24, 0 %, 2 MiB, 1, 16
2026/04/26 12:22:14.078, 0, P8, 22 MHz, 405 MHz, 37.90 W, 24, 0 %, 2 MiB, 1, 16
2026/04/26 12:22:14.078, 1, P8, 22 MHz, 405 MHz, 24.40 W, 24, 0 %, 2 MiB, 1, 16
2026/04/26 12:22:14.078, 2, P8, 22 MHz, 405 MHz, 19.07 W, 24, 0 %, 2 MiB, 1, 16
2026/04/26 12:22:14.078, 3, P8, 22 MHz, 405 MHz, 16.19 W, 24, 0 %, 2 MiB, 1, 16
2026/04/26 12:22:14.078, 4, P8, 22 MHz, 405 MHz, 25.83 W, 23, 0 %, 2 MiB, 1, 16
2026/04/26 12:22:14.078, 5, P8, 22 MHz, 405 MHz, 8.16 W, 23, 0 %, 2 MiB, 1, 16
2026/04/26 12:22:14.079, 6, P8, 22 MHz, 405 MHz, 17.40 W, 24, 0 %, 2 MiB, 1, 16
2026/04/26 12:22:14.079, 7, P8, 22 MHz, 405 MHz, 14.72 W, 24, 0 %, 2 MiB, 1, 16
2026/04/26 12:22:15.079, 0, P8, 22 MHz, 405 MHz, 38.56 W, 24, 0 %, 2 MiB, 1, 16
2026/04/26 12:22:15.079, 1, P8, 22 MHz, 405 MHz, 24.88 W, 24, 0 %, 2 MiB, 1, 16
2026/04/26 12:22:15.079, 2, P8, 22 MHz, 405 MHz, 18.95 W, 24, 0 %, 2 MiB, 1, 16
2026/04/26 12:22:15.079, 3, P8, 22 MHz, 405 MHz, 16.02 W, 24, 0 %, 2 MiB, 1, 16
2026/04/26 12:22:15.079, 4, P8, 22 MHz, 405 MHz, 26.14 W, 22, 0 %, 2 MiB, 1, 16
2026/04/26 12:22:15.079, 5, P8, 22 MHz, 405 MHz, 8.21 W, 23, 0 %, 2 MiB, 1, 16
2026/04/26 12:22:15.079, 6, P8, 22 MHz, 405 MHz, 17.27 W, 24, 0 %, 2 MiB, 1, 16
2026/04/26 12:22:15.079, 7, P8, 22 MHz, 405 MHz, 14.87 W, 24, 0 %, 2 MiB, 1, 16
2026/04/26 12:22:16.079, 0, P8, 22 MHz, 405 MHz, 38.59 W, 24, 0 %, 2 MiB, 1, 16
2026/04/26 12:22:16.079, 1, P8, 22 MHz, 405 MHz, 24.72 W, 24, 0 %, 2 MiB, 1, 16
2026/04/26 12:22:16.080, 2, P8, 22 MHz, 405 MHz, 18.86 W, 24, 0 %, 2 MiB, 1, 16
2026/04/26 12:22:16.080, 3, P8, 22 MHz, 405 MHz, 16.15 W, 24, 0 %, 2 MiB, 1, 16
2026/04/26 12:22:16.080, 4, P8, 22 MHz, 405 MHz, 25.80 W, 22, 0 %, 2 MiB, 1, 16
2026/04/26 12:22:16.080, 5, P8, 22 MHz, 405 MHz, 8.00 W, 23, 0 %, 2 MiB, 1, 16
2026/04/26 12:22:16.080, 6, P8, 22 MHz, 405 MHz, 17.43 W, 24, 0 %, 2 MiB, 1, 16
2026/04/26 12:22:16.080, 7, P8, 21 MHz, 405 MHz, 15.17 W, 24, 0 %, 2 MiB, 1, 16
2026/04/26 12:22:17.080, 0, P8, 22 MHz, 405 MHz, 38.54 W, 24, 0 %, 2 MiB, 1, 16
2026/04/26 12:22:17.080, 1, P8, 22 MHz, 405 MHz, 24.60 W, 24, 0 %, 2 MiB, 1, 16
2026/04/26 12:22:17.080, 2, P8, 22 MHz, 405 MHz, 19.05 W, 24, 0 %, 2 MiB, 1, 16
2026/04/26 12:22:17.080, 3, P8, 22 MHz, 405 MHz, 16.44 W, 24, 0 %, 2 MiB, 1, 16
2026/04/26 12:22:17.080, 4, P8, 22 MHz, 405 MHz, 25.31 W, 23, 0 %, 2 MiB, 1, 16
2026/04/26 12:22:17.080, 5, P8, 22 MHz, 405 MHz, 8.28 W, 23, 0 %, 2 MiB, 1, 16
2026/04/26 12:22:17.081, 6, P8, 22 MHz, 405 MHz, 17.27 W, 24, 0 %, 2 MiB, 1, 16
2026/04/26 12:22:17.081, 7, P8, 22 MHz, 405 MHz, 15.10 W, 24, 0 %, 2 MiB, 1, 16
2026/04/26 12:22:18.081, 0, P8, 22 MHz, 405 MHz, 38.32 W, 24, 0 %, 2 MiB, 1, 16
2026/04/26 12:22:18.081, 1, P8, 22 MHz, 405 MHz, 24.67 W, 24, 0 %, 2 MiB, 1, 16
2026/04/26 12:22:18.081, 2, P8, 22 MHz, 405 MHz, 19.13 W, 24, 0 %, 2 MiB, 1, 16
2026/04/26 12:22:18.081, 3, P8, 22 MHz, 405 MHz, 16.31 W, 24, 0 %, 2 MiB, 1, 16
2026/04/26 12:22:18.081, 4, P8, 22 MHz, 405 MHz, 25.53 W, 22, 0 %, 2 MiB, 1, 16
2026/04/26 12:22:18.081, 5, P8, 22 MHz, 405 MHz, 8.16 W, 23, 0 %, 2 MiB, 1, 16
2026/04/26 12:22:18.081, 6, P8, 22 MHz, 405 MHz, 17.12 W, 24, 0 %, 2 MiB, 1, 16
2026/04/26 12:22:18.081, 7, P8, 22 MHz, 405 MHz, 14.94 W, 24, 0 %, 2 MiB, 1, 16
2026/04/26 12:22:19.082, 0, P8, 22 MHz, 405 MHz, 38.20 W, 24, 0 %, 2 MiB, 1, 16
2026/04/26 12:22:19.082, 1, P8, 22 MHz, 405 MHz, 24.43 W, 24, 0 %, 2 MiB, 1, 16
2026/04/26 12:22:19.082, 2, P8, 22 MHz, 405 MHz, 19.06 W, 24, 0 %, 2 MiB, 1, 16
2026/04/26 12:22:19.082, 3, P8, 22 MHz, 405 MHz, 16.61 W, 24, 0 %, 2 MiB, 1, 16
2026/04/26 12:22:19.082, 4, P8, 22 MHz, 405 MHz, 25.90 W, 23, 0 %, 2 MiB, 1, 16
2026/04/26 12:22:19.082, 5, P8, 22 MHz, 405 MHz, 7.89 W, 23, 0 %, 2 MiB, 1, 16
2026/04/26 12:22:19.082, 6, P8, 22 MHz, 405 MHz, 16.85 W, 24, 0 %, 2 MiB, 1, 16
2026/04/26 12:22:19.082, 7, P8, 22 MHz, 405 MHz, 14.56 W, 24, 0 %, 2 MiB, 1, 16
2026/04/26 12:22:20.082, 0, P8, 22 MHz, 405 MHz, 37.72 W, 24, 0 %, 2 MiB, 1, 16
2026/04/26 12:22:20.082, 1, P8, 22 MHz, 405 MHz, 24.45 W, 24, 0 %, 2 MiB, 1, 16
2026/04/26 12:22:20.083, 2, P8, 22 MHz, 405 MHz, 19.13 W, 24, 0 %, 2 MiB, 1, 16
2026/04/26 12:22:20.083, 3, P8, 22 MHz, 405 MHz, 16.47 W, 24, 0 %, 2 MiB, 1, 16
2026/04/26 12:22:20.083, 4, P8, 22 MHz, 405 MHz, 25.95 W, 22, 0 %, 2 MiB, 1, 16
2026/04/26 12:22:20.083, 5, P8, 22 MHz, 405 MHz, 8.06 W, 23, 0 %, 2 MiB, 1, 16
2026/04/26 12:22:20.083, 6, P8, 22 MHz, 405 MHz, 16.64 W, 24, 0 %, 2 MiB, 1, 16
2026/04/26 12:22:20.083, 7, P8, 22 MHz, 405 MHz, 14.80 W, 24, 0 %, 2 MiB, 1, 16
2026/04/26 12:22:21.083, 0, P8, 22 MHz, 405 MHz, 37.89 W, 24, 0 %, 2 MiB, 1, 16
2026/04/26 12:22:21.083, 1, P8, 22 MHz, 405 MHz, 24.31 W, 24, 0 %, 2 MiB, 1, 16
2026/04/26 12:22:21.083, 2, P8, 22 MHz, 405 MHz, 19.03 W, 24, 0 %, 2 MiB, 1, 16
2026/04/26 12:22:21.083, 3, P8, 22 MHz, 405 MHz, 16.03 W, 24, 0 %, 2 MiB, 1, 16
2026/04/26 12:22:21.083, 4, P8, 22 MHz, 405 MHz, 25.75 W, 22, 0 %, 2 MiB, 1, 16
2026/04/26 12:22:21.083, 5, P8, 22 MHz, 405 MHz, 8.29 W, 23, 0 %, 2 MiB, 1, 16
2026/04/26 12:22:21.084, 6, P8, 22 MHz, 405 MHz, 16.93 W, 24, 0 %, 2 MiB, 1, 16
2026/04/26 12:22:21.084, 7, P8, 22 MHz, 405 MHz, 14.93 W, 24, 0 %, 2 MiB, 1, 16
2026/04/26 12:22:22.084, 0, P8, 22 MHz, 405 MHz, 38.14 W, 24, 0 %, 2 MiB, 1, 16
2026/04/26 12:22:22.084, 1, P8, 22 MHz, 405 MHz, 24.26 W, 24, 0 %, 2 MiB, 1, 16
2026/04/26 12:22:22.084, 2, P8, 22 MHz, 405 MHz, 18.86 W, 24, 0 %, 2 MiB, 1, 16
2026/04/26 12:22:22.084, 3, P8, 22 MHz, 405 MHz, 15.72 W, 24, 0 %, 2 MiB, 1, 16
2026/04/26 12:22:22.084, 4, P8, 22 MHz, 405 MHz, 26.09 W, 23, 0 %, 2 MiB, 1, 16
2026/04/26 12:22:22.084, 5, P8, 21 MHz, 405 MHz, 8.04 W, 23, 0 %, 2 MiB, 1, 16
2026/04/26 12:22:22.084, 6, P8, 22 MHz, 405 MHz, 17.23 W, 24, 0 %, 2 MiB, 1, 16
2026/04/26 12:22:22.084, 7, P8, 22 MHz, 405 MHz, 14.93 W, 24, 0 %, 2 MiB, 1, 16
2026/04/26 12:22:23.084, 0, P8, 22 MHz, 405 MHz, 38.13 W, 24, 0 %, 2 MiB, 1, 16
2026/04/26 12:22:23.085, 1, P8, 22 MHz, 405 MHz, 24.12 W, 24, 0 %, 2 MiB, 1, 16
2026/04/26 12:22:23.085, 2, P8, 22 MHz, 405 MHz, 19.38 W, 24, 0 %, 2 MiB, 1, 16
2026/04/26 12:22:23.085, 3, P8, 22 MHz, 405 MHz, 15.73 W, 24, 0 %, 2 MiB, 1, 16
2026/04/26 12:22:23.085, 4, P8, 22 MHz, 405 MHz, 25.91 W, 22, 0 %, 2 MiB, 1, 16
2026/04/26 12:22:23.085, 5, P8, 22 MHz, 405 MHz, 7.97 W, 23, 0 %, 2 MiB, 1, 16
2026/04/26 12:22:23.085, 6, P8, 22 MHz, 405 MHz, 17.09 W, 24, 0 %, 2 MiB, 1, 16
2026/04/26 12:22:23.085, 7, P8, 22 MHz, 405 MHz, 14.89 W, 24, 0 %, 2 MiB, 1, 16
2026/04/26 12:22:24.085, 0, P8, 22 MHz, 405 MHz, 37.75 W, 24, 0 %, 2 MiB, 1, 16
2026/04/26 12:22:24.085, 1, P8, 22 MHz, 405 MHz, 24.39 W, 24, 0 %, 2 MiB, 1, 16
2026/04/26 12:22:24.085, 2, P8, 22 MHz, 405 MHz, 19.23 W, 24, 0 %, 2 MiB, 1, 16
2026/04/26 12:22:24.085, 3, P8, 22 MHz, 405 MHz, 15.86 W, 24, 0 %, 2 MiB, 1, 16
2026/04/26 12:22:24.085, 4, P8, 22 MHz, 405 MHz, 25.53 W, 23, 0 %, 2 MiB, 1, 16
2026/04/26 12:22:24.085, 5, P8, 22 MHz, 405 MHz, 8.09 W, 23, 0 %, 2 MiB, 1, 16
2026/04/26 12:22:24.085, 6, P8, 22 MHz, 405 MHz, 17.20 W, 24, 0 %, 2 MiB, 1, 16
2026/04/26 12:22:24.086, 7, P8, 22 MHz, 405 MHz, 14.78 W, 24, 0 %, 2 MiB, 1, 16
2026/04/26 12:22:25.086, 0, P8, 22 MHz, 405 MHz, 37.84 W, 24, 0 %, 2 MiB, 1, 16
2026/04/26 12:22:25.086, 1, P8, 22 MHz, 405 MHz, 24.39 W, 24, 0 %, 2 MiB, 1, 16
2026/04/26 12:22:25.086, 2, P8, 22 MHz, 405 MHz, 18.96 W, 24, 0 %, 2 MiB, 1, 16
2026/04/26 12:22:25.086, 3, P8, 22 MHz, 405 MHz, 16.43 W, 24, 0 %, 2 MiB, 1, 16
2026/04/26 12:22:25.086, 4, P8, 22 MHz, 405 MHz, 25.64 W, 23, 0 %, 2 MiB, 1, 16
2026/04/26 12:22:25.086, 5, P8, 22 MHz, 405 MHz, 8.11 W, 23, 0 %, 2 MiB, 1, 16
2026/04/26 12:22:25.086, 6, P8, 22 MHz, 405 MHz, 17.58 W, 24, 0 %, 2 MiB, 1, 16
2026/04/26 12:22:25.086, 7, P8, 22 MHz, 405 MHz, 14.85 W, 24, 0 %, 2 MiB, 1, 16
2026/04/26 12:22:26.086, 0, P8, 22 MHz, 405 MHz, 38.03 W, 24, 0 %, 2 MiB, 1, 16
2026/04/26 12:22:26.086, 1, P8, 21 MHz, 405 MHz, 24.36 W, 24, 0 %, 2 MiB, 1, 16
2026/04/26 12:22:26.086, 2, P8, 22 MHz, 405 MHz, 18.80 W, 24, 0 %, 2 MiB, 1, 16
2026/04/26 12:22:26.086, 3, P8, 22 MHz, 405 MHz, 16.31 W, 24, 0 %, 2 MiB, 1, 16
2026/04/26 12:22:26.087, 4, P8, 22 MHz, 405 MHz, 25.58 W, 22, 0 %, 2 MiB, 1, 16
2026/04/26 12:22:26.087, 5, P8, 22 MHz, 405 MHz, 8.25 W, 23, 0 %, 2 MiB, 1, 16
2026/04/26 12:22:26.087, 6, P8, 22 MHz, 405 MHz, 17.56 W, 24, 0 %, 2 MiB, 1, 16
2026/04/26 12:22:26.087, 7, P8, 22 MHz, 405 MHz, 14.84 W, 24, 0 %, 2 MiB, 1, 16
2026/04/26 12:22:27.087, 0, P8, 22 MHz, 405 MHz, 37.86 W, 24, 0 %, 2 MiB, 1, 16
2026/04/26 12:22:27.087, 1, P8, 22 MHz, 405 MHz, 24.37 W, 24, 0 %, 2 MiB, 1, 16
2026/04/26 12:22:27.087, 2, P8, 22 MHz, 405 MHz, 19.00 W, 24, 0 %, 2 MiB, 1, 16
2026/04/26 12:22:27.087, 3, P8, 22 MHz, 405 MHz, 16.25 W, 24, 0 %, 2 MiB, 1, 16
2026/04/26 12:22:27.087, 4, P8, 22 MHz, 405 MHz, 25.03 W, 23, 0 %, 2 MiB, 1, 16
2026/04/26 12:22:27.087, 5, P8, 22 MHz, 405 MHz, 8.06 W, 23, 0 %, 2 MiB, 1, 16
2026/04/26 12:22:27.087, 6, P8, 22 MHz, 405 MHz, 17.50 W, 24, 0 %, 2 MiB, 1, 16
2026/04/26 12:22:27.087, 7, P8, 22 MHz, 405 MHz, 14.67 W, 24, 0 %, 2 MiB, 1, 16
2026/04/26 12:22:28.088, 0, P8, 22 MHz, 405 MHz, 38.28 W, 24, 0 %, 2 MiB, 1, 16
2026/04/26 12:22:28.088, 1, P8, 22 MHz, 405 MHz, 24.30 W, 24, 0 %, 2 MiB, 1, 16
2026/04/26 12:22:28.088, 2, P8, 22 MHz, 405 MHz, 19.23 W, 24, 0 %, 2 MiB, 1, 16
2026/04/26 12:22:28.088, 3, P8, 22 MHz, 405 MHz, 16.16 W, 24, 0 %, 2 MiB, 1, 16
2026/04/26 12:22:28.088, 4, P8, 22 MHz, 405 MHz, 25.36 W, 23, 0 %, 2 MiB, 1, 16
2026/04/26 12:22:28.088, 5, P8, 22 MHz, 405 MHz, 8.16 W, 23, 0 %, 2 MiB, 1, 16
2026/04/26 12:22:28.088, 6, P8, 22 MHz, 405 MHz, 17.20 W, 24, 0 %, 2 MiB, 1, 16
2026/04/26 12:22:28.088, 7, P8, 22 MHz, 405 MHz, 14.69 W, 24, 0 %, 2 MiB, 1, 16
2026/04/26 12:22:29.088, 0, P8, 22 MHz, 405 MHz, 38.36 W, 24, 0 %, 2 MiB, 1, 16
2026/04/26 12:22:29.088, 1, P8, 22 MHz, 405 MHz, 24.35 W, 24, 0 %, 2 MiB, 1, 16
2026/04/26 12:22:29.089, 2, P8, 22 MHz, 405 MHz, 19.11 W, 24, 0 %, 2 MiB, 1, 16
2026/04/26 12:22:29.089, 3, P8, 22 MHz, 405 MHz, 16.08 W, 24, 0 %, 2 MiB, 1, 16
2026/04/26 12:22:29.089, 4, P8, 22 MHz, 405 MHz, 25.60 W, 22, 0 %, 2 MiB, 1, 16
2026/04/26 12:22:29.089, 5, P8, 22 MHz, 405 MHz, 7.93 W, 23, 0 %, 2 MiB, 1, 16
2026/04/26 12:22:29.089, 6, P8, 22 MHz, 405 MHz, 16.84 W, 24, 0 %, 2 MiB, 1, 16
2026/04/26 12:22:29.089, 7, P8, 22 MHz, 405 MHz, 14.57 W, 24, 0 %, 2 MiB, 1, 16
2026/04/26 12:22:30.089, 0, P8, 22 MHz, 405 MHz, 38.14 W, 24, 0 %, 2 MiB, 1, 16
2026/04/26 12:22:30.089, 1, P8, 22 MHz, 405 MHz, 24.52 W, 24, 0 %, 2 MiB, 1, 16
2026/04/26 12:22:30.089, 2, P8, 22 MHz, 405 MHz, 18.96 W, 24, 0 %, 2 MiB, 1, 16
2026/04/26 12:22:30.089, 3, P8, 22 MHz, 405 MHz, 16.23 W, 24, 0 %, 2 MiB, 1, 16
2026/04/26 12:22:30.089, 4, P8, 22 MHz, 405 MHz, 26.12 W, 23, 0 %, 2 MiB, 1, 16
2026/04/26 12:22:30.089, 5, P8, 22 MHz, 405 MHz, 7.88 W, 23, 0 %, 2 MiB, 1, 16
2026/04/26 12:22:30.090, 6, P8, 22 MHz, 405 MHz, 16.97 W, 24, 0 %, 2 MiB, 1, 16
2026/04/26 12:22:30.090, 7, P8, 21 MHz, 405 MHz, 14.78 W, 24, 0 %, 2 MiB, 1, 16
2026/04/26 12:22:31.090, 0, P8, 22 MHz, 405 MHz, 37.96 W, 24, 0 %, 2 MiB, 1, 16
2026/04/26 12:22:31.090, 1, P8, 22 MHz, 405 MHz, 24.73 W, 24, 0 %, 2 MiB, 1, 16
2026/04/26 12:22:31.093, 2, P8, 22 MHz, 405 MHz, 18.91 W, 24, 0 %, 2 MiB, 1, 16
2026/04/26 12:22:31.094, 3, P8, 22 MHz, 405 MHz, 16.10 W, 24, 0 %, 2 MiB, 1, 16
2026/04/26 12:22:31.094, 4, P8, 22 MHz, 405 MHz, 26.13 W, 23, 0 %, 2 MiB, 1, 16
2026/04/26 12:22:31.094, 5, P8, 22 MHz, 405 MHz, 7.41 W, 23, 0 %, 2 MiB, 1, 16
2026/04/26 12:22:31.094, 6, P8, 22 MHz, 405 MHz, 17.40 W, 24, 0 %, 2 MiB, 1, 16
2026/04/26 12:22:31.094, 7, P8, 22 MHz, 405 MHz, 14.78 W, 24, 0 %, 2 MiB, 1, 16
2026/04/26 12:22:32.094, 0, P8, 21 MHz, 405 MHz, 38.19 W, 24, 0 %, 2 MiB, 1, 16
2026/04/26 12:22:32.094, 1, P8, 22 MHz, 405 MHz, 24.62 W, 24, 0 %, 2 MiB, 1, 16
2026/04/26 12:22:32.094, 2, P8, 22 MHz, 405 MHz, 19.16 W, 24, 0 %, 2 MiB, 1, 16
2026/04/26 12:22:32.094, 3, P8, 22 MHz, 405 MHz, 16.55 W, 24, 0 %, 2 MiB, 1, 16
2026/04/26 12:22:32.094, 4, P8, 22 MHz, 405 MHz, 25.83 W, 23, 0 %, 2 MiB, 1, 16
2026/04/26 12:22:32.094, 5, P8, 22 MHz, 405 MHz, 7.55 W, 23, 0 %, 2 MiB, 1, 16
2026/04/26 12:22:32.094, 6, P8, 21 MHz, 405 MHz, 17.42 W, 24, 0 %, 2 MiB, 1, 16
2026/04/26 12:22:32.094, 7, P8, 22 MHz, 405 MHz, 14.81 W, 24, 0 %, 2 MiB, 1, 16
2026/04/26 12:22:33.095, 0, P8, 22 MHz, 405 MHz, 37.87 W, 24, 0 %, 2 MiB, 1, 16
2026/04/26 12:22:33.095, 1, P8, 21 MHz, 405 MHz, 24.35 W, 24, 0 %, 2 MiB, 1, 16
2026/04/26 12:22:33.095, 2, P8, 22 MHz, 405 MHz, 19.23 W, 24, 0 %, 2 MiB, 1, 16
2026/04/26 12:22:33.095, 3, P8, 22 MHz, 405 MHz, 16.52 W, 24, 0 %, 2 MiB, 1, 16
2026/04/26 12:22:33.095, 4, P8, 22 MHz, 405 MHz, 25.56 W, 23, 0 %, 2 MiB, 1, 16
2026/04/26 12:22:33.095, 5, P8, 22 MHz, 405 MHz, 7.83 W, 23, 0 %, 2 MiB, 1, 16
2026/04/26 12:22:33.095, 6, P8, 22 MHz, 405 MHz, 17.24 W, 24, 0 %, 2 MiB, 1, 16
2026/04/26 12:22:33.095, 7, P8, 22 MHz, 405 MHz, 15.14 W, 24, 0 %, 2 MiB, 1, 16
2026/04/26 12:22:34.095, 0, P8, 22 MHz, 405 MHz, 38.11 W, 24, 0 %, 2 MiB, 1, 16
2026/04/26 12:22:34.095, 1, P8, 22 MHz, 405 MHz, 24.23 W, 24, 0 %, 2 MiB, 1, 16
2026/04/26 12:22:34.095, 2, P8, 22 MHz, 405 MHz, 19.31 W, 24, 0 %, 2 MiB, 1, 16
2026/04/26 12:22:34.096, 3, P8, 22 MHz, 405 MHz, 16.44 W, 24, 0 %, 2 MiB, 1, 16
2026/04/26 12:22:34.103, 4, P8, 22 MHz, 405 MHz, 26.34 W, 22, 0 %, 2 MiB, 1, 16
2026/04/26 12:22:34.103, 5, P8, 22 MHz, 405 MHz, 7.74 W, 23, 0 %, 2 MiB, 1, 16
2026/04/26 12:22:34.103, 6, P8, 22 MHz, 405 MHz, 17.26 W, 24, 0 %, 2 MiB, 1, 16
2026/04/26 12:22:34.103, 7, P8, 22 MHz, 405 MHz, 15.11 W, 24, 0 %, 2 MiB, 1, 16
2026/04/26 12:22:35.103, 0, P8, 22 MHz, 405 MHz, 38.42 W, 24, 0 %, 2 MiB, 1, 16
2026/04/26 12:22:35.103, 1, P8, 22 MHz, 405 MHz, 24.20 W, 24, 0 %, 2 MiB, 1, 16
2026/04/26 12:22:35.103, 2, P8, 22 MHz, 405 MHz, 19.25 W, 24, 0 %, 2 MiB, 1, 16
2026/04/26 12:22:35.104, 3, P8, 22 MHz, 405 MHz, 16.44 W, 24, 0 %, 2 MiB, 1, 16
2026/04/26 12:22:35.104, 4, P8, 22 MHz, 405 MHz, 25.92 W, 23, 0 %, 2 MiB, 1, 16
2026/04/26 12:22:35.104, 5, P8, 22 MHz, 405 MHz, 7.72 W, 23, 0 %, 2 MiB, 1, 16
2026/04/26 12:22:35.104, 6, P8, 22 MHz, 405 MHz, 17.85 W, 24, 0 %, 2 MiB, 1, 16
2026/04/26 12:22:35.104, 7, P8, 22 MHz, 405 MHz, 14.82 W, 24, 0 %, 2 MiB, 1, 16
2026/04/26 12:22:36.104, 0, P8, 22 MHz, 405 MHz, 38.40 W, 24, 0 %, 2 MiB, 1, 16
2026/04/26 12:22:36.104, 1, P8, 22 MHz, 405 MHz, 24.38 W, 24, 0 %, 2 MiB, 1, 16
2026/04/26 12:22:36.104, 2, P8, 22 MHz, 405 MHz, 19.38 W, 24, 0 %, 2 MiB, 1, 16
2026/04/26 12:22:36.104, 3, P8, 22 MHz, 405 MHz, 16.31 W, 24, 0 %, 2 MiB, 1, 16
2026/04/26 12:22:36.104, 4, P8, 22 MHz, 405 MHz, 25.73 W, 23, 0 %, 2 MiB, 1, 16
2026/04/26 12:22:36.104, 5, P8, 21 MHz, 405 MHz, 7.76 W, 23, 0 %, 2 MiB, 1, 16
2026/04/26 12:22:36.104, 6, P8, 22 MHz, 405 MHz, 18.05 W, 24, 0 %, 2 MiB, 1, 16
2026/04/26 12:22:36.104, 7, P8, 22 MHz, 405 MHz, 14.93 W, 24, 0 %, 2 MiB, 1, 16
2026/04/26 12:22:37.105, 0, P8, 22 MHz, 405 MHz, 38.58 W, 24, 0 %, 2 MiB, 1, 16
2026/04/26 12:22:37.105, 1, P8, 22 MHz, 405 MHz, 24.38 W, 24, 0 %, 2 MiB, 1, 16
2026/04/26 12:22:37.105, 2, P8, 22 MHz, 405 MHz, 18.92 W, 24, 0 %, 2 MiB, 1, 16
2026/04/26 12:22:37.105, 3, P8, 22 MHz, 405 MHz, 16.65 W, 24, 0 %, 2 MiB, 1, 16
2026/04/26 12:22:37.105, 4, P8, 21 MHz, 405 MHz, 25.86 W, 22, 0 %, 2 MiB, 1, 16
2026/04/26 12:22:37.105, 5, P8, 22 MHz, 405 MHz, 7.80 W, 23, 0 %, 2 MiB, 1, 16
2026/04/26 12:22:37.105, 6, P8, 22 MHz, 405 MHz, 17.95 W, 24, 0 %, 2 MiB, 1, 16
2026/04/26 12:22:37.105, 7, P8, 22 MHz, 405 MHz, 14.96 W, 24, 0 %, 2 MiB, 1, 16
2026/04/26 12:22:38.105, 0, P8, 22 MHz, 405 MHz, 38.73 W, 24, 0 %, 2 MiB, 1, 16
2026/04/26 12:22:38.106, 1, P8, 22 MHz, 405 MHz, 24.52 W, 24, 0 %, 2 MiB, 1, 16
2026/04/26 12:22:38.106, 2, P8, 22 MHz, 405 MHz, 19.01 W, 24, 0 %, 2 MiB, 1, 16
2026/04/26 12:22:38.106, 3, P8, 22 MHz, 405 MHz, 16.41 W, 24, 0 %, 2 MiB, 1, 16
2026/04/26 12:22:38.106, 4, P8, 22 MHz, 405 MHz, 25.95 W, 23, 0 %, 2 MiB, 1, 16
2026/04/26 12:22:38.106, 5, P8, 22 MHz, 405 MHz, 7.45 W, 23, 0 %, 2 MiB, 1, 16
2026/04/26 12:22:38.106, 6, P8, 22 MHz, 405 MHz, 17.78 W, 24, 0 %, 2 MiB, 1, 16
2026/04/26 12:22:38.106, 7, P8, 22 MHz, 405 MHz, 14.75 W, 24, 0 %, 2 MiB, 1, 16
2026/04/26 12:22:39.106, 0, P8, 22 MHz, 405 MHz, 38.78 W, 24, 0 %, 2 MiB, 1, 16
2026/04/26 12:22:39.106, 1, P8, 22 MHz, 405 MHz, 24.52 W, 24, 0 %, 2 MiB, 1, 16
2026/04/26 12:22:39.106, 2, P8, 22 MHz, 405 MHz, 19.00 W, 24, 0 %, 2 MiB, 1, 16
2026/04/26 12:22:39.106, 3, P8, 22 MHz, 405 MHz, 16.51 W, 24, 0 %, 2 MiB, 1, 16
2026/04/26 12:22:39.106, 4, P8, 22 MHz, 405 MHz, 25.08 W, 23, 0 %, 2 MiB, 1, 16
2026/04/26 12:22:39.106, 5, P8, 22 MHz, 405 MHz, 7.54 W, 23, 0 %, 2 MiB, 1, 16
2026/04/26 12:22:39.106, 6, P8, 22 MHz, 405 MHz, 17.49 W, 24, 0 %, 2 MiB, 1, 16
2026/04/26 12:22:39.106, 7, P8, 22 MHz, 405 MHz, 14.81 W, 24, 0 %, 2 MiB, 1, 16
2026/04/26 12:22:40.107, 0, P8, 22 MHz, 405 MHz, 38.20 W, 24, 0 %, 2 MiB, 1, 16
2026/04/26 12:22:40.107, 1, P8, 21 MHz, 405 MHz, 24.43 W, 24, 0 %, 2 MiB, 1, 16
2026/04/26 12:22:40.107, 2, P8, 22 MHz, 405 MHz, 19.07 W, 24, 0 %, 2 MiB, 1, 16
2026/04/26 12:22:40.107, 3, P8, 22 MHz, 405 MHz, 16.05 W, 24, 0 %, 2 MiB, 1, 16
2026/04/26 12:22:40.107, 4, P8, 22 MHz, 405 MHz, 26.18 W, 23, 0 %, 2 MiB, 1, 16
2026/04/26 12:22:40.107, 5, P8, 22 MHz, 405 MHz, 7.30 W, 23, 0 %, 2 MiB, 1, 16
2026/04/26 12:22:40.107, 6, P8, 22 MHz, 405 MHz, 17.42 W, 24, 0 %, 2 MiB, 1, 16
2026/04/26 12:22:40.107, 7, P8, 22 MHz, 405 MHz, 14.82 W, 24, 0 %, 2 MiB, 1, 16
2026/04/26 12:22:41.107, 0, P8, 22 MHz, 405 MHz, 38.68 W, 24, 0 %, 2 MiB, 1, 16
2026/04/26 12:22:41.107, 1, P8, 22 MHz, 405 MHz, 24.48 W, 24, 0 %, 2 MiB, 1, 16
2026/04/26 12:22:41.107, 2, P8, 22 MHz, 405 MHz, 18.82 W, 24, 0 %, 2 MiB, 1, 16
2026/04/26 12:22:41.107, 3, P8, 22 MHz, 405 MHz, 16.24 W, 24, 0 %, 2 MiB, 1, 16
2026/04/26 12:22:41.108, 4, P8, 22 MHz, 405 MHz, 26.11 W, 23, 0 %, 2 MiB, 1, 16
2026/04/26 12:22:41.108, 5, P8, 22 MHz, 405 MHz, 7.31 W, 23, 0 %, 2 MiB, 1, 16
2026/04/26 12:22:41.108, 6, P8, 22 MHz, 405 MHz, 17.27 W, 24, 0 %, 2 MiB, 1, 16
2026/04/26 12:22:41.108, 7, P8, 22 MHz, 405 MHz, 15.01 W, 24, 0 %, 2 MiB, 1, 16
2026/04/26 12:22:42.108, 0, P8, 22 MHz, 405 MHz, 38.65 W, 24, 0 %, 2 MiB, 1, 16
2026/04/26 12:22:42.108, 1, P8, 22 MHz, 405 MHz, 24.51 W, 24, 0 %, 2 MiB, 1, 16
2026/04/26 12:22:42.108, 2, P8, 22 MHz, 405 MHz, 18.86 W, 24, 0 %, 2 MiB, 1, 16
2026/04/26 12:22:42.108, 3, P8, 22 MHz, 405 MHz, 16.38 W, 24, 0 %, 2 MiB, 1, 16
2026/04/26 12:22:42.108, 4, P8, 22 MHz, 405 MHz, 24.95 W, 23, 0 %, 2 MiB, 1, 16
2026/04/26 12:22:42.108, 5, P8, 22 MHz, 405 MHz, 7.44 W, 23, 0 %, 2 MiB, 1, 16
2026/04/26 12:22:42.108, 6, P8, 22 MHz, 405 MHz, 16.83 W, 24, 0 %, 2 MiB, 1, 16
2026/04/26 12:22:42.108, 7, P8, 22 MHz, 405 MHz, 14.80 W, 24, 0 %, 2 MiB, 1, 16
2026/04/26 12:22:43.109, 0, P8, 22 MHz, 405 MHz, 38.48 W, 24, 0 %, 2 MiB, 1, 16
2026/04/26 12:22:43.109, 1, P8, 22 MHz, 405 MHz, 24.52 W, 24, 0 %, 2 MiB, 1, 16
2026/04/26 12:22:43.109, 2, P8, 22 MHz, 405 MHz, 18.94 W, 24, 0 %, 2 MiB, 1, 16
2026/04/26 12:22:43.109, 3, P8, 22 MHz, 405 MHz, 16.23 W, 24, 0 %, 2 MiB, 1, 16
2026/04/26 12:22:43.109, 4, P8, 22 MHz, 405 MHz, 25.47 W, 23, 0 %, 2 MiB, 1, 16
2026/04/26 12:22:43.109, 5, P8, 22 MHz, 405 MHz, 7.39 W, 23, 0 %, 2 MiB, 1, 16
2026/04/26 12:22:43.109, 6, P8, 22 MHz, 405 MHz, 17.07 W, 24, 0 %, 2 MiB, 1, 16
2026/04/26 12:22:43.109, 7, P8, 22 MHz, 405 MHz, 14.58 W, 24, 0 %, 2 MiB, 1, 16
2026/04/26 12:22:44.109, 0, P8, 22 MHz, 405 MHz, 38.54 W, 24, 0 %, 2 MiB, 1, 16
2026/04/26 12:22:44.109, 1, P8, 22 MHz, 405 MHz, 24.59 W, 24, 0 %, 2 MiB, 1, 16
2026/04/26 12:22:44.109, 2, P8, 22 MHz, 405 MHz, 18.90 W, 24, 0 %, 2 MiB, 1, 16
2026/04/26 12:22:44.109, 3, P8, 22 MHz, 405 MHz, 16.76 W, 24, 0 %, 2 MiB, 1, 16
2026/04/26 12:22:44.109, 4, P8, 22 MHz, 405 MHz, 26.05 W, 23, 0 %, 2 MiB, 1, 16
2026/04/26 12:22:44.110, 5, P8, 22 MHz, 405 MHz, 7.28 W, 23, 0 %, 2 MiB, 1, 16
2026/04/26 12:22:44.110, 6, P8, 22 MHz, 405 MHz, 17.32 W, 24, 0 %, 2 MiB, 1, 16
2026/04/26 12:22:44.110, 7, P8, 22 MHz, 405 MHz, 14.65 W, 24, 0 %, 2 MiB, 1, 16
2026/04/26 12:22:45.110, 0, P8, 22 MHz, 405 MHz, 38.81 W, 24, 0 %, 2 MiB, 1, 16
2026/04/26 12:22:45.110, 1, P8, 22 MHz, 405 MHz, 24.45 W, 24, 0 %, 2 MiB, 1, 16
2026/04/26 12:22:45.110, 2, P8, 22 MHz, 405 MHz, 19.00 W, 24, 0 %, 2 MiB, 1, 16
2026/04/26 12:22:45.110, 3, P8, 22 MHz, 405 MHz, 16.76 W, 24, 0 %, 2 MiB, 1, 16
2026/04/26 12:22:45.110, 4, P8, 22 MHz, 405 MHz, 26.10 W, 23, 0 %, 2 MiB, 1, 16
2026/04/26 12:22:45.110, 5, P8, 22 MHz, 405 MHz, 7.09 W, 23, 0 %, 2 MiB, 1, 16
2026/04/26 12:22:45.110, 6, P8, 22 MHz, 405 MHz, 16.93 W, 24, 0 %, 2 MiB, 1, 16
2026/04/26 12:22:45.110, 7, P8, 22 MHz, 405 MHz, 14.41 W, 24, 0 %, 2 MiB, 1, 16
2026/04/26 12:22:46.110, 0, P8, 22 MHz, 405 MHz, 38.83 W, 24, 0 %, 2 MiB, 1, 16
2026/04/26 12:22:46.111, 1, P8, 22 MHz, 405 MHz, 24.49 W, 24, 0 %, 2 MiB, 1, 16
2026/04/26 12:22:46.111, 2, P8, 22 MHz, 405 MHz, 19.20 W, 24, 0 %, 2 MiB, 1, 16
2026/04/26 12:22:46.111, 3, P8, 22 MHz, 405 MHz, 16.46 W, 24, 0 %, 2 MiB, 1, 16
2026/04/26 12:22:46.111, 4, P8, 22 MHz, 405 MHz, 25.79 W, 23, 0 %, 2 MiB, 1, 16
2026/04/26 12:22:46.111, 5, P8, 22 MHz, 405 MHz, 7.05 W, 23, 0 %, 2 MiB, 1, 16
2026/04/26 12:22:46.111, 6, P8, 21 MHz, 405 MHz, 17.29 W, 24, 0 %, 2 MiB, 1, 16
2026/04/26 12:22:46.111, 7, P8, 22 MHz, 405 MHz, 14.56 W, 24, 0 %, 2 MiB, 1, 16
2026/04/26 12:22:47.111, 0, P8, 22 MHz, 405 MHz, 38.76 W, 24, 0 %, 2 MiB, 1, 16
2026/04/26 12:22:47.111, 1, P8, 21 MHz, 405 MHz, 24.70 W, 24, 0 %, 2 MiB, 1, 16
2026/04/26 12:22:47.111, 2, P8, 22 MHz, 405 MHz, 19.11 W, 24, 0 %, 2 MiB, 1, 16
2026/04/26 12:22:47.111, 3, P8, 22 MHz, 405 MHz, 16.95 W, 24, 0 %, 2 MiB, 1, 16
2026/04/26 12:22:47.111, 4, P8, 22 MHz, 405 MHz, 26.39 W, 23, 0 %, 2 MiB, 1, 16
2026/04/26 12:22:47.111, 5, P8, 22 MHz, 405 MHz, 7.33 W, 23, 0 %, 2 MiB, 1, 16
2026/04/26 12:22:47.112, 6, P8, 22 MHz, 405 MHz, 17.17 W, 24, 0 %, 2 MiB, 1, 16
2026/04/26 12:22:47.112, 7, P8, 22 MHz, 405 MHz, 14.70 W, 24, 0 %, 2 MiB, 1, 16
2026/04/26 12:22:48.112, 0, P8, 22 MHz, 405 MHz, 38.90 W, 24, 0 %, 2 MiB, 1, 16
2026/04/26 12:22:48.112, 1, P8, 22 MHz, 405 MHz, 24.56 W, 24, 0 %, 2 MiB, 1, 16
2026/04/26 12:22:48.112, 2, P8, 22 MHz, 405 MHz, 19.27 W, 24, 0 %, 2 MiB, 1, 16
2026/04/26 12:22:48.112, 3, P8, 22 MHz, 405 MHz, 16.79 W, 24, 0 %, 2 MiB, 1, 16
2026/04/26 12:22:48.112, 4, P8, 22 MHz, 405 MHz, 26.58 W, 23, 0 %, 2 MiB, 1, 16
2026/04/26 12:22:48.112, 5, P8, 22 MHz, 405 MHz, 7.22 W, 23, 0 %, 2 MiB, 1, 16
2026/04/26 12:22:48.112, 6, P8, 22 MHz, 405 MHz, 17.41 W, 24, 0 %, 2 MiB, 1, 16
2026/04/26 12:22:48.112, 7, P8, 22 MHz, 405 MHz, 14.73 W, 24, 0 %, 2 MiB, 1, 16
2026/04/26 12:22:49.112, 0, P8, 22 MHz, 405 MHz, 38.49 W, 24, 0 %, 2 MiB, 1, 16
2026/04/26 12:22:49.113, 1, P8, 22 MHz, 405 MHz, 24.43 W, 24, 0 %, 2 MiB, 1, 16
2026/04/26 12:22:49.113, 2, P8, 22 MHz, 405 MHz, 19.48 W, 24, 0 %, 2 MiB, 1, 16
2026/04/26 12:22:49.113, 3, P8, 22 MHz, 405 MHz, 16.72 W, 24, 0 %, 2 MiB, 1, 16
2026/04/26 12:22:49.113, 4, P8, 22 MHz, 405 MHz, 26.19 W, 23, 0 %, 2 MiB, 1, 16
2026/04/26 12:22:49.113, 5, P8, 22 MHz, 405 MHz, 7.16 W, 23, 0 %, 2 MiB, 1, 16
2026/04/26 12:22:49.113, 6, P8, 22 MHz, 405 MHz, 17.30 W, 24, 0 %, 2 MiB, 1, 16
2026/04/26 12:22:49.113, 7, P8, 22 MHz, 405 MHz, 14.77 W, 24, 0 %, 2 MiB, 1, 16
2026/04/26 12:22:50.113, 0, P8, 22 MHz, 405 MHz, 38.67 W, 24, 0 %, 2 MiB, 1, 16
2026/04/26 12:22:50.113, 1, P8, 22 MHz, 405 MHz, 24.27 W, 24, 0 %, 2 MiB, 1, 16
2026/04/26 12:22:50.113, 2, P8, 22 MHz, 405 MHz, 19.30 W, 24, 0 %, 2 MiB, 1, 16
2026/04/26 12:22:50.113, 3, P8, 22 MHz, 405 MHz, 16.62 W, 24, 0 %, 2 MiB, 1, 16
2026/04/26 12:22:50.113, 4, P8, 22 MHz, 405 MHz, 26.45 W, 22, 0 %, 2 MiB, 1, 16
2026/04/26 12:22:50.113, 5, P8, 22 MHz, 405 MHz, 7.30 W, 23, 0 %, 2 MiB, 1, 16
2026/04/26 12:22:50.113, 6, P8, 22 MHz, 405 MHz, 17.28 W, 24, 0 %, 2 MiB, 1, 16
2026/04/26 12:22:50.114, 7, P8, 22 MHz, 405 MHz, 14.78 W, 24, 0 %, 2 MiB, 1, 16
2026/04/26 12:22:51.114, 0, P8, 22 MHz, 405 MHz, 39.01 W, 24, 0 %, 2 MiB, 1, 16
2026/04/26 12:22:51.114, 1, P8, 22 MHz, 405 MHz, 24.39 W, 24, 0 %, 2 MiB, 1, 16
2026/04/26 12:22:51.114, 2, P8, 22 MHz, 405 MHz, 19.46 W, 24, 0 %, 2 MiB, 1, 16
2026/04/26 12:22:51.114, 3, P8, 22 MHz, 405 MHz, 16.56 W, 24, 0 %, 2 MiB, 1, 16
2026/04/26 12:22:51.114, 4, P8, 22 MHz, 405 MHz, 26.74 W, 23, 0 %, 2 MiB, 1, 16
2026/04/26 12:22:51.114, 5, P8, 22 MHz, 405 MHz, 7.14 W, 23, 0 %, 2 MiB, 1, 16
2026/04/26 12:22:51.114, 6, P8, 22 MHz, 405 MHz, 17.03 W, 24, 0 %, 2 MiB, 1, 16
2026/04/26 12:22:51.114, 7, P8, 22 MHz, 405 MHz, 14.84 W, 24, 0 %, 2 MiB, 1, 16
2026/04/26 12:22:52.114, 0, P8, 22 MHz, 405 MHz, 39.07 W, 24, 0 %, 2 MiB, 1, 16
2026/04/26 12:22:52.115, 1, P8, 22 MHz, 405 MHz, 24.60 W, 24, 0 %, 2 MiB, 1, 16
2026/04/26 12:22:52.115, 2, P8, 22 MHz, 405 MHz, 19.43 W, 24, 0 %, 2 MiB, 1, 16
2026/04/26 12:22:52.115, 3, P8, 22 MHz, 405 MHz, 16.37 W, 24, 0 %, 2 MiB, 1, 16
2026/04/26 12:22:52.115, 4, P8, 22 MHz, 405 MHz, 26.35 W, 23, 0 %, 2 MiB, 1, 16
2026/04/26 12:22:52.115, 5, P8, 22 MHz, 405 MHz, 7.13 W, 23, 0 %, 2 MiB, 1, 16
2026/04/26 12:22:52.115, 6, P8, 22 MHz, 405 MHz, 17.06 W, 24, 0 %, 2 MiB, 1, 16
2026/04/26 12:22:52.115, 7, P8, 22 MHz, 405 MHz, 15.00 W, 24, 0 %, 2 MiB, 1, 16
2026/04/26 12:22:53.115, 0, P8, 22 MHz, 405 MHz, 38.79 W, 24, 0 %, 2 MiB, 1, 16
2026/04/26 12:22:53.115, 1, P8, 22 MHz, 405 MHz, 24.70 W, 24, 0 %, 2 MiB, 1, 16
2026/04/26 12:22:53.115, 2, P8, 22 MHz, 405 MHz, 19.23 W, 24, 0 %, 2 MiB, 1, 16
2026/04/26 12:22:53.115, 3, P8, 22 MHz, 405 MHz, 16.53 W, 24, 0 %, 2 MiB, 1, 16
2026/04/26 12:22:53.115, 4, P8, 22 MHz, 405 MHz, 26.14 W, 22, 0 %, 2 MiB, 1, 16
2026/04/26 12:22:53.116, 5, P8, 22 MHz, 405 MHz, 7.74 W, 23, 0 %, 2 MiB, 1, 16
2026/04/26 12:22:53.116, 6, P8, 22 MHz, 405 MHz, 17.08 W, 24, 0 %, 2 MiB, 1, 16
2026/04/26 12:22:53.116, 7, P8, 22 MHz, 405 MHz, 15.03 W, 24, 0 %, 2 MiB, 1, 16
2026/04/26 12:22:54.116, 0, P8, 22 MHz, 405 MHz, 38.76 W, 24, 0 %, 2 MiB, 1, 16
2026/04/26 12:22:54.116, 1, P8, 22 MHz, 405 MHz, 24.78 W, 24, 0 %, 2 MiB, 1, 16
2026/04/26 12:22:54.116, 2, P8, 22 MHz, 405 MHz, 19.34 W, 24, 0 %, 2 MiB, 1, 16
2026/04/26 12:22:54.116, 3, P8, 22 MHz, 405 MHz, 16.25 W, 24, 0 %, 2 MiB, 1, 16
2026/04/26 12:22:54.116, 4, P8, 22 MHz, 405 MHz, 26.25 W, 23, 0 %, 2 MiB, 1, 16
2026/04/26 12:22:54.116, 5, P8, 22 MHz, 405 MHz, 7.40 W, 23, 0 %, 2 MiB, 1, 16
2026/04/26 12:22:54.116, 6, P8, 22 MHz, 405 MHz, 17.14 W, 24, 0 %, 2 MiB, 1, 16
2026/04/26 12:22:54.116, 7, P8, 22 MHz, 405 MHz, 14.80 W, 24, 0 %, 2 MiB, 1, 16
2026/04/26 12:22:55.116, 0, P8, 22 MHz, 405 MHz, 38.77 W, 24, 0 %, 2 MiB, 1, 16
2026/04/26 12:22:55.117, 1, P8, 22 MHz, 405 MHz, 24.70 W, 24, 0 %, 2 MiB, 1, 16
2026/04/26 12:22:55.117, 2, P8, 22 MHz, 405 MHz, 19.24 W, 24, 0 %, 2 MiB, 1, 16
2026/04/26 12:22:55.117, 3, P8, 22 MHz, 405 MHz, 16.21 W, 24, 0 %, 2 MiB, 1, 16
2026/04/26 12:22:55.117, 4, P8, 22 MHz, 405 MHz, 25.71 W, 23, 0 %, 2 MiB, 1, 16
2026/04/26 12:22:55.117, 5, P8, 22 MHz, 405 MHz, 7.33 W, 23, 0 %, 2 MiB, 1, 16
2026/04/26 12:22:55.117, 6, P8, 22 MHz, 405 MHz, 17.26 W, 24, 0 %, 2 MiB, 1, 16
2026/04/26 12:22:55.117, 7, P8, 22 MHz, 405 MHz, 14.70 W, 24, 0 %, 2 MiB, 1, 16
2026/04/26 12:22:56.117, 0, P8, 22 MHz, 405 MHz, 38.39 W, 24, 0 %, 2 MiB, 1, 16
2026/04/26 12:22:56.117, 1, P8, 22 MHz, 405 MHz, 24.66 W, 24, 0 %, 2 MiB, 1, 16
2026/04/26 12:22:56.117, 2, P8, 22 MHz, 405 MHz, 19.29 W, 24, 0 %, 2 MiB, 1, 16
2026/04/26 12:22:56.118, 3, P8, 22 MHz, 405 MHz, 16.30 W, 24, 0 %, 2 MiB, 1, 16
2026/04/26 12:22:56.118, 4, P8, 22 MHz, 405 MHz, 26.01 W, 23, 0 %, 2 MiB, 1, 16
2026/04/26 12:22:56.118, 5, P8, 22 MHz, 405 MHz, 7.19 W, 23, 0 %, 2 MiB, 1, 16
2026/04/26 12:22:56.118, 6, P8, 22 MHz, 405 MHz, 17.35 W, 24, 0 %, 2 MiB, 1, 16
2026/04/26 12:22:56.118, 7, P8, 22 MHz, 405 MHz, 14.72 W, 24, 0 %, 2 MiB, 1, 16
2026/04/26 12:22:57.118, 0, P8, 22 MHz, 405 MHz, 38.58 W, 24, 0 %, 2 MiB, 1, 16
2026/04/26 12:22:57.118, 1, P8, 22 MHz, 405 MHz, 24.57 W, 24, 0 %, 2 MiB, 1, 16
2026/04/26 12:22:57.118, 2, P8, 21 MHz, 405 MHz, 19.06 W, 24, 0 %, 2 MiB, 1, 16
2026/04/26 12:22:57.118, 3, P8, 22 MHz, 405 MHz, 16.36 W, 24, 0 %, 2 MiB, 1, 16
2026/04/26 12:22:57.118, 4, P8, 22 MHz, 405 MHz, 26.39 W, 23, 0 %, 2 MiB, 1, 16
2026/04/26 12:22:57.118, 5, P8, 22 MHz, 405 MHz, 7.30 W, 23, 0 %, 2 MiB, 1, 16
2026/04/26 12:22:57.118, 6, P8, 22 MHz, 405 MHz, 17.71 W, 24, 0 %, 2 MiB, 1, 16
2026/04/26 12:22:57.118, 7, P8, 22 MHz, 405 MHz, 14.55 W, 24, 0 %, 2 MiB, 1, 16
2026/04/26 12:22:58.119, 0, P8, 22 MHz, 405 MHz, 38.90 W, 24, 0 %, 2 MiB, 1, 16
2026/04/26 12:22:58.119, 1, P8, 22 MHz, 405 MHz, 24.29 W, 24, 0 %, 2 MiB, 1, 16
2026/04/26 12:22:58.119, 2, P8, 22 MHz, 405 MHz, 19.02 W, 24, 0 %, 2 MiB, 1, 16
2026/04/26 12:22:58.119, 3, P8, 22 MHz, 405 MHz, 16.60 W, 24, 0 %, 2 MiB, 1, 16
2026/04/26 12:22:58.119, 4, P8, 22 MHz, 405 MHz, 26.17 W, 22, 0 %, 2 MiB, 1, 16
2026/04/26 12:22:58.119, 5, P8, 22 MHz, 405 MHz, 7.45 W, 23, 0 %, 2 MiB, 1, 16
2026/04/26 12:22:58.119, 6, P8, 22 MHz, 405 MHz, 17.69 W, 24, 0 %, 2 MiB, 1, 16
2026/04/26 12:22:58.119, 7, P8, 22 MHz, 405 MHz, 14.45 W, 24, 0 %, 2 MiB, 1, 16
2026/04/26 12:22:59.120, 0, P8, 22 MHz, 405 MHz, 38.71 W, 24, 0 %, 2 MiB, 1, 16
2026/04/26 12:22:59.120, 1, P8, 22 MHz, 405 MHz, 24.45 W, 24, 0 %, 2 MiB, 1, 16
2026/04/26 12:22:59.120, 2, P8, 22 MHz, 405 MHz, 19.01 W, 24, 0 %, 2 MiB, 1, 16
2026/04/26 12:22:59.120, 3, P8, 22 MHz, 405 MHz, 16.52 W, 24, 0 %, 2 MiB, 1, 16
2026/04/26 12:22:59.120, 4, P8, 22 MHz, 405 MHz, 26.11 W, 23, 0 %, 2 MiB, 1, 16
2026/04/26 12:22:59.120, 5, P8, 22 MHz, 405 MHz, 7.56 W, 23, 0 %, 2 MiB, 1, 16
2026/04/26 12:22:59.120, 6, P8, 22 MHz, 405 MHz, 17.62 W, 24, 0 %, 2 MiB, 1, 16
2026/04/26 12:22:59.120, 7, P8, 22 MHz, 405 MHz, 14.30 W, 24, 0 %, 2 MiB, 1, 16
2026/04/26 12:23:00.122, 0, P8, 22 MHz, 405 MHz, 38.79 W, 24, 0 %, 2 MiB, 1, 16
2026/04/26 12:23:00.122, 1, P8, 22 MHz, 405 MHz, 24.49 W, 24, 0 %, 2 MiB, 1, 16
2026/04/26 12:23:00.125, 2, P8, 22 MHz, 405 MHz, 19.06 W, 24, 0 %, 2 MiB, 1, 16
2026/04/26 12:23:00.125, 3, P8, 22 MHz, 405 MHz, 16.72 W, 24, 0 %, 2 MiB, 1, 16
2026/04/26 12:23:00.125, 4, P8, 22 MHz, 405 MHz, 25.74 W, 23, 0 %, 2 MiB, 1, 16
2026/04/26 12:23:00.125, 5, P8, 22 MHz, 405 MHz, 7.67 W, 23, 0 %, 2 MiB, 1, 16
2026/04/26 12:23:00.125, 6, P8, 22 MHz, 405 MHz, 17.50 W, 24, 0 %, 2 MiB, 1, 16
2026/04/26 12:23:00.125, 7, P8, 22 MHz, 405 MHz, 14.36 W, 24, 0 %, 2 MiB, 1, 16
2026/04/26 12:23:01.125, 0, P8, 22 MHz, 405 MHz, 38.77 W, 24, 0 %, 2 MiB, 1, 16
2026/04/26 12:23:01.126, 1, P8, 22 MHz, 405 MHz, 24.60 W, 24, 0 %, 2 MiB, 1, 16
2026/04/26 12:23:01.126, 2, P8, 22 MHz, 405 MHz, 19.15 W, 24, 0 %, 2 MiB, 1, 16
2026/04/26 12:23:01.126, 3, P8, 22 MHz, 405 MHz, 16.32 W, 24, 0 %, 2 MiB, 1, 16
2026/04/26 12:23:01.126, 4, P8, 22 MHz, 405 MHz, 26.26 W, 22, 0 %, 2 MiB, 1, 16
2026/04/26 12:23:01.126, 5, P8, 22 MHz, 405 MHz, 7.41 W, 23, 0 %, 2 MiB, 1, 16
2026/04/26 12:23:01.126, 6, P8, 22 MHz, 405 MHz, 17.24 W, 24, 0 %, 2 MiB, 1, 16
2026/04/26 12:23:01.126, 7, P8, 22 MHz, 405 MHz, 14.40 W, 24, 0 %, 2 MiB, 1, 16
2026/04/26 12:23:02.126, 0, P8, 22 MHz, 405 MHz, 38.74 W, 24, 0 %, 2 MiB, 1, 16
2026/04/26 12:23:02.126, 1, P8, 22 MHz, 405 MHz, 24.55 W, 24, 0 %, 2 MiB, 1, 16
2026/04/26 12:23:02.126, 2, P8, 22 MHz, 405 MHz, 19.02 W, 24, 0 %, 2 MiB, 1, 16
2026/04/26 12:23:02.126, 3, P8, 22 MHz, 405 MHz, 16.56 W, 24, 0 %, 2 MiB, 1, 16
2026/04/26 12:23:02.126, 4, P8, 22 MHz, 405 MHz, 25.56 W, 23, 0 %, 2 MiB, 1, 16
2026/04/26 12:23:02.126, 5, P8, 22 MHz, 405 MHz, 7.49 W, 23, 0 %, 2 MiB, 1, 16
2026/04/26 12:23:02.127, 6, P8, 22 MHz, 405 MHz, 17.30 W, 24, 0 %, 2 MiB, 1, 16
2026/04/26 12:23:02.127, 7, P8, 22 MHz, 405 MHz, 14.55 W, 24, 0 %, 2 MiB, 1, 16
2026/04/26 12:23:03.128, 0, P8, 22 MHz, 405 MHz, 38.80 W, 24, 0 %, 2 MiB, 1, 16
2026/04/26 12:23:03.128, 1, P8, 22 MHz, 405 MHz, 24.54 W, 24, 0 %, 2 MiB, 1, 16
2026/04/26 12:23:03.128, 2, P8, 22 MHz, 405 MHz, 18.92 W, 24, 0 %, 2 MiB, 1, 16
2026/04/26 12:23:03.128, 3, P8, 22 MHz, 405 MHz, 16.74 W, 24, 0 %, 2 MiB, 1, 16
2026/04/26 12:23:03.128, 4, P8, 22 MHz, 405 MHz, 25.72 W, 22, 0 %, 2 MiB, 1, 16
2026/04/26 12:23:03.128, 5, P8, 22 MHz, 405 MHz, 7.48 W, 23, 0 %, 2 MiB, 1, 16
2026/04/26 12:23:03.128, 6, P8, 22 MHz, 405 MHz, 17.28 W, 24, 0 %, 2 MiB, 1, 16
2026/04/26 12:23:03.128, 7, P8, 22 MHz, 405 MHz, 14.50 W, 24, 0 %, 2 MiB, 1, 16
2026/04/26 12:23:04.128, 0, P8, 22 MHz, 405 MHz, 38.86 W, 24, 0 %, 2 MiB, 1, 16
2026/04/26 12:23:04.129, 1, P8, 22 MHz, 405 MHz, 24.80 W, 24, 0 %, 2 MiB, 1, 16
2026/04/26 12:23:04.129, 2, P8, 22 MHz, 405 MHz, 19.14 W, 24, 0 %, 2 MiB, 1, 16
2026/04/26 12:23:04.129, 3, P8, 22 MHz, 405 MHz, 16.25 W, 24, 0 %, 2 MiB, 1, 16
2026/04/26 12:23:04.129, 4, P8, 22 MHz, 405 MHz, 26.18 W, 23, 0 %, 2 MiB, 1, 16
2026/04/26 12:23:04.129, 5, P8, 22 MHz, 405 MHz, 7.20 W, 23, 0 %, 2 MiB, 1, 16
2026/04/26 12:23:04.129, 6, P8, 22 MHz, 405 MHz, 17.09 W, 24, 0 %, 2 MiB, 1, 16
2026/04/26 12:23:04.129, 7, P8, 22 MHz, 405 MHz, 14.33 W, 24, 0 %, 2 MiB, 1, 16
2026/04/26 12:23:05.129, 0, P8, 22 MHz, 405 MHz, 39.03 W, 24, 0 %, 2 MiB, 1, 16
2026/04/26 12:23:05.129, 1, P8, 22 MHz, 405 MHz, 24.73 W, 24, 0 %, 2 MiB, 1, 16
2026/04/26 12:23:05.130, 2, P8, 22 MHz, 405 MHz, 19.24 W, 24, 0 %, 2 MiB, 1, 16
2026/04/26 12:23:05.130, 3, P8, 22 MHz, 405 MHz, 16.21 W, 24, 0 %, 2 MiB, 1, 16
2026/04/26 12:23:05.130, 4, P8, 22 MHz, 405 MHz, 26.22 W, 23, 0 %, 2 MiB, 1, 16
2026/04/26 12:23:05.130, 5, P8, 22 MHz, 405 MHz, 7.37 W, 23, 0 %, 2 MiB, 1, 16
2026/04/26 12:23:05.130, 6, P8, 22 MHz, 405 MHz, 17.50 W, 24, 0 %, 2 MiB, 1, 16
2026/04/26 12:23:05.130, 7, P8, 22 MHz, 405 MHz, 14.45 W, 24, 0 %, 2 MiB, 1, 16
2026/04/26 12:23:06.131, 0, P8, 22 MHz, 405 MHz, 39.11 W, 24, 0 %, 2 MiB, 1, 16
2026/04/26 12:23:06.131, 1, P8, 22 MHz, 405 MHz, 24.76 W, 24, 0 %, 2 MiB, 1, 16
2026/04/26 12:23:06.131, 2, P8, 22 MHz, 405 MHz, 18.79 W, 24, 0 %, 2 MiB, 1, 16
2026/04/26 12:23:06.131, 3, P8, 22 MHz, 405 MHz, 16.30 W, 24, 0 %, 2 MiB, 1, 16
2026/04/26 12:23:06.131, 4, P8, 22 MHz, 405 MHz, 25.91 W, 22, 0 %, 2 MiB, 1, 16
2026/04/26 12:23:06.131, 5, P8, 22 MHz, 405 MHz, 7.65 W, 23, 0 %, 2 MiB, 1, 16
2026/04/26 12:23:06.137, 6, P8, 22 MHz, 405 MHz, 17.58 W, 24, 0 %, 2 MiB, 1, 16
2026/04/26 12:23:06.137, 7, P8, 22 MHz, 405 MHz, 14.43 W, 24, 0 %, 2 MiB, 1, 16
2026/04/26 12:23:07.138, 0, P8, 22 MHz, 405 MHz, 39.28 W, 24, 0 %, 2 MiB, 1, 16
2026/04/26 12:23:07.138, 1, P8, 22 MHz, 405 MHz, 24.80 W, 24, 0 %, 2 MiB, 1, 16
2026/04/26 12:23:07.138, 2, P8, 22 MHz, 405 MHz, 18.80 W, 24, 0 %, 2 MiB, 1, 16
2026/04/26 12:23:07.138, 3, P8, 22 MHz, 405 MHz, 16.21 W, 24, 0 %, 2 MiB, 1, 16
2026/04/26 12:23:07.138, 4, P8, 22 MHz, 405 MHz, 25.39 W, 23, 0 %, 2 MiB, 1, 16
2026/04/26 12:23:07.138, 5, P8, 22 MHz, 405 MHz, 7.67 W, 23, 0 %, 2 MiB, 1, 16
2026/04/26 12:23:07.138, 6, P8, 22 MHz, 405 MHz, 17.64 W, 24, 0 %, 2 MiB, 1, 16
2026/04/26 12:23:07.138, 7, P8, 22 MHz, 405 MHz, 14.43 W, 24, 0 %, 2 MiB, 1, 16
2026/04/26 12:23:08.138, 0, P8, 22 MHz, 405 MHz, 39.17 W, 24, 0 %, 2 MiB, 1, 16
2026/04/26 12:23:08.139, 1, P8, 22 MHz, 405 MHz, 24.74 W, 24, 0 %, 2 MiB, 1, 16
2026/04/26 12:23:08.139, 2, P8, 22 MHz, 405 MHz, 18.85 W, 24, 0 %, 2 MiB, 1, 16
2026/04/26 12:23:08.139, 3, P8, 22 MHz, 405 MHz, 16.16 W, 24, 0 %, 2 MiB, 1, 16
2026/04/26 12:23:08.139, 4, P8, 22 MHz, 405 MHz, 25.55 W, 22, 0 %, 2 MiB, 1, 16
2026/04/26 12:23:08.139, 5, P8, 22 MHz, 405 MHz, 7.74 W, 23, 0 %, 2 MiB, 1, 16
2026/04/26 12:23:08.139, 6, P8, 22 MHz, 405 MHz, 17.16 W, 24, 0 %, 2 MiB, 1, 16
2026/04/26 12:23:08.139, 7, P8, 22 MHz, 405 MHz, 14.58 W, 24, 0 %, 2 MiB, 1, 16
2026/04/26 12:23:09.140, 0, P8, 22 MHz, 405 MHz, 38.99 W, 24, 0 %, 2 MiB, 1, 16
2026/04/26 12:23:09.140, 1, P8, 22 MHz, 405 MHz, 24.68 W, 24, 0 %, 2 MiB, 1, 16
2026/04/26 12:23:09.140, 2, P8, 22 MHz, 405 MHz, 18.82 W, 24, 0 %, 2 MiB, 1, 16
2026/04/26 12:23:09.140, 3, P8, 22 MHz, 405 MHz, 15.96 W, 24, 0 %, 2 MiB, 1, 16
2026/04/26 12:23:09.140, 4, P8, 22 MHz, 405 MHz, 26.79 W, 22, 0 %, 2 MiB, 1, 16
2026/04/26 12:23:09.140, 5, P8, 22 MHz, 405 MHz, 7.78 W, 23, 0 %, 2 MiB, 1, 16
2026/04/26 12:23:09.141, 6, P8, 22 MHz, 405 MHz, 17.40 W, 24, 0 %, 2 MiB, 1, 16
2026/04/26 12:23:09.141, 7, P8, 22 MHz, 405 MHz, 14.91 W, 24, 0 %, 2 MiB, 1, 16
2026/04/26 12:23:10.143, 0, P8, 22 MHz, 405 MHz, 39.22 W, 24, 0 %, 2 MiB, 1, 16
2026/04/26 12:23:10.143, 1, P8, 22 MHz, 405 MHz, 24.61 W, 24, 0 %, 2 MiB, 1, 16
2026/04/26 12:23:10.143, 2, P8, 22 MHz, 405 MHz, 18.93 W, 24, 0 %, 2 MiB, 1, 16
2026/04/26 12:23:10.143, 3, P8, 22 MHz, 405 MHz, 15.99 W, 24, 0 %, 2 MiB, 1, 16
2026/04/26 12:23:10.143, 4, P8, 22 MHz, 405 MHz, 26.46 W, 23, 0 %, 2 MiB, 1, 16
2026/04/26 12:23:10.143, 5, P8, 22 MHz, 405 MHz, 7.42 W, 23, 0 %, 2 MiB, 1, 16
2026/04/26 12:23:10.143, 6, P8, 22 MHz, 405 MHz, 17.24 W, 24, 0 %, 2 MiB, 1, 16
2026/04/26 12:23:10.143, 7, P8, 22 MHz, 405 MHz, 14.88 W, 24, 0 %, 2 MiB, 1, 16
2026/04/26 12:23:11.143, 0, P8, 22 MHz, 405 MHz, 39.14 W, 24, 0 %, 2 MiB, 1, 16
2026/04/26 12:23:11.143, 1, P8, 22 MHz, 405 MHz, 24.30 W, 24, 0 %, 2 MiB, 1, 16
2026/04/26 12:23:11.143, 2, P8, 21 MHz, 405 MHz, 19.18 W, 24, 0 %, 2 MiB, 1, 16
2026/04/26 12:23:11.144, 3, P8, 22 MHz, 405 MHz, 16.28 W, 24, 0 %, 2 MiB, 1, 16
2026/04/26 12:23:11.144, 4, P8, 22 MHz, 405 MHz, 26.39 W, 23, 0 %, 2 MiB, 1, 16
2026/04/26 12:23:11.144, 5, P8, 22 MHz, 405 MHz, 7.51 W, 23, 0 %, 2 MiB, 1, 16
2026/04/26 12:23:11.144, 6, P8, 22 MHz, 405 MHz, 17.20 W, 24, 0 %, 2 MiB, 1, 16
2026/04/26 12:23:11.144, 7, P8, 22 MHz, 405 MHz, 15.16 W, 24, 0 %, 2 MiB, 1, 16
2026/04/26 12:23:12.144, 0, P8, 22 MHz, 405 MHz, 39.12 W, 24, 0 %, 2 MiB, 1, 16
2026/04/26 12:23:12.144, 1, P8, 22 MHz, 405 MHz, 24.46 W, 24, 0 %, 2 MiB, 1, 16
2026/04/26 12:23:12.144, 2, P8, 22 MHz, 405 MHz, 19.30 W, 24, 0 %, 2 MiB, 1, 16
2026/04/26 12:23:12.144, 3, P8, 22 MHz, 405 MHz, 16.40 W, 24, 0 %, 2 MiB, 1, 16
2026/04/26 12:23:12.144, 4, P8, 22 MHz, 405 MHz, 26.27 W, 23, 0 %, 2 MiB, 1, 16
2026/04/26 12:23:12.144, 5, P8, 22 MHz, 405 MHz, 7.97 W, 23, 0 %, 2 MiB, 1, 16
2026/04/26 12:23:12.144, 6, P8, 22 MHz, 405 MHz, 17.88 W, 24, 0 %, 2 MiB, 1, 16
2026/04/26 12:23:12.145, 7, P8, 22 MHz, 405 MHz, 15.15 W, 24, 0 %, 2 MiB, 1, 16
2026/04/26 12:23:13.145, 0, P8, 22 MHz, 405 MHz, 39.24 W, 24, 0 %, 2 MiB, 1, 16
2026/04/26 12:23:13.145, 1, P8, 22 MHz, 405 MHz, 24.54 W, 24, 0 %, 2 MiB, 1, 16
2026/04/26 12:23:13.145, 2, P8, 22 MHz, 405 MHz, 19.30 W, 24, 0 %, 2 MiB, 1, 16
2026/04/26 12:23:13.145, 3, P8, 22 MHz, 405 MHz, 16.31 W, 24, 0 %, 2 MiB, 1, 16
2026/04/26 12:23:13.145, 4, P8, 22 MHz, 405 MHz, 26.11 W, 23, 0 %, 2 MiB, 1, 16
2026/04/26 12:23:13.145, 5, P8, 22 MHz, 405 MHz, 8.02 W, 23, 0 %, 2 MiB, 1, 16
2026/04/26 12:23:13.145, 6, P8, 22 MHz, 405 MHz, 17.89 W, 24, 0 %, 2 MiB, 1, 16
2026/04/26 12:23:13.145, 7, P8, 22 MHz, 405 MHz, 14.97 W, 24, 0 %, 2 MiB, 1, 16
2026/04/26 12:23:14.147, 0, P8, 22 MHz, 405 MHz, 39.61 W, 24, 0 %, 2 MiB, 1, 16
2026/04/26 12:23:14.147, 1, P8, 22 MHz, 405 MHz, 24.42 W, 24, 0 %, 2 MiB, 1, 16
2026/04/26 12:23:14.147, 2, P8, 22 MHz, 405 MHz, 19.27 W, 24, 0 %, 2 MiB, 1, 16
2026/04/26 12:23:14.147, 3, P8, 22 MHz, 405 MHz, 16.07 W, 24, 0 %, 2 MiB, 1, 16
2026/04/26 12:23:14.147, 4, P8, 22 MHz, 405 MHz, 26.17 W, 22, 0 %, 2 MiB, 1, 16
2026/04/26 12:23:14.147, 5, P8, 22 MHz, 405 MHz, 8.32 W, 23, 0 %, 2 MiB, 1, 16
2026/04/26 12:23:14.147, 6, P8, 22 MHz, 405 MHz, 17.36 W, 24, 0 %, 2 MiB, 1, 16
2026/04/26 12:23:14.147, 7, P8, 22 MHz, 405 MHz, 14.83 W, 24, 0 %, 2 MiB, 1, 16
2026/04/26 12:23:15.147, 0, P8, 22 MHz, 405 MHz, 39.41 W, 24, 0 %, 2 MiB, 1, 16
2026/04/26 12:23:15.148, 1, P8, 22 MHz, 405 MHz, 24.53 W, 24, 0 %, 2 MiB, 1, 16
2026/04/26 12:23:15.148, 2, P8, 22 MHz, 405 MHz, 19.33 W, 24, 0 %, 2 MiB, 1, 16
2026/04/26 12:23:15.148, 3, P8, 22 MHz, 405 MHz, 16.02 W, 24, 0 %, 2 MiB, 1, 16
2026/04/26 12:23:15.148, 4, P8, 22 MHz, 405 MHz, 26.14 W, 23, 0 %, 2 MiB, 1, 16
2026/04/26 12:23:15.148, 5, P8, 22 MHz, 405 MHz, 8.13 W, 23, 0 %, 2 MiB, 1, 16
2026/04/26 12:23:15.148, 6, P8, 22 MHz, 405 MHz, 17.51 W, 24, 0 %, 2 MiB, 1, 16
2026/04/26 12:23:15.148, 7, P8, 22 MHz, 405 MHz, 14.83 W, 24, 0 %, 2 MiB, 1, 16
2026/04/26 12:23:16.148, 0, P8, 22 MHz, 405 MHz, 39.43 W, 24, 0 %, 2 MiB, 1, 16
2026/04/26 12:23:16.148, 1, P8, 22 MHz, 405 MHz, 24.48 W, 24, 0 %, 2 MiB, 1, 16
2026/04/26 12:23:16.148, 2, P8, 22 MHz, 405 MHz, 19.26 W, 24, 0 %, 2 MiB, 1, 16
2026/04/26 12:23:16.148, 3, P8, 22 MHz, 405 MHz, 16.26 W, 24, 0 %, 2 MiB, 1, 16
2026/04/26 12:23:16.148, 4, P8, 22 MHz, 405 MHz, 25.88 W, 23, 0 %, 2 MiB, 1, 16
2026/04/26 12:23:16.149, 5, P8, 22 MHz, 405 MHz, 7.95 W, 23, 0 %, 2 MiB, 1, 16
2026/04/26 12:23:16.149, 6, P8, 22 MHz, 405 MHz, 17.79 W, 24, 0 %, 2 MiB, 1, 16
2026/04/26 12:23:16.149, 7, P8, 22 MHz, 405 MHz, 14.98 W, 24, 0 %, 2 MiB, 1, 16
2026/04/26 12:23:17.149, 0, P8, 22 MHz, 405 MHz, 39.41 W, 24, 0 %, 2 MiB, 1, 16
2026/04/26 12:23:17.149, 1, P8, 22 MHz, 405 MHz, 24.23 W, 24, 0 %, 2 MiB, 1, 16
2026/04/26 12:23:17.149, 2, P8, 22 MHz, 405 MHz, 19.22 W, 24, 0 %, 2 MiB, 1, 16
2026/04/26 12:23:17.149, 3, P8, 22 MHz, 405 MHz, 16.45 W, 24, 0 %, 2 MiB, 1, 16
2026/04/26 12:23:17.149, 4, P8, 22 MHz, 405 MHz, 26.12 W, 23, 0 %, 2 MiB, 1, 16
2026/04/26 12:23:17.149, 5, P8, 22 MHz, 405 MHz, 8.22 W, 23, 0 %, 2 MiB, 1, 16
2026/04/26 12:23:17.149, 6, P8, 22 MHz, 405 MHz, 17.51 W, 24, 0 %, 2 MiB, 1, 16
2026/04/26 12:23:17.149, 7, P8, 22 MHz, 405 MHz, 15.02 W, 24, 0 %, 2 MiB, 1, 16
2026/04/26 12:23:18.150, 0, P8, 22 MHz, 405 MHz, 39.21 W, 24, 0 %, 2 MiB, 1, 16
2026/04/26 12:23:18.150, 1, P8, 22 MHz, 405 MHz, 24.42 W, 24, 0 %, 2 MiB, 1, 16
2026/04/26 12:23:18.150, 2, P8, 22 MHz, 405 MHz, 19.35 W, 24, 0 %, 2 MiB, 1, 16
2026/04/26 12:23:18.150, 3, P8, 22 MHz, 405 MHz, 16.47 W, 24, 0 %, 2 MiB, 1, 16
2026/04/26 12:23:18.150, 4, P8, 22 MHz, 405 MHz, 26.69 W, 23, 0 %, 2 MiB, 1, 16
2026/04/26 12:23:18.150, 5, P8, 22 MHz, 405 MHz, 8.20 W, 23, 0 %, 2 MiB, 1, 16
2026/04/26 12:23:18.150, 6, P8, 22 MHz, 405 MHz, 17.34 W, 24, 0 %, 2 MiB, 1, 16
2026/04/26 12:23:18.150, 7, P8, 22 MHz, 405 MHz, 15.16 W, 24, 0 %, 2 MiB, 1, 16
2026/04/26 12:23:19.150, 0, P8, 22 MHz, 405 MHz, 39.18 W, 24, 0 %, 2 MiB, 1, 16
2026/04/26 12:23:19.150, 1, P8, 22 MHz, 405 MHz, 24.46 W, 24, 0 %, 2 MiB, 1, 16
2026/04/26 12:23:19.151, 2, P8, 22 MHz, 405 MHz, 19.40 W, 24, 0 %, 2 MiB, 1, 16
2026/04/26 12:23:19.151, 3, P8, 22 MHz, 405 MHz, 16.44 W, 24, 0 %, 2 MiB, 1, 16
2026/04/26 12:23:19.151, 4, P8, 22 MHz, 405 MHz, 27.28 W, 23, 0 %, 2 MiB, 1, 16
2026/04/26 12:23:19.151, 5, P8, 22 MHz, 405 MHz, 7.87 W, 23, 0 %, 2 MiB, 1, 16
2026/04/26 12:23:19.151, 6, P8, 22 MHz, 405 MHz, 17.48 W, 24, 0 %, 2 MiB, 1, 16
2026/04/26 12:23:19.151, 7, P8, 22 MHz, 405 MHz, 15.04 W, 24, 0 %, 2 MiB, 1, 16
2026/04/26 12:23:20.151, 0, P8, 22 MHz, 405 MHz, 39.31 W, 24, 0 %, 2 MiB, 1, 16
2026/04/26 12:23:20.151, 1, P8, 22 MHz, 405 MHz, 24.51 W, 24, 0 %, 2 MiB, 1, 16
2026/04/26 12:23:20.151, 2, P8, 22 MHz, 405 MHz, 19.65 W, 24, 0 %, 2 MiB, 1, 16
2026/04/26 12:23:20.151, 3, P8, 22 MHz, 405 MHz, 16.32 W, 24, 0 %, 2 MiB, 1, 16
2026/04/26 12:23:20.152, 4, P8, 22 MHz, 405 MHz, 27.14 W, 23, 0 %, 2 MiB, 1, 16
2026/04/26 12:23:20.152, 5, P8, 22 MHz, 405 MHz, 7.73 W, 23, 0 %, 2 MiB, 1, 16
2026/04/26 12:23:20.152, 6, P8, 22 MHz, 405 MHz, 17.76 W, 24, 0 %, 2 MiB, 1, 16
2026/04/26 12:23:20.152, 7, P8, 22 MHz, 405 MHz, 14.80 W, 24, 0 %, 2 MiB, 1, 16
2026/04/26 12:23:21.152, 0, P8, 22 MHz, 405 MHz, 39.04 W, 24, 0 %, 2 MiB, 1, 16
2026/04/26 12:23:21.152, 1, P8, 22 MHz, 405 MHz, 24.39 W, 24, 0 %, 2 MiB, 1, 16
2026/04/26 12:23:21.152, 2, P8, 22 MHz, 405 MHz, 19.42 W, 24, 0 %, 2 MiB, 1, 16
2026/04/26 12:23:21.152, 3, P8, 22 MHz, 405 MHz, 16.31 W, 24, 0 %, 2 MiB, 1, 16
2026/04/26 12:23:21.153, 4, P8, 22 MHz, 405 MHz, 27.09 W, 23, 0 %, 2 MiB, 1, 16
2026/04/26 12:23:21.153, 5, P8, 22 MHz, 405 MHz, 7.57 W, 23, 0 %, 2 MiB, 1, 16
2026/04/26 12:23:21.153, 6, P8, 22 MHz, 405 MHz, 17.50 W, 24, 0 %, 2 MiB, 1, 16
2026/04/26 12:23:21.153, 7, P8, 22 MHz, 405 MHz, 14.89 W, 24, 0 %, 2 MiB, 1, 16
2026/04/26 12:23:22.153, 0, P8, 22 MHz, 405 MHz, 38.94 W, 24, 0 %, 2 MiB, 1, 16
2026/04/26 12:23:22.153, 1, P8, 22 MHz, 405 MHz, 24.29 W, 24, 0 %, 2 MiB, 1, 16
2026/04/26 12:23:22.153, 2, P8, 22 MHz, 405 MHz, 19.01 W, 24, 0 %, 2 MiB, 1, 16
2026/04/26 12:23:22.153, 3, P8, 22 MHz, 405 MHz, 16.21 W, 24, 0 %, 2 MiB, 1, 16
2026/04/26 12:23:22.153, 4, P8, 22 MHz, 405 MHz, 27.06 W, 23, 0 %, 2 MiB, 1, 16
2026/04/26 12:23:22.153, 5, P8, 22 MHz, 405 MHz, 7.42 W, 23, 0 %, 2 MiB, 1, 16
2026/04/26 12:23:22.153, 6, P8, 22 MHz, 405 MHz, 17.67 W, 24, 0 %, 2 MiB, 1, 16
2026/04/26 12:23:22.153, 7, P8, 22 MHz, 405 MHz, 14.67 W, 24, 0 %, 2 MiB, 1, 16
2026/04/26 12:23:23.154, 0, P8, 22 MHz, 405 MHz, 39.02 W, 24, 0 %, 2 MiB, 1, 16
2026/04/26 12:23:23.154, 1, P8, 22 MHz, 405 MHz, 24.36 W, 24, 0 %, 2 MiB, 1, 16
2026/04/26 12:23:23.154, 2, P8, 22 MHz, 405 MHz, 19.35 W, 24, 0 %, 2 MiB, 1, 16
2026/04/26 12:23:23.154, 3, P8, 22 MHz, 405 MHz, 16.39 W, 24, 0 %, 2 MiB, 1, 16
2026/04/26 12:23:23.154, 4, P8, 22 MHz, 405 MHz, 26.61 W, 23, 0 %, 2 MiB, 1, 16
2026/04/26 12:23:23.154, 5, P8, 22 MHz, 405 MHz, 7.70 W, 23, 0 %, 2 MiB, 1, 16
2026/04/26 12:23:23.154, 6, P8, 22 MHz, 405 MHz, 17.71 W, 24, 0 %, 2 MiB, 1, 16
2026/04/26 12:23:23.154, 7, P8, 22 MHz, 405 MHz, 14.64 W, 24, 0 %, 2 MiB, 1, 16
2026/04/26 12:23:24.155, 0, P8, 22 MHz, 405 MHz, 39.06 W, 24, 0 %, 2 MiB, 1, 16
2026/04/26 12:23:24.155, 1, P8, 22 MHz, 405 MHz, 24.32 W, 24, 0 %, 2 MiB, 1, 16
2026/04/26 12:23:24.155, 2, P8, 22 MHz, 405 MHz, 19.08 W, 24, 0 %, 2 MiB, 1, 16
2026/04/26 12:23:24.155, 3, P8, 22 MHz, 405 MHz, 16.24 W, 24, 0 %, 2 MiB, 1, 16
2026/04/26 12:23:24.155, 4, P8, 22 MHz, 405 MHz, 26.26 W, 23, 0 %, 2 MiB, 1, 16
2026/04/26 12:23:24.155, 5, P8, 22 MHz, 405 MHz, 7.80 W, 23, 0 %, 2 MiB, 1, 16
2026/04/26 12:23:24.155, 6, P8, 22 MHz, 405 MHz, 17.47 W, 24, 0 %, 2 MiB, 1, 16
2026/04/26 12:23:24.155, 7, P8, 22 MHz, 405 MHz, 14.73 W, 24, 0 %, 2 MiB, 1, 16
2026/04/26 12:23:25.155, 0, P8, 22 MHz, 405 MHz, 39.07 W, 24, 0 %, 2 MiB, 1, 16
2026/04/26 12:23:25.155, 1, P8, 22 MHz, 405 MHz, 24.29 W, 24, 0 %, 2 MiB, 1, 16
2026/04/26 12:23:25.155, 2, P8, 22 MHz, 405 MHz, 18.98 W, 24, 0 %, 2 MiB, 1, 16
2026/04/26 12:23:25.156, 3, P8, 22 MHz, 405 MHz, 16.40 W, 24, 0 %, 2 MiB, 1, 16
2026/04/26 12:23:25.156, 4, P8, 22 MHz, 405 MHz, 26.17 W, 23, 0 %, 2 MiB, 1, 16
2026/04/26 12:23:25.156, 5, P8, 22 MHz, 405 MHz, 7.61 W, 23, 0 %, 2 MiB, 1, 16
2026/04/26 12:23:25.156, 6, P8, 22 MHz, 405 MHz, 17.52 W, 24, 0 %, 2 MiB, 1, 16
2026/04/26 12:23:25.156, 7, P8, 22 MHz, 405 MHz, 14.80 W, 24, 0 %, 2 MiB, 1, 16
2026/04/26 12:23:26.156, 0, P8, 22 MHz, 405 MHz, 39.14 W, 24, 0 %, 2 MiB, 1, 16
2026/04/26 12:23:26.156, 1, P8, 22 MHz, 405 MHz, 24.35 W, 24, 0 %, 2 MiB, 1, 16
2026/04/26 12:23:26.156, 2, P8, 22 MHz, 405 MHz, 19.39 W, 24, 0 %, 2 MiB, 1, 16
2026/04/26 12:23:26.156, 3, P8, 22 MHz, 405 MHz, 16.54 W, 24, 0 %, 2 MiB, 1, 16
2026/04/26 12:23:26.156, 4, P8, 22 MHz, 405 MHz, 26.24 W, 23, 0 %, 2 MiB, 1, 16
2026/04/26 12:23:26.157, 5, P8, 22 MHz, 405 MHz, 7.68 W, 23, 0 %, 2 MiB, 1, 16
2026/04/26 12:23:26.157, 6, P8, 22 MHz, 405 MHz, 17.55 W, 24, 0 %, 2 MiB, 1, 16
2026/04/26 12:23:26.157, 7, P8, 22 MHz, 405 MHz, 14.93 W, 24, 0 %, 2 MiB, 1, 16
2026/04/26 12:23:27.157, 0, P8, 22 MHz, 405 MHz, 39.20 W, 24, 0 %, 2 MiB, 1, 16
2026/04/26 12:23:27.157, 1, P8, 22 MHz, 405 MHz, 24.36 W, 24, 0 %, 2 MiB, 1, 16
2026/04/26 12:23:27.157, 2, P8, 22 MHz, 405 MHz, 19.21 W, 24, 0 %, 2 MiB, 1, 16
2026/04/26 12:23:27.157, 3, P8, 22 MHz, 405 MHz, 16.48 W, 24, 0 %, 2 MiB, 1, 16
2026/04/26 12:23:27.157, 4, P8, 22 MHz, 405 MHz, 26.13 W, 23, 0 %, 2 MiB, 1, 16
2026/04/26 12:23:27.157, 5, P8, 22 MHz, 405 MHz, 7.85 W, 23, 0 %, 2 MiB, 1, 16
2026/04/26 12:23:27.157, 6, P8, 22 MHz, 405 MHz, 17.54 W, 24, 0 %, 2 MiB, 1, 16
2026/04/26 12:23:27.158, 7, P8, 22 MHz, 405 MHz, 15.02 W, 24, 0 %, 2 MiB, 1, 16
2026/04/26 12:23:28.158, 0, P8, 22 MHz, 405 MHz, 38.71 W, 24, 0 %, 2 MiB, 1, 16
2026/04/26 12:23:28.158, 1, P8, 22 MHz, 405 MHz, 24.20 W, 24, 0 %, 2 MiB, 1, 16
2026/04/26 12:23:28.158, 2, P8, 22 MHz, 405 MHz, 19.19 W, 24, 0 %, 2 MiB, 1, 16
2026/04/26 12:23:28.158, 3, P8, 22 MHz, 405 MHz, 16.41 W, 24, 0 %, 2 MiB, 1, 16
2026/04/26 12:23:28.158, 4, P8, 22 MHz, 405 MHz, 26.96 W, 23, 0 %, 2 MiB, 1, 16
2026/04/26 12:23:28.158, 5, P8, 22 MHz, 405 MHz, 7.78 W, 23, 0 %, 2 MiB, 1, 16
2026/04/26 12:23:28.158, 6, P8, 22 MHz, 405 MHz, 17.51 W, 24, 0 %, 2 MiB, 1, 16
2026/04/26 12:23:28.158, 7, P8, 22 MHz, 405 MHz, 14.98 W, 24, 0 %, 2 MiB, 1, 16
2026/04/26 12:23:29.159, 0, P8, 22 MHz, 405 MHz, 39.01 W, 24, 0 %, 2 MiB, 1, 16
2026/04/26 12:23:29.159, 1, P8, 22 MHz, 405 MHz, 24.21 W, 24, 0 %, 2 MiB, 1, 16
2026/04/26 12:23:29.159, 2, P8, 22 MHz, 405 MHz, 19.14 W, 24, 0 %, 2 MiB, 1, 16
2026/04/26 12:23:29.159, 3, P8, 22 MHz, 405 MHz, 16.73 W, 24, 0 %, 2 MiB, 1, 16
2026/04/26 12:23:29.159, 4, P8, 22 MHz, 405 MHz, 26.93 W, 23, 0 %, 2 MiB, 1, 16
2026/04/26 12:23:29.159, 5, P8, 22 MHz, 405 MHz, 7.29 W, 23, 0 %, 2 MiB, 1, 16
2026/04/26 12:23:29.159, 6, P8, 22 MHz, 405 MHz, 17.44 W, 24, 0 %, 2 MiB, 1, 16
2026/04/26 12:23:29.159, 7, P8, 22 MHz, 405 MHz, 14.95 W, 24, 0 %, 2 MiB, 1, 16
2026/04/26 12:23:30.159, 0, P8, 22 MHz, 405 MHz, 39.28 W, 24, 0 %, 2 MiB, 1, 16
2026/04/26 12:23:30.160, 1, P8, 22 MHz, 405 MHz, 24.28 W, 24, 0 %, 2 MiB, 1, 16
2026/04/26 12:23:30.160, 2, P8, 22 MHz, 405 MHz, 19.24 W, 24, 0 %, 2 MiB, 1, 16
2026/04/26 12:23:30.160, 3, P8, 22 MHz, 405 MHz, 16.79 W, 24, 0 %, 2 MiB, 1, 16
2026/04/26 12:23:30.160, 4, P8, 22 MHz, 405 MHz, 26.52 W, 23, 0 %, 2 MiB, 1, 16
2026/04/26 12:23:30.160, 5, P8, 22 MHz, 405 MHz, 7.48 W, 23, 0 %, 2 MiB, 1, 16
2026/04/26 12:23:30.160, 6, P8, 22 MHz, 405 MHz, 17.03 W, 24, 0 %, 2 MiB, 1, 16
2026/04/26 12:23:30.160, 7, P8, 22 MHz, 405 MHz, 14.98 W, 24, 0 %, 2 MiB, 1, 16
2026/04/26 12:23:31.160, 0, P8, 22 MHz, 405 MHz, 38.88 W, 24, 0 %, 2 MiB, 1, 16
2026/04/26 12:23:31.161, 1, P8, 22 MHz, 405 MHz, 24.29 W, 24, 0 %, 2 MiB, 1, 16
2026/04/26 12:23:31.161, 2, P8, 22 MHz, 405 MHz, 19.30 W, 24, 0 %, 2 MiB, 1, 16
2026/04/26 12:23:31.161, 3, P8, 22 MHz, 405 MHz, 16.75 W, 24, 0 %, 2 MiB, 1, 16
2026/04/26 12:23:31.161, 4, P8, 22 MHz, 405 MHz, 26.43 W, 23, 0 %, 2 MiB, 1, 16
2026/04/26 12:23:31.161, 5, P8, 22 MHz, 405 MHz, 7.69 W, 23, 0 %, 2 MiB, 1, 16
2026/04/26 12:23:31.161, 6, P8, 22 MHz, 405 MHz, 17.26 W, 24, 0 %, 2 MiB, 1, 16
2026/04/26 12:23:31.161, 7, P8, 22 MHz, 405 MHz, 14.87 W, 24, 0 %, 2 MiB, 1, 16
2026/04/26 12:23:32.161, 0, P8, 22 MHz, 405 MHz, 38.84 W, 24, 0 %, 2 MiB, 1, 16
2026/04/26 12:23:32.161, 1, P8, 22 MHz, 405 MHz, 24.24 W, 24, 0 %, 2 MiB, 1, 16
2026/04/26 12:23:32.162, 2, P8, 22 MHz, 405 MHz, 19.38 W, 24, 0 %, 2 MiB, 1, 16
2026/04/26 12:23:32.162, 3, P8, 22 MHz, 405 MHz, 16.80 W, 24, 0 %, 2 MiB, 1, 16
2026/04/26 12:23:32.162, 4, P8, 22 MHz, 405 MHz, 26.60 W, 23, 0 %, 2 MiB, 1, 16
2026/04/26 12:23:32.162, 5, P8, 22 MHz, 405 MHz, 7.61 W, 23, 0 %, 2 MiB, 1, 16
2026/04/26 12:23:32.162, 6, P8, 22 MHz, 405 MHz, 17.45 W, 24, 0 %, 2 MiB, 1, 16
2026/04/26 12:23:32.162, 7, P8, 22 MHz, 405 MHz, 14.84 W, 24, 0 %, 2 MiB, 1, 16
2026/04/26 12:23:33.162, 0, P8, 22 MHz, 405 MHz, 38.74 W, 24, 0 %, 2 MiB, 1, 16
2026/04/26 12:23:33.162, 1, P8, 22 MHz, 405 MHz, 24.18 W, 24, 0 %, 2 MiB, 1, 16
2026/04/26 12:23:33.162, 2, P8, 22 MHz, 405 MHz, 19.28 W, 24, 0 %, 2 MiB, 1, 16
2026/04/26 12:23:33.162, 3, P8, 22 MHz, 405 MHz, 16.21 W, 24, 0 %, 2 MiB, 1, 16
2026/04/26 12:23:33.163, 4, P8, 22 MHz, 405 MHz, 26.19 W, 23, 0 %, 2 MiB, 1, 16
2026/04/26 12:23:33.163, 5, P8, 22 MHz, 405 MHz, 7.66 W, 23, 0 %, 2 MiB, 1, 16
2026/04/26 12:23:33.163, 6, P8, 22 MHz, 405 MHz, 17.22 W, 24, 0 %, 2 MiB, 1, 16
2026/04/26 12:23:33.163, 7, P8, 22 MHz, 405 MHz, 14.80 W, 24, 0 %, 2 MiB, 1, 16
2026/04/26 12:23:34.163, 0, P8, 22 MHz, 405 MHz, 38.72 W, 24, 0 %, 2 MiB, 1, 16
2026/04/26 12:23:34.163, 1, P8, 22 MHz, 405 MHz, 24.19 W, 24, 0 %, 2 MiB, 1, 16
2026/04/26 12:23:34.163, 2, P8, 22 MHz, 405 MHz, 19.16 W, 24, 0 %, 2 MiB, 1, 16
2026/04/26 12:23:34.163, 3, P8, 21 MHz, 405 MHz, 16.29 W, 24, 0 %, 2 MiB, 1, 16
2026/04/26 12:23:34.163, 4, P8, 22 MHz, 405 MHz, 26.07 W, 23, 0 %, 2 MiB, 1, 16
2026/04/26 12:23:34.163, 5, P8, 22 MHz, 405 MHz, 7.63 W, 23, 0 %, 2 MiB, 1, 16
2026/04/26 12:23:34.164, 6, P8, 22 MHz, 405 MHz, 17.28 W, 24, 0 %, 2 MiB, 1, 16
2026/04/26 12:23:34.164, 7, P8, 22 MHz, 405 MHz, 15.19 W, 24, 0 %, 2 MiB, 1, 16
2026/04/26 12:23:35.164, 0, P8, 22 MHz, 405 MHz, 38.62 W, 24, 0 %, 2 MiB, 1, 16
2026/04/26 12:23:35.164, 1, P8, 22 MHz, 405 MHz, 24.23 W, 24, 0 %, 2 MiB, 1, 16
2026/04/26 12:23:35.164, 2, P8, 22 MHz, 405 MHz, 19.07 W, 24, 0 %, 2 MiB, 1, 16
2026/04/26 12:23:35.164, 3, P8, 22 MHz, 405 MHz, 16.94 W, 24, 0 %, 2 MiB, 1, 16
2026/04/26 12:23:35.164, 4, P8, 22 MHz, 405 MHz, 25.91 W, 23, 0 %, 2 MiB, 1, 16
2026/04/26 12:23:35.164, 5, P8, 22 MHz, 405 MHz, 7.55 W, 23, 0 %, 2 MiB, 1, 16
2026/04/26 12:23:35.164, 6, P8, 22 MHz, 405 MHz, 17.32 W, 24, 0 %, 2 MiB, 1, 16
2026/04/26 12:23:35.164, 7, P8, 22 MHz, 405 MHz, 15.19 W, 24, 0 %, 2 MiB, 1, 16
2026/04/26 12:23:36.165, 0, P8, 22 MHz, 405 MHz, 38.68 W, 24, 0 %, 2 MiB, 1, 16
2026/04/26 12:23:36.165, 1, P8, 22 MHz, 405 MHz, 24.10 W, 24, 0 %, 2 MiB, 1, 16
2026/04/26 12:23:36.165, 2, P8, 22 MHz, 405 MHz, 19.41 W, 24, 0 %, 2 MiB, 1, 16
2026/04/26 12:23:36.165, 3, P8, 22 MHz, 405 MHz, 16.80 W, 24, 0 %, 2 MiB, 1, 16
2026/04/26 12:23:36.165, 4, P8, 22 MHz, 405 MHz, 26.32 W, 23, 0 %, 2 MiB, 1, 16
2026/04/26 12:23:36.165, 5, P8, 22 MHz, 405 MHz, 7.56 W, 23, 0 %, 2 MiB, 1, 16
2026/04/26 12:23:36.165, 6, P8, 22 MHz, 405 MHz, 17.06 W, 24, 0 %, 2 MiB, 1, 16
2026/04/26 12:23:36.165, 7, P8, 22 MHz, 405 MHz, 15.06 W, 24, 0 %, 2 MiB, 1, 16
2026/04/26 12:23:37.166, 0, P8, 22 MHz, 405 MHz, 38.62 W, 24, 0 %, 2 MiB, 1, 16
2026/04/26 12:23:37.166, 1, P8, 22 MHz, 405 MHz, 24.09 W, 24, 0 %, 2 MiB, 1, 16
2026/04/26 12:23:37.166, 2, P8, 22 MHz, 405 MHz, 19.30 W, 24, 0 %, 2 MiB, 1, 16
2026/04/26 12:23:37.166, 3, P8, 22 MHz, 405 MHz, 16.62 W, 24, 0 %, 2 MiB, 1, 16
2026/04/26 12:23:37.166, 4, P8, 22 MHz, 405 MHz, 26.13 W, 23, 0 %, 2 MiB, 1, 16
2026/04/26 12:23:37.166, 5, P8, 22 MHz, 405 MHz, 7.77 W, 23, 0 %, 2 MiB, 1, 16
2026/04/26 12:23:37.166, 6, P8, 22 MHz, 405 MHz, 17.05 W, 24, 0 %, 2 MiB, 1, 16
2026/04/26 12:23:37.166, 7, P8, 22 MHz, 405 MHz, 15.05 W, 24, 0 %, 2 MiB, 1, 16
2026/04/26 12:23:38.166, 0, P8, 22 MHz, 405 MHz, 38.56 W, 24, 0 %, 2 MiB, 1, 16
2026/04/26 12:23:38.167, 1, P8, 22 MHz, 405 MHz, 24.24 W, 24, 0 %, 2 MiB, 1, 16
2026/04/26 12:23:38.167, 2, P8, 22 MHz, 405 MHz, 19.27 W, 24, 0 %, 2 MiB, 1, 16
2026/04/26 12:23:38.167, 3, P8, 22 MHz, 405 MHz, 16.67 W, 24, 0 %, 2 MiB, 1, 16
2026/04/26 12:23:38.167, 4, P8, 22 MHz, 405 MHz, 26.19 W, 23, 0 %, 2 MiB, 1, 16
2026/04/26 12:23:38.167, 5, P8, 22 MHz, 405 MHz, 7.74 W, 23, 0 %, 2 MiB, 1, 16
2026/04/26 12:23:38.167, 6, P8, 22 MHz, 405 MHz, 17.23 W, 24, 0 %, 2 MiB, 1, 16
2026/04/26 12:23:38.167, 7, P8, 22 MHz, 405 MHz, 14.97 W, 24, 0 %, 2 MiB, 1, 16
2026/04/26 12:23:39.167, 0, P8, 22 MHz, 405 MHz, 39.01 W, 24, 0 %, 2 MiB, 1, 16
2026/04/26 12:23:39.167, 1, P8, 22 MHz, 405 MHz, 24.26 W, 24, 0 %, 2 MiB, 1, 16
2026/04/26 12:23:39.168, 2, P8, 22 MHz, 405 MHz, 19.45 W, 24, 0 %, 2 MiB, 1, 16
2026/04/26 12:23:39.168, 3, P8, 22 MHz, 405 MHz, 16.63 W, 24, 0 %, 2 MiB, 1, 16
2026/04/26 12:23:39.168, 4, P8, 22 MHz, 405 MHz, 26.18 W, 23, 0 %, 2 MiB, 1, 16
2026/04/26 12:23:39.168, 5, P8, 22 MHz, 405 MHz, 8.06 W, 23, 0 %, 2 MiB, 1, 16
2026/04/26 12:23:39.168, 6, P8, 22 MHz, 405 MHz, 17.45 W, 24, 0 %, 2 MiB, 1, 16
2026/04/26 12:23:39.168, 7, P8, 22 MHz, 405 MHz, 15.14 W, 24, 0 %, 2 MiB, 1, 16
2026/04/26 12:23:40.168, 0, P8, 22 MHz, 405 MHz, 39.32 W, 24, 0 %, 2 MiB, 1, 16
2026/04/26 12:23:40.168, 1, P8, 22 MHz, 405 MHz, 24.36 W, 24, 0 %, 2 MiB, 1, 16
2026/04/26 12:23:40.168, 2, P8, 22 MHz, 405 MHz, 19.86 W, 24, 0 %, 2 MiB, 1, 16
2026/04/26 12:23:40.168, 3, P8, 22 MHz, 405 MHz, 16.58 W, 24, 0 %, 2 MiB, 1, 16
2026/04/26 12:23:40.168, 4, P8, 22 MHz, 405 MHz, 26.66 W, 23, 0 %, 2 MiB, 1, 16
2026/04/26 12:23:40.169, 5, P8, 22 MHz, 405 MHz, 8.29 W, 23, 0 %, 2 MiB, 1, 16
2026/04/26 12:23:40.169, 6, P8, 22 MHz, 405 MHz, 17.68 W, 24, 0 %, 2 MiB, 1, 16
2026/04/26 12:23:40.169, 7, P8, 22 MHz, 405 MHz, 15.26 W, 24, 0 %, 2 MiB, 1, 16
2026/04/26 12:23:41.169, 0, P8, 22 MHz, 405 MHz, 38.50 W, 24, 0 %, 2 MiB, 1, 16
2026/04/26 12:23:41.169, 1, P8, 22 MHz, 405 MHz, 24.36 W, 24, 0 %, 2 MiB, 1, 16
2026/04/26 12:23:41.169, 2, P8, 22 MHz, 405 MHz, 19.03 W, 24, 0 %, 2 MiB, 1, 16
2026/04/26 12:23:41.169, 3, P8, 22 MHz, 405 MHz, 16.52 W, 24, 0 %, 2 MiB, 1, 16
2026/04/26 12:23:41.169, 4, P8, 22 MHz, 405 MHz, 26.11 W, 23, 0 %, 2 MiB, 1, 16
2026/04/26 12:23:41.169, 5, P8, 22 MHz, 405 MHz, 7.77 W, 23, 0 %, 2 MiB, 1, 16
2026/04/26 12:23:41.169, 6, P8, 22 MHz, 405 MHz, 17.72 W, 24, 0 %, 2 MiB, 1, 16
2026/04/26 12:23:41.169, 7, P8, 22 MHz, 405 MHz, 15.08 W, 24, 0 %, 2 MiB, 1, 16
2026/04/26 12:23:42.170, 0, P8, 22 MHz, 405 MHz, 38.54 W, 24, 0 %, 2 MiB, 1, 16
2026/04/26 12:23:42.170, 1, P8, 22 MHz, 405 MHz, 24.41 W, 24, 0 %, 2 MiB, 1, 16
2026/04/26 12:23:42.172, 2, P8, 22 MHz, 405 MHz, 19.14 W, 24, 0 %, 2 MiB, 1, 16
2026/04/26 12:23:42.172, 3, P8, 22 MHz, 405 MHz, 16.64 W, 24, 0 %, 2 MiB, 1, 16
2026/04/26 12:23:42.173, 4, P8, 22 MHz, 405 MHz, 25.78 W, 23, 0 %, 2 MiB, 1, 16
2026/04/26 12:23:42.173, 5, P8, 22 MHz, 405 MHz, 7.82 W, 23, 0 %, 2 MiB, 1, 16
2026/04/26 12:23:42.173, 6, P8, 22 MHz, 405 MHz, 17.59 W, 24, 0 %, 2 MiB, 1, 16
2026/04/26 12:23:42.173, 7, P8, 22 MHz, 405 MHz, 14.95 W, 24, 0 %, 2 MiB, 1, 16
2026/04/26 12:23:43.173, 0, P8, 22 MHz, 405 MHz, 38.44 W, 24, 0 %, 2 MiB, 1, 16
2026/04/26 12:23:43.173, 1, P8, 22 MHz, 405 MHz, 24.31 W, 24, 0 %, 2 MiB, 1, 16
2026/04/26 12:23:43.173, 2, P8, 22 MHz, 405 MHz, 19.32 W, 24, 0 %, 2 MiB, 1, 16
2026/04/26 12:23:43.173, 3, P8, 22 MHz, 405 MHz, 16.73 W, 24, 0 %, 2 MiB, 1, 16
2026/04/26 12:23:43.173, 4, P8, 22 MHz, 405 MHz, 25.75 W, 23, 0 %, 2 MiB, 1, 16
2026/04/26 12:23:43.173, 5, P8, 22 MHz, 405 MHz, 8.02 W, 23, 0 %, 2 MiB, 1, 16
2026/04/26 12:23:43.174, 6, P8, 22 MHz, 405 MHz, 17.42 W, 24, 0 %, 2 MiB, 1, 16
2026/04/26 12:23:43.174, 7, P8, 22 MHz, 405 MHz, 14.67 W, 24, 0 %, 2 MiB, 1, 16
2026/04/26 12:23:44.174, 0, P8, 22 MHz, 405 MHz, 38.23 W, 24, 0 %, 2 MiB, 1, 16
2026/04/26 12:23:44.174, 1, P8, 22 MHz, 405 MHz, 24.40 W, 24, 0 %, 2 MiB, 1, 16
2026/04/26 12:23:44.174, 2, P8, 22 MHz, 405 MHz, 19.44 W, 24, 0 %, 2 MiB, 1, 16
2026/04/26 12:23:44.174, 3, P8, 22 MHz, 405 MHz, 16.40 W, 24, 0 %, 2 MiB, 1, 16
2026/04/26 12:23:44.174, 4, P8, 22 MHz, 405 MHz, 25.77 W, 23, 0 %, 2 MiB, 1, 16
2026/04/26 12:23:44.174, 5, P8, 22 MHz, 405 MHz, 8.09 W, 23, 0 %, 2 MiB, 1, 16
2026/04/26 12:23:44.174, 6, P8, 22 MHz, 405 MHz, 17.49 W, 24, 0 %, 2 MiB, 1, 16
2026/04/26 12:23:44.174, 7, P8, 22 MHz, 405 MHz, 14.59 W, 24, 0 %, 2 MiB, 1, 16
2026/04/26 12:23:45.175, 0, P8, 22 MHz, 405 MHz, 38.45 W, 24, 0 %, 2 MiB, 1, 16
2026/04/26 12:23:45.175, 1, P8, 22 MHz, 405 MHz, 24.45 W, 24, 0 %, 2 MiB, 1, 16
2026/04/26 12:23:45.175, 2, P8, 22 MHz, 405 MHz, 19.49 W, 24, 0 %, 2 MiB, 1, 16
2026/04/26 12:23:45.175, 3, P8, 22 MHz, 405 MHz, 16.48 W, 24, 0 %, 2 MiB, 1, 16
2026/04/26 12:23:45.175, 4, P8, 22 MHz, 405 MHz, 25.77 W, 23, 0 %, 2 MiB, 1, 16
2026/04/26 12:23:45.175, 5, P8, 22 MHz, 405 MHz, 8.04 W, 23, 0 %, 2 MiB, 1, 16
2026/04/26 12:23:45.175, 6, P8, 22 MHz, 405 MHz, 17.89 W, 24, 0 %, 2 MiB, 1, 16
2026/04/26 12:23:45.175, 7, P8, 22 MHz, 405 MHz, 14.39 W, 24, 0 %, 2 MiB, 1, 16
2026/04/26 12:23:46.176, 0, P8, 22 MHz, 405 MHz, 38.58 W, 24, 0 %, 2 MiB, 1, 16
2026/04/26 12:23:46.176, 1, P8, 22 MHz, 405 MHz, 24.48 W, 24, 0 %, 2 MiB, 1, 16
2026/04/26 12:23:46.176, 2, P8, 22 MHz, 405 MHz, 19.25 W, 24, 0 %, 2 MiB, 1, 16
2026/04/26 12:23:46.176, 3, P8, 22 MHz, 405 MHz, 16.35 W, 24, 0 %, 2 MiB, 1, 16
2026/04/26 12:23:46.176, 4, P8, 22 MHz, 405 MHz, 26.12 W, 23, 0 %, 2 MiB, 1, 16
2026/04/26 12:23:46.176, 5, P8, 22 MHz, 405 MHz, 8.10 W, 23, 0 %, 2 MiB, 1, 16
2026/04/26 12:23:46.176, 6, P8, 22 MHz, 405 MHz, 17.66 W, 24, 0 %, 2 MiB, 1, 16
2026/04/26 12:23:46.176, 7, P8, 22 MHz, 405 MHz, 14.39 W, 24, 0 %, 2 MiB, 1, 16
2026/04/26 12:23:47.177, 0, P8, 22 MHz, 405 MHz, 38.46 W, 24, 0 %, 2 MiB, 1, 16
2026/04/26 12:23:47.177, 1, P8, 22 MHz, 405 MHz, 24.41 W, 24, 0 %, 2 MiB, 1, 16
2026/04/26 12:23:47.177, 2, P8, 22 MHz, 405 MHz, 19.13 W, 24, 0 %, 2 MiB, 1, 16
2026/04/26 12:23:47.177, 3, P8, 22 MHz, 405 MHz, 16.20 W, 24, 0 %, 2 MiB, 1, 16
2026/04/26 12:23:47.177, 4, P8, 22 MHz, 405 MHz, 26.13 W, 23, 0 %, 2 MiB, 1, 16
2026/04/26 12:23:47.177, 5, P8, 22 MHz, 405 MHz, 8.01 W, 23, 0 %, 2 MiB, 1, 16
2026/04/26 12:23:47.177, 6, P8, 22 MHz, 405 MHz, 17.88 W, 24, 0 %, 2 MiB, 1, 16
2026/04/26 12:23:47.177, 7, P8, 22 MHz, 405 MHz, 14.91 W, 24, 0 %, 2 MiB, 1, 16
2026/04/26 12:23:48.177, 0, P8, 22 MHz, 405 MHz, 38.71 W, 24, 0 %, 2 MiB, 1, 16
2026/04/26 12:23:48.177, 1, P8, 22 MHz, 405 MHz, 24.41 W, 24, 0 %, 2 MiB, 1, 16
2026/04/26 12:23:48.177, 2, P8, 22 MHz, 405 MHz, 18.97 W, 24, 0 %, 2 MiB, 1, 16
2026/04/26 12:23:48.177, 3, P8, 22 MHz, 405 MHz, 16.12 W, 24, 0 %, 2 MiB, 1, 16
2026/04/26 12:23:48.177, 4, P8, 22 MHz, 405 MHz, 26.22 W, 23, 0 %, 2 MiB, 1, 16
2026/04/26 12:23:48.178, 5, P8, 22 MHz, 405 MHz, 8.02 W, 23, 0 %, 2 MiB, 1, 16
2026/04/26 12:23:48.178, 6, P8, 22 MHz, 405 MHz, 17.91 W, 24, 0 %, 2 MiB, 1, 16
2026/04/26 12:23:48.178, 7, P8, 22 MHz, 405 MHz, 14.90 W, 24, 0 %, 2 MiB, 1, 16
2026/04/26 12:23:49.178, 0, P8, 22 MHz, 405 MHz, 39.13 W, 24, 0 %, 2 MiB, 1, 16
2026/04/26 12:23:49.178, 1, P8, 22 MHz, 405 MHz, 24.42 W, 24, 0 %, 2 MiB, 1, 16
2026/04/26 12:23:49.178, 2, P8, 22 MHz, 405 MHz, 19.05 W, 24, 0 %, 2 MiB, 1, 16
2026/04/26 12:23:49.178, 3, P8, 22 MHz, 405 MHz, 16.22 W, 24, 0 %, 2 MiB, 1, 16
2026/04/26 12:23:49.178, 4, P8, 22 MHz, 405 MHz, 26.27 W, 23, 0 %, 2 MiB, 1, 16
2026/04/26 12:23:49.178, 5, P8, 22 MHz, 405 MHz, 8.12 W, 23, 0 %, 2 MiB, 1, 16
2026/04/26 12:23:49.178, 6, P8, 22 MHz, 405 MHz, 17.73 W, 24, 0 %, 2 MiB, 1, 16
2026/04/26 12:23:49.178, 7, P8, 22 MHz, 405 MHz, 14.80 W, 24, 0 %, 2 MiB, 1, 16
2026/04/26 12:23:50.179, 0, P8, 22 MHz, 405 MHz, 39.13 W, 24, 0 %, 2 MiB, 1, 16
2026/04/26 12:23:50.179, 1, P8, 22 MHz, 405 MHz, 24.27 W, 24, 0 %, 2 MiB, 1, 16
2026/04/26 12:23:50.179, 2, P8, 22 MHz, 405 MHz, 19.48 W, 24, 0 %, 2 MiB, 1, 16
2026/04/26 12:23:50.179, 3, P8, 22 MHz, 405 MHz, 16.21 W, 24, 0 %, 2 MiB, 1, 16
2026/04/26 12:23:50.179, 4, P8, 22 MHz, 405 MHz, 26.22 W, 23, 0 %, 2 MiB, 1, 16
2026/04/26 12:23:50.179, 5, P8, 22 MHz, 405 MHz, 8.09 W, 23, 0 %, 2 MiB, 1, 16
2026/04/26 12:23:50.179, 6, P8, 22 MHz, 405 MHz, 17.60 W, 24, 0 %, 2 MiB, 1, 16
2026/04/26 12:23:50.179, 7, P8, 22 MHz, 405 MHz, 14.74 W, 24, 0 %, 2 MiB, 1, 16
2026/04/26 12:23:51.180, 0, P8, 22 MHz, 405 MHz, 39.12 W, 24, 0 %, 2 MiB, 1, 16
2026/04/26 12:23:51.180, 1, P8, 22 MHz, 405 MHz, 24.16 W, 24, 0 %, 2 MiB, 1, 16
2026/04/26 12:23:51.180, 2, P8, 22 MHz, 405 MHz, 19.17 W, 24, 0 %, 2 MiB, 1, 16
2026/04/26 12:23:51.180, 3, P8, 22 MHz, 405 MHz, 16.28 W, 24, 0 %, 2 MiB, 1, 16
2026/04/26 12:23:51.180, 4, P8, 22 MHz, 405 MHz, 26.28 W, 23, 0 %, 2 MiB, 1, 16
2026/04/26 12:23:51.180, 5, P8, 22 MHz, 405 MHz, 7.80 W, 23, 0 %, 2 MiB, 1, 16
2026/04/26 12:23:51.180, 6, P8, 22 MHz, 405 MHz, 17.71 W, 24, 0 %, 2 MiB, 1, 16
2026/04/26 12:23:51.180, 7, P8, 22 MHz, 405 MHz, 14.74 W, 24, 0 %, 2 MiB, 1, 16
2026/04/26 12:23:52.181, 0, P8, 22 MHz, 405 MHz, 38.80 W, 24, 0 %, 2 MiB, 1, 16
2026/04/26 12:23:52.181, 1, P8, 22 MHz, 405 MHz, 24.57 W, 24, 0 %, 2 MiB, 1, 16
2026/04/26 12:23:52.181, 2, P8, 22 MHz, 405 MHz, 18.83 W, 24, 0 %, 2 MiB, 1, 16
2026/04/26 12:23:52.181, 3, P8, 22 MHz, 405 MHz, 16.07 W, 24, 0 %, 2 MiB, 1, 16
2026/04/26 12:23:52.181, 4, P8, 22 MHz, 405 MHz, 26.49 W, 23, 0 %, 2 MiB, 1, 16
2026/04/26 12:23:52.181, 5, P8, 22 MHz, 405 MHz, 7.90 W, 23, 0 %, 2 MiB, 1, 16
2026/04/26 12:23:52.181, 6, P8, 22 MHz, 405 MHz, 17.78 W, 24, 0 %, 2 MiB, 1, 16
2026/04/26 12:23:52.181, 7, P8, 22 MHz, 405 MHz, 14.56 W, 24, 0 %, 2 MiB, 1, 16
2026/04/26 12:23:53.181, 0, P8, 22 MHz, 405 MHz, 38.80 W, 24, 0 %, 2 MiB, 1, 16
2026/04/26 12:23:53.182, 1, P8, 22 MHz, 405 MHz, 24.48 W, 24, 0 %, 2 MiB, 1, 16
2026/04/26 12:23:53.182, 2, P8, 22 MHz, 405 MHz, 18.93 W, 24, 0 %, 2 MiB, 1, 16
2026/04/26 12:23:53.182, 3, P8, 22 MHz, 405 MHz, 15.85 W, 24, 0 %, 2 MiB, 1, 16
2026/04/26 12:23:53.182, 4, P8, 22 MHz, 405 MHz, 25.82 W, 23, 0 %, 2 MiB, 1, 16
2026/04/26 12:23:53.182, 5, P8, 22 MHz, 405 MHz, 7.73 W, 23, 0 %, 2 MiB, 1, 16
2026/04/26 12:23:53.182, 6, P8, 22 MHz, 405 MHz, 17.74 W, 24, 0 %, 2 MiB, 1, 16
2026/04/26 12:23:53.182, 7, P8, 22 MHz, 405 MHz, 14.54 W, 24, 0 %, 2 MiB, 1, 16
2026/04/26 12:23:54.182, 0, P8, 22 MHz, 405 MHz, 38.81 W, 24, 0 %, 2 MiB, 1, 16
2026/04/26 12:23:54.182, 1, P8, 22 MHz, 405 MHz, 24.56 W, 24, 0 %, 2 MiB, 1, 16
2026/04/26 12:23:54.183, 2, P8, 22 MHz, 405 MHz, 18.57 W, 24, 0 %, 2 MiB, 1, 16
2026/04/26 12:23:54.183, 3, P8, 22 MHz, 405 MHz, 16.07 W, 24, 0 %, 2 MiB, 1, 16
2026/04/26 12:23:54.183, 4, P8, 22 MHz, 405 MHz, 25.91 W, 23, 0 %, 2 MiB, 1, 16
2026/04/26 12:23:54.183, 5, P8, 22 MHz, 405 MHz, 7.78 W, 23, 0 %, 2 MiB, 1, 16
2026/04/26 12:23:54.183, 6, P8, 22 MHz, 405 MHz, 17.79 W, 24, 0 %, 2 MiB, 1, 16
2026/04/26 12:23:54.183, 7, P8, 22 MHz, 405 MHz, 14.61 W, 24, 0 %, 2 MiB, 1, 16
2026/04/26 12:23:55.184, 0, P8, 22 MHz, 405 MHz, 38.99 W, 24, 0 %, 2 MiB, 1, 16
2026/04/26 12:23:55.184, 1, P8, 22 MHz, 405 MHz, 24.40 W, 24, 0 %, 2 MiB, 1, 16
2026/04/26 12:23:55.184, 2, P8, 22 MHz, 405 MHz, 19.00 W, 24, 0 %, 2 MiB, 1, 16
2026/04/26 12:23:55.184, 3, P8, 22 MHz, 405 MHz, 16.40 W, 24, 0 %, 2 MiB, 1, 16
2026/04/26 12:23:55.184, 4, P8, 22 MHz, 405 MHz, 26.06 W, 23, 0 %, 2 MiB, 1, 16
2026/04/26 12:23:55.184, 5, P8, 22 MHz, 405 MHz, 7.94 W, 23, 0 %, 2 MiB, 1, 16
2026/04/26 12:23:55.184, 6, P8, 22 MHz, 405 MHz, 17.66 W, 24, 0 %, 2 MiB, 1, 16
2026/04/26 12:23:55.184, 7, P8, 22 MHz, 405 MHz, 14.65 W, 24, 0 %, 2 MiB, 1, 16
2026/04/26 12:23:56.185, 0, P8, 22 MHz, 405 MHz, 39.05 W, 24, 0 %, 2 MiB, 1, 16
2026/04/26 12:23:56.185, 1, P8, 22 MHz, 405 MHz, 24.35 W, 24, 0 %, 2 MiB, 1, 16
2026/04/26 12:23:56.185, 2, P8, 22 MHz, 405 MHz, 18.88 W, 24, 0 %, 2 MiB, 1, 16
2026/04/26 12:23:56.185, 3, P8, 22 MHz, 405 MHz, 16.85 W, 24, 0 %, 2 MiB, 1, 16
2026/04/26 12:23:56.185, 4, P8, 22 MHz, 405 MHz, 25.97 W, 23, 0 %, 2 MiB, 1, 16
2026/04/26 12:23:56.185, 5, P8, 22 MHz, 405 MHz, 7.90 W, 23, 0 %, 2 MiB, 1, 16
2026/04/26 12:23:56.185, 6, P8, 22 MHz, 405 MHz, 17.22 W, 24, 0 %, 2 MiB, 1, 16
2026/04/26 12:23:56.185, 7, P8, 22 MHz, 405 MHz, 14.55 W, 24, 0 %, 2 MiB, 1, 16
2026/04/26 12:23:57.185, 0, P8, 22 MHz, 405 MHz, 38.77 W, 24, 0 %, 2 MiB, 1, 16
2026/04/26 12:23:57.185, 1, P8, 22 MHz, 405 MHz, 24.30 W, 24, 0 %, 2 MiB, 1, 16
2026/04/26 12:23:57.186, 2, P8, 22 MHz, 405 MHz, 18.76 W, 24, 0 %, 2 MiB, 1, 16
2026/04/26 12:23:57.186, 3, P8, 22 MHz, 405 MHz, 16.72 W, 24, 0 %, 2 MiB, 1, 16
2026/04/26 12:23:57.186, 4, P8, 22 MHz, 405 MHz, 25.51 W, 23, 0 %, 2 MiB, 1, 16
2026/04/26 12:23:57.186, 5, P8, 22 MHz, 405 MHz, 8.26 W, 23, 0 %, 2 MiB, 1, 16
2026/04/26 12:23:57.186, 6, P8, 22 MHz, 405 MHz, 17.70 W, 24, 0 %, 2 MiB, 1, 16
2026/04/26 12:23:57.186, 7, P8, 22 MHz, 405 MHz, 14.55 W, 24, 0 %, 2 MiB, 1, 16
2026/04/26 12:23:58.187, 0, P8, 22 MHz, 405 MHz, 38.67 W, 24, 0 %, 2 MiB, 1, 16
2026/04/26 12:23:58.187, 1, P8, 22 MHz, 405 MHz, 24.47 W, 24, 0 %, 2 MiB, 1, 16
2026/04/26 12:23:58.187, 2, P8, 22 MHz, 405 MHz, 18.91 W, 24, 0 %, 2 MiB, 1, 16
2026/04/26 12:23:58.187, 3, P8, 22 MHz, 405 MHz, 16.77 W, 24, 0 %, 2 MiB, 1, 16
2026/04/26 12:23:58.187, 4, P8, 22 MHz, 405 MHz, 25.60 W, 23, 0 %, 2 MiB, 1, 16
2026/04/26 12:23:58.187, 5, P8, 22 MHz, 405 MHz, 8.07 W, 23, 0 %, 2 MiB, 1, 16
2026/04/26 12:23:58.187, 6, P8, 22 MHz, 405 MHz, 17.84 W, 24, 0 %, 2 MiB, 1, 16
2026/04/26 12:23:58.187, 7, P8, 22 MHz, 405 MHz, 14.61 W, 24, 0 %, 2 MiB, 1, 16
2026/04/26 12:23:59.188, 0, P8, 22 MHz, 405 MHz, 38.65 W, 24, 0 %, 2 MiB, 1, 16
2026/04/26 12:23:59.188, 1, P8, 22 MHz, 405 MHz, 24.53 W, 24, 0 %, 2 MiB, 1, 16
2026/04/26 12:23:59.188, 2, P8, 22 MHz, 405 MHz, 19.07 W, 24, 0 %, 2 MiB, 1, 16
2026/04/26 12:23:59.188, 3, P8, 22 MHz, 405 MHz, 16.69 W, 24, 0 %, 2 MiB, 1, 16
2026/04/26 12:23:59.188, 4, P8, 22 MHz, 405 MHz, 25.91 W, 23, 0 %, 2 MiB, 1, 16
2026/04/26 12:23:59.188, 5, P8, 22 MHz, 405 MHz, 8.05 W, 23, 0 %, 2 MiB, 1, 16
2026/04/26 12:23:59.188, 6, P8, 22 MHz, 405 MHz, 17.85 W, 24, 0 %, 2 MiB, 1, 16
2026/04/26 12:23:59.188, 7, P8, 22 MHz, 405 MHz, 14.61 W, 24, 0 %, 2 MiB, 1, 16
2026/04/26 12:24:00.189, 0, P8, 22 MHz, 405 MHz, 38.52 W, 24, 0 %, 2 MiB, 1, 16
2026/04/26 12:24:00.189, 1, P8, 22 MHz, 405 MHz, 24.67 W, 24, 0 %, 2 MiB, 1, 16
2026/04/26 12:24:00.189, 2, P8, 22 MHz, 405 MHz, 18.89 W, 24, 0 %, 2 MiB, 1, 16
2026/04/26 12:24:00.189, 3, P8, 22 MHz, 405 MHz, 16.75 W, 24, 0 %, 2 MiB, 1, 16
2026/04/26 12:24:00.189, 4, P8, 22 MHz, 405 MHz, 25.98 W, 23, 0 %, 2 MiB, 1, 16
2026/04/26 12:24:00.189, 5, P8, 21 MHz, 405 MHz, 8.26 W, 23, 0 %, 2 MiB, 1, 16
2026/04/26 12:24:00.189, 6, P8, 22 MHz, 405 MHz, 17.92 W, 24, 0 %, 2 MiB, 1, 16
2026/04/26 12:24:00.189, 7, P8, 22 MHz, 405 MHz, 14.96 W, 24, 0 %, 2 MiB, 1, 16
2026/04/26 12:24:01.189, 0, P8, 22 MHz, 405 MHz, 38.71 W, 24, 0 %, 2 MiB, 1, 16
2026/04/26 12:24:01.189, 1, P8, 22 MHz, 405 MHz, 24.71 W, 24, 0 %, 2 MiB, 1, 16
2026/04/26 12:24:01.190, 2, P8, 22 MHz, 405 MHz, 18.78 W, 24, 0 %, 2 MiB, 1, 16
2026/04/26 12:24:01.190, 3, P8, 22 MHz, 405 MHz, 16.43 W, 24, 0 %, 2 MiB, 1, 16
2026/04/26 12:24:01.190, 4, P8, 22 MHz, 405 MHz, 25.80 W, 23, 0 %, 2 MiB, 1, 16
2026/04/26 12:24:01.190, 5, P8, 22 MHz, 405 MHz, 8.02 W, 23, 0 %, 2 MiB, 1, 16
2026/04/26 12:24:01.190, 6, P8, 22 MHz, 405 MHz, 17.90 W, 24, 0 %, 2 MiB, 1, 16
2026/04/26 12:24:01.190, 7, P8, 22 MHz, 405 MHz, 14.80 W, 24, 0 %, 2 MiB, 1, 16
2026/04/26 12:24:02.190, 0, P8, 22 MHz, 405 MHz, 38.63 W, 24, 0 %, 2 MiB, 1, 16
2026/04/26 12:24:02.190, 1, P8, 22 MHz, 405 MHz, 24.62 W, 24, 0 %, 2 MiB, 1, 16
2026/04/26 12:24:02.190, 2, P8, 22 MHz, 405 MHz, 18.93 W, 24, 0 %, 2 MiB, 1, 16
2026/04/26 12:24:02.190, 3, P8, 22 MHz, 405 MHz, 16.63 W, 24, 0 %, 2 MiB, 1, 16
2026/04/26 12:24:02.190, 4, P8, 22 MHz, 405 MHz, 25.89 W, 23, 0 %, 2 MiB, 1, 16
2026/04/26 12:24:02.190, 5, P8, 22 MHz, 405 MHz, 7.82 W, 23, 0 %, 2 MiB, 1, 16
2026/04/26 12:24:02.190, 6, P8, 22 MHz, 405 MHz, 17.53 W, 24, 0 %, 2 MiB, 1, 16
2026/04/26 12:24:02.191, 7, P8, 21 MHz, 405 MHz, 14.26 W, 24, 0 %, 2 MiB, 1, 16
2026/04/26 12:24:03.191, 0, P8, 22 MHz, 405 MHz, 38.53 W, 24, 0 %, 2 MiB, 1, 16
2026/04/26 12:24:03.191, 1, P8, 22 MHz, 405 MHz, 24.52 W, 24, 0 %, 2 MiB, 1, 16
2026/04/26 12:24:03.191, 2, P8, 22 MHz, 405 MHz, 18.88 W, 24, 0 %, 2 MiB, 1, 16
2026/04/26 12:24:03.191, 3, P8, 22 MHz, 405 MHz, 16.36 W, 24, 0 %, 2 MiB, 1, 16
2026/04/26 12:24:03.191, 4, P8, 22 MHz, 405 MHz, 26.03 W, 23, 0 %, 2 MiB, 1, 16
2026/04/26 12:24:03.191, 5, P8, 22 MHz, 405 MHz, 7.92 W, 23, 0 %, 2 MiB, 1, 16
2026/04/26 12:24:03.191, 6, P8, 22 MHz, 405 MHz, 17.64 W, 24, 0 %, 2 MiB, 1, 16
2026/04/26 12:24:03.191, 7, P8, 22 MHz, 405 MHz, 14.40 W, 24, 0 %, 2 MiB, 1, 16
2026/04/26 12:24:04.192, 0, P8, 21 MHz, 405 MHz, 38.74 W, 24, 0 %, 2 MiB, 1, 16
2026/04/26 12:24:04.192, 1, P8, 22 MHz, 405 MHz, 24.53 W, 24, 0 %, 2 MiB, 1, 16
2026/04/26 12:24:04.192, 2, P8, 22 MHz, 405 MHz, 18.97 W, 24, 0 %, 2 MiB, 1, 16
2026/04/26 12:24:04.192, 3, P8, 22 MHz, 405 MHz, 16.58 W, 24, 0 %, 2 MiB, 1, 16
2026/04/26 12:24:04.192, 4, P8, 22 MHz, 405 MHz, 26.53 W, 23, 0 %, 2 MiB, 1, 16
2026/04/26 12:24:04.192, 5, P8, 22 MHz, 405 MHz, 7.52 W, 23, 0 %, 2 MiB, 1, 16
2026/04/26 12:24:04.192, 6, P8, 22 MHz, 405 MHz, 17.81 W, 24, 0 %, 2 MiB, 1, 16
2026/04/26 12:24:04.192, 7, P8, 22 MHz, 405 MHz, 14.60 W, 24, 0 %, 2 MiB, 1, 16
2026/04/26 12:24:05.192, 0, P8, 22 MHz, 405 MHz, 38.87 W, 24, 0 %, 2 MiB, 1, 16
2026/04/26 12:24:05.193, 1, P8, 22 MHz, 405 MHz, 24.42 W, 24, 0 %, 2 MiB, 1, 16
2026/04/26 12:24:05.193, 2, P8, 22 MHz, 405 MHz, 18.74 W, 24, 0 %, 2 MiB, 1, 16
2026/04/26 12:24:05.193, 3, P8, 22 MHz, 405 MHz, 16.73 W, 24, 0 %, 2 MiB, 1, 16
2026/04/26 12:24:05.193, 4, P8, 22 MHz, 405 MHz, 26.63 W, 23, 0 %, 2 MiB, 1, 16
2026/04/26 12:24:05.193, 5, P8, 22 MHz, 405 MHz, 7.61 W, 23, 0 %, 2 MiB, 1, 16
2026/04/26 12:24:05.193, 6, P8, 22 MHz, 405 MHz, 17.69 W, 24, 0 %, 2 MiB, 1, 16
2026/04/26 12:24:05.193, 7, P8, 22 MHz, 405 MHz, 14.57 W, 24, 0 %, 2 MiB, 1, 16
2026/04/26 12:24:06.193, 0, P8, 22 MHz, 405 MHz, 38.52 W, 24, 0 %, 2 MiB, 1, 16
2026/04/26 12:24:06.193, 1, P8, 22 MHz, 405 MHz, 24.19 W, 24, 0 %, 2 MiB, 1, 16
2026/04/26 12:24:06.193, 2, P8, 22 MHz, 405 MHz, 18.70 W, 24, 0 %, 2 MiB, 1, 16
2026/04/26 12:24:06.193, 3, P8, 22 MHz, 405 MHz, 16.80 W, 24, 0 %, 2 MiB, 1, 16
2026/04/26 12:24:06.194, 4, P8, 22 MHz, 405 MHz, 26.36 W, 23, 0 %, 2 MiB, 1, 16
2026/04/26 12:24:06.194, 5, P8, 22 MHz, 405 MHz, 7.54 W, 23, 0 %, 2 MiB, 1, 16
2026/04/26 12:24:06.194, 6, P8, 22 MHz, 405 MHz, 17.74 W, 24, 0 %, 2 MiB, 1, 16
2026/04/26 12:24:06.194, 7, P8, 22 MHz, 405 MHz, 14.55 W, 24, 0 %, 2 MiB, 1, 16
2026/04/26 12:24:07.195, 0, P8, 22 MHz, 405 MHz, 38.33 W, 24, 0 %, 2 MiB, 1, 16
2026/04/26 12:24:07.195, 1, P8, 22 MHz, 405 MHz, 24.26 W, 24, 0 %, 2 MiB, 1, 16
2026/04/26 12:24:07.195, 2, P8, 22 MHz, 405 MHz, 18.91 W, 24, 0 %, 2 MiB, 1, 16
2026/04/26 12:24:07.195, 3, P8, 22 MHz, 405 MHz, 16.78 W, 24, 0 %, 2 MiB, 1, 16
2026/04/26 12:24:07.195, 4, P8, 22 MHz, 405 MHz, 26.31 W, 23, 0 %, 2 MiB, 1, 16
2026/04/26 12:24:07.195, 5, P8, 21 MHz, 405 MHz, 7.32 W, 23, 0 %, 2 MiB, 1, 16
2026/04/26 12:24:07.195, 6, P8, 22 MHz, 405 MHz, 17.90 W, 24, 0 %, 2 MiB, 1, 16
2026/04/26 12:24:07.195, 7, P8, 22 MHz, 405 MHz, 14.54 W, 24, 0 %, 2 MiB, 1, 16
2026/04/26 12:24:08.196, 0, P8, 22 MHz, 405 MHz, 38.79 W, 24, 0 %, 2 MiB, 1, 16
2026/04/26 12:24:08.196, 1, P8, 22 MHz, 405 MHz, 24.29 W, 24, 0 %, 2 MiB, 1, 16
2026/04/26 12:24:08.196, 2, P8, 22 MHz, 405 MHz, 18.89 W, 24, 0 %, 2 MiB, 1, 16
2026/04/26 12:24:08.196, 3, P8, 22 MHz, 405 MHz, 16.99 W, 24, 0 %, 2 MiB, 1, 16
2026/04/26 12:24:08.196, 4, P8, 22 MHz, 405 MHz, 26.38 W, 23, 0 %, 2 MiB, 1, 16
2026/04/26 12:24:08.196, 5, P8, 22 MHz, 405 MHz, 7.74 W, 23, 0 %, 2 MiB, 1, 16
2026/04/26 12:24:08.196, 6, P8, 22 MHz, 405 MHz, 18.04 W, 24, 0 %, 2 MiB, 1, 16
2026/04/26 12:24:08.196, 7, P8, 22 MHz, 405 MHz, 14.49 W, 24, 0 %, 2 MiB, 1, 16
2026/04/26 12:24:09.197, 0, P8, 22 MHz, 405 MHz, 38.67 W, 24, 0 %, 2 MiB, 1, 16
2026/04/26 12:24:09.197, 1, P8, 22 MHz, 405 MHz, 24.36 W, 24, 0 %, 2 MiB, 1, 16
2026/04/26 12:24:09.197, 2, P8, 22 MHz, 405 MHz, 18.83 W, 24, 0 %, 2 MiB, 1, 16
2026/04/26 12:24:09.197, 3, P8, 22 MHz, 405 MHz, 16.89 W, 24, 0 %, 2 MiB, 1, 16
2026/04/26 12:24:09.197, 4, P8, 21 MHz, 405 MHz, 26.59 W, 23, 0 %, 2 MiB, 1, 16
2026/04/26 12:24:09.197, 5, P8, 22 MHz, 405 MHz, 7.83 W, 23, 0 %, 2 MiB, 1, 16
2026/04/26 12:24:09.197, 6, P8, 22 MHz, 405 MHz, 17.90 W, 24, 0 %, 2 MiB, 1, 16
2026/04/26 12:24:09.197, 7, P8, 22 MHz, 405 MHz, 14.40 W, 24, 0 %, 2 MiB, 1, 16
2026/04/26 12:24:10.198, 0, P8, 22 MHz, 405 MHz, 38.23 W, 24, 0 %, 2 MiB, 1, 16
2026/04/26 12:24:10.198, 1, P8, 22 MHz, 405 MHz, 24.53 W, 24, 0 %, 2 MiB, 1, 16
2026/04/26 12:24:10.198, 2, P8, 22 MHz, 405 MHz, 18.80 W, 24, 0 %, 2 MiB, 1, 16
2026/04/26 12:24:10.198, 3, P8, 22 MHz, 405 MHz, 16.81 W, 24, 0 %, 2 MiB, 1, 16
2026/04/26 12:24:10.198, 4, P8, 22 MHz, 405 MHz, 27.11 W, 23, 0 %, 2 MiB, 1, 16
2026/04/26 12:24:10.198, 5, P8, 22 MHz, 405 MHz, 7.76 W, 23, 0 %, 2 MiB, 1, 16
2026/04/26 12:24:10.198, 6, P8, 22 MHz, 405 MHz, 17.75 W, 24, 0 %, 2 MiB, 1, 16
2026/04/26 12:24:10.198, 7, P8, 22 MHz, 405 MHz, 14.45 W, 24, 0 %, 2 MiB, 1, 16
2026/04/26 12:24:11.198, 0, P8, 22 MHz, 405 MHz, 38.73 W, 24, 0 %, 2 MiB, 1, 16
2026/04/26 12:24:11.198, 1, P8, 22 MHz, 405 MHz, 24.53 W, 24, 0 %, 2 MiB, 1, 16
2026/04/26 12:24:11.199, 2, P8, 22 MHz, 405 MHz, 18.69 W, 24, 0 %, 2 MiB, 1, 16
2026/04/26 12:24:11.199, 3, P8, 22 MHz, 405 MHz, 16.73 W, 24, 0 %, 2 MiB, 1, 16
2026/04/26 12:24:11.199, 4, P8, 22 MHz, 405 MHz, 27.25 W, 23, 0 %, 2 MiB, 1, 16
2026/04/26 12:24:11.199, 5, P8, 22 MHz, 405 MHz, 7.48 W, 23, 0 %, 2 MiB, 1, 16
2026/04/26 12:24:11.199, 6, P8, 21 MHz, 405 MHz, 17.43 W, 24, 0 %, 2 MiB, 1, 16
2026/04/26 12:24:11.199, 7, P8, 22 MHz, 405 MHz, 14.49 W, 24, 0 %, 2 MiB, 1, 16
2026/04/26 12:24:12.199, 0, P8, 22 MHz, 405 MHz, 38.69 W, 24, 0 %, 2 MiB, 1, 16
2026/04/26 12:24:12.199, 1, P8, 21 MHz, 405 MHz, 24.47 W, 24, 0 %, 2 MiB, 1, 16
2026/04/26 12:24:12.199, 2, P8, 22 MHz, 405 MHz, 18.80 W, 24, 0 %, 2 MiB, 1, 16
2026/04/26 12:24:12.199, 3, P8, 22 MHz, 405 MHz, 16.83 W, 24, 0 %, 2 MiB, 1, 16
2026/04/26 12:24:12.200, 4, P8, 22 MHz, 405 MHz, 27.60 W, 23, 0 %, 2 MiB, 1, 16
2026/04/26 12:24:12.200, 5, P8, 22 MHz, 405 MHz, 7.45 W, 23, 0 %, 2 MiB, 1, 16
2026/04/26 12:24:12.200, 6, P8, 22 MHz, 405 MHz, 17.46 W, 24, 0 %, 2 MiB, 1, 16
2026/04/26 12:24:12.200, 7, P8, 22 MHz, 405 MHz, 14.25 W, 24, 0 %, 2 MiB, 1, 16
2026/04/26 12:24:13.200, 0, P8, 22 MHz, 405 MHz, 38.54 W, 24, 0 %, 2 MiB, 1, 16
2026/04/26 12:24:13.200, 1, P8, 22 MHz, 405 MHz, 24.46 W, 24, 0 %, 2 MiB, 1, 16
2026/04/26 12:24:13.200, 2, P8, 22 MHz, 405 MHz, 18.84 W, 24, 0 %, 2 MiB, 1, 16
2026/04/26 12:24:13.200, 3, P8, 22 MHz, 405 MHz, 16.57 W, 24, 0 %, 2 MiB, 1, 16
2026/04/26 12:24:13.200, 4, P8, 22 MHz, 405 MHz, 27.63 W, 23, 0 %, 2 MiB, 1, 16
2026/04/26 12:24:13.200, 5, P8, 22 MHz, 405 MHz, 7.30 W, 23, 0 %, 2 MiB, 1, 16
2026/04/26 12:24:13.200, 6, P8, 22 MHz, 405 MHz, 17.78 W, 24, 0 %, 2 MiB, 1, 16
2026/04/26 12:24:13.200, 7, P8, 22 MHz, 405 MHz, 14.58 W, 24, 0 %, 2 MiB, 1, 16
2026/04/26 12:24:14.202, 0, P8, 22 MHz, 405 MHz, 38.85 W, 24, 0 %, 2 MiB, 1, 16
2026/04/26 12:24:14.202, 1, P8, 22 MHz, 405 MHz, 24.28 W, 24, 0 %, 2 MiB, 1, 16
2026/04/26 12:24:14.202, 2, P8, 22 MHz, 405 MHz, 18.97 W, 24, 0 %, 2 MiB, 1, 16
2026/04/26 12:24:14.202, 3, P8, 22 MHz, 405 MHz, 16.18 W, 24, 0 %, 2 MiB, 1, 16
2026/04/26 12:24:14.202, 4, P8, 22 MHz, 405 MHz, 27.85 W, 23, 0 %, 2 MiB, 1, 16
2026/04/26 12:24:14.202, 5, P8, 22 MHz, 405 MHz, 7.34 W, 23, 0 %, 2 MiB, 1, 16
2026/04/26 12:24:14.202, 6, P8, 22 MHz, 405 MHz, 17.87 W, 24, 0 %, 2 MiB, 1, 16
2026/04/26 12:24:14.202, 7, P8, 22 MHz, 405 MHz, 14.44 W, 24, 0 %, 2 MiB, 1, 16
2026/04/26 12:24:15.202, 0, P8, 22 MHz, 405 MHz, 38.71 W, 24, 0 %, 2 MiB, 1, 16
2026/04/26 12:24:15.203, 1, P8, 22 MHz, 405 MHz, 24.18 W, 24, 0 %, 2 MiB, 1, 16
2026/04/26 12:24:15.203, 2, P8, 22 MHz, 405 MHz, 18.87 W, 24, 0 %, 2 MiB, 1, 16
2026/04/26 12:24:15.203, 3, P8, 22 MHz, 405 MHz, 15.92 W, 24, 0 %, 2 MiB, 1, 16
2026/04/26 12:24:15.203, 4, P8, 22 MHz, 405 MHz, 28.11 W, 23, 0 %, 2 MiB, 1, 16
2026/04/26 12:24:15.203, 5, P8, 22 MHz, 405 MHz, 7.51 W, 23, 0 %, 2 MiB, 1, 16
2026/04/26 12:24:15.203, 6, P8, 22 MHz, 405 MHz, 17.13 W, 24, 0 %, 2 MiB, 1, 16
2026/04/26 12:24:15.203, 7, P8, 22 MHz, 405 MHz, 14.20 W, 24, 0 %, 2 MiB, 1, 16
2026/04/26 12:24:16.203, 0, P8, 22 MHz, 405 MHz, 38.47 W, 24, 0 %, 2 MiB, 1, 16
2026/04/26 12:24:16.203, 1, P8, 22 MHz, 405 MHz, 24.27 W, 24, 0 %, 2 MiB, 1, 16
2026/04/26 12:24:16.203, 2, P8, 22 MHz, 405 MHz, 18.88 W, 24, 0 %, 2 MiB, 1, 16
2026/04/26 12:24:16.204, 3, P8, 22 MHz, 405 MHz, 15.84 W, 24, 0 %, 2 MiB, 1, 16
2026/04/26 12:24:16.204, 4, P8, 22 MHz, 405 MHz, 27.92 W, 23, 0 %, 2 MiB, 1, 16
2026/04/26 12:24:16.204, 5, P8, 22 MHz, 405 MHz, 7.93 W, 23, 0 %, 2 MiB, 1, 16
2026/04/26 12:24:16.204, 6, P8, 22 MHz, 405 MHz, 17.08 W, 24, 0 %, 2 MiB, 1, 16
2026/04/26 12:24:16.204, 7, P8, 22 MHz, 405 MHz, 14.65 W, 24, 0 %, 2 MiB, 1, 16
2026/04/26 12:24:17.205, 0, P8, 22 MHz, 405 MHz, 38.62 W, 24, 0 %, 2 MiB, 1, 16
2026/04/26 12:24:17.205, 1, P8, 22 MHz, 405 MHz, 24.74 W, 24, 0 %, 2 MiB, 1, 16
2026/04/26 12:24:17.205, 2, P8, 22 MHz, 405 MHz, 18.56 W, 24, 0 %, 2 MiB, 1, 16
2026/04/26 12:24:17.205, 3, P8, 22 MHz, 405 MHz, 15.87 W, 24, 0 %, 2 MiB, 1, 16
2026/04/26 12:24:17.205, 4, P8, 22 MHz, 405 MHz, 27.86 W, 23, 0 %, 2 MiB, 1, 16
2026/04/26 12:24:17.205, 5, P8, 22 MHz, 405 MHz, 7.86 W, 23, 0 %, 2 MiB, 1, 16
2026/04/26 12:24:17.205, 6, P8, 22 MHz, 405 MHz, 17.29 W, 24, 0 %, 2 MiB, 1, 16
2026/04/26 12:24:17.206, 7, P8, 22 MHz, 405 MHz, 14.43 W, 24, 0 %, 2 MiB, 1, 16
2026/04/26 12:24:18.206, 0, P8, 21 MHz, 405 MHz, 38.80 W, 24, 0 %, 2 MiB, 1, 16
2026/04/26 12:24:18.206, 1, P8, 22 MHz, 405 MHz, 24.69 W, 24, 0 %, 2 MiB, 1, 16
2026/04/26 12:24:18.206, 2, P8, 22 MHz, 405 MHz, 18.95 W, 24, 0 %, 2 MiB, 1, 16
2026/04/26 12:24:18.206, 3, P8, 22 MHz, 405 MHz, 15.69 W, 24, 0 %, 2 MiB, 1, 16
2026/04/26 12:24:18.206, 4, P8, 22 MHz, 405 MHz, 27.87 W, 23, 0 %, 2 MiB, 1, 16
2026/04/26 12:24:18.206, 5, P8, 22 MHz, 405 MHz, 7.81 W, 23, 0 %, 2 MiB, 1, 16
2026/04/26 12:24:18.206, 6, P8, 21 MHz, 405 MHz, 17.16 W, 24, 0 %, 2 MiB, 1, 16
2026/04/26 12:24:18.206, 7, P8, 22 MHz, 405 MHz, 14.21 W, 24, 0 %, 2 MiB, 1, 16
2026/04/26 12:24:19.207, 0, P8, 22 MHz, 405 MHz, 38.59 W, 24, 0 %, 2 MiB, 1, 16
2026/04/26 12:24:19.207, 1, P8, 22 MHz, 405 MHz, 24.44 W, 24, 0 %, 2 MiB, 1, 16
2026/04/26 12:24:19.207, 2, P8, 22 MHz, 405 MHz, 19.01 W, 24, 0 %, 2 MiB, 1, 16
2026/04/26 12:24:19.207, 3, P8, 22 MHz, 405 MHz, 16.15 W, 24, 0 %, 2 MiB, 1, 16
2026/04/26 12:24:19.207, 4, P8, 22 MHz, 405 MHz, 27.61 W, 23, 0 %, 2 MiB, 1, 16
2026/04/26 12:24:19.207, 5, P8, 22 MHz, 405 MHz, 7.79 W, 23, 0 %, 2 MiB, 1, 16
2026/04/26 12:24:19.207, 6, P8, 22 MHz, 405 MHz, 17.17 W, 24, 0 %, 2 MiB, 1, 16
2026/04/26 12:24:19.207, 7, P8, 22 MHz, 405 MHz, 14.53 W, 24, 0 %, 2 MiB, 1, 16
2026/04/26 12:24:20.207, 0, P8, 22 MHz, 405 MHz, 38.47 W, 24, 0 %, 2 MiB, 1, 16
2026/04/26 12:24:20.207, 1, P8, 22 MHz, 405 MHz, 24.06 W, 24, 0 %, 2 MiB, 1, 16
2026/04/26 12:24:20.207, 2, P8, 22 MHz, 405 MHz, 19.06 W, 24, 0 %, 2 MiB, 1, 16
2026/04/26 12:24:20.207, 3, P8, 22 MHz, 405 MHz, 16.03 W, 24, 0 %, 2 MiB, 1, 16
2026/04/26 12:24:20.208, 4, P8, 22 MHz, 405 MHz, 27.59 W, 23, 0 %, 2 MiB, 1, 16
2026/04/26 12:24:20.208, 5, P8, 22 MHz, 405 MHz, 7.42 W, 23, 0 %, 2 MiB, 1, 16
2026/04/26 12:24:20.208, 6, P8, 22 MHz, 405 MHz, 17.56 W, 24, 0 %, 2 MiB, 1, 16
2026/04/26 12:24:20.208, 7, P8, 22 MHz, 405 MHz, 14.55 W, 24, 0 %, 2 MiB, 1, 16
2026/04/26 12:24:21.210, 0, P8, 22 MHz, 405 MHz, 38.54 W, 24, 0 %, 2 MiB, 1, 16
2026/04/26 12:24:21.210, 1, P8, 22 MHz, 405 MHz, 24.16 W, 24, 0 %, 2 MiB, 1, 16
2026/04/26 12:24:21.210, 2, P8, 22 MHz, 405 MHz, 19.08 W, 24, 0 %, 2 MiB, 1, 16
2026/04/26 12:24:21.211, 3, P8, 22 MHz, 405 MHz, 16.03 W, 24, 0 %, 2 MiB, 1, 16
2026/04/26 12:24:21.211, 4, P8, 22 MHz, 405 MHz, 27.61 W, 23, 0 %, 2 MiB, 1, 16
2026/04/26 12:24:21.211, 5, P8, 21 MHz, 405 MHz, 7.96 W, 23, 0 %, 2 MiB, 1, 16
2026/04/26 12:24:21.211, 6, P8, 22 MHz, 405 MHz, 17.66 W, 24, 0 %, 2 MiB, 1, 16
2026/04/26 12:24:21.211, 7, P8, 22 MHz, 405 MHz, 14.45 W, 24, 0 %, 2 MiB, 1, 16
2026/04/26 12:24:22.211, 0, P8, 22 MHz, 405 MHz, 38.89 W, 24, 0 %, 2 MiB, 1, 16
2026/04/26 12:24:22.211, 1, P8, 22 MHz, 405 MHz, 24.35 W, 24, 0 %, 2 MiB, 1, 16
2026/04/26 12:24:22.211, 2, P8, 22 MHz, 405 MHz, 19.17 W, 24, 0 %, 2 MiB, 1, 16
2026/04/26 12:24:22.211, 3, P8, 22 MHz, 405 MHz, 15.99 W, 24, 0 %, 2 MiB, 1, 16
2026/04/26 12:24:22.211, 4, P8, 22 MHz, 405 MHz, 27.64 W, 23, 0 %, 2 MiB, 1, 16
2026/04/26 12:24:22.212, 5, P8, 22 MHz, 405 MHz, 7.89 W, 23, 0 %, 2 MiB, 1, 16
2026/04/26 12:24:22.212, 6, P8, 22 MHz, 405 MHz, 17.46 W, 24, 0 %, 2 MiB, 1, 16
2026/04/26 12:24:22.212, 7, P8, 22 MHz, 405 MHz, 14.54 W, 24, 0 %, 2 MiB, 1, 16
2026/04/26 12:24:23.212, 0, P8, 22 MHz, 405 MHz, 38.61 W, 24, 0 %, 2 MiB, 1, 16
2026/04/26 12:24:23.212, 1, P8, 22 MHz, 405 MHz, 24.37 W, 24, 0 %, 2 MiB, 1, 16
2026/04/26 12:24:23.212, 2, P8, 22 MHz, 405 MHz, 19.07 W, 24, 0 %, 2 MiB, 1, 16
2026/04/26 12:24:23.212, 3, P8, 22 MHz, 405 MHz, 16.33 W, 24, 0 %, 2 MiB, 1, 16
2026/04/26 12:24:23.212, 4, P8, 21 MHz, 405 MHz, 27.42 W, 23, 0 %, 2 MiB, 1, 16
2026/04/26 12:24:23.212, 5, P8, 22 MHz, 405 MHz, 7.54 W, 23, 0 %, 2 MiB, 1, 16
2026/04/26 12:24:23.212, 6, P8, 22 MHz, 405 MHz, 17.56 W, 24, 0 %, 2 MiB, 1, 16
2026/04/26 12:24:23.213, 7, P8, 22 MHz, 405 MHz, 14.62 W, 24, 0 %, 2 MiB, 1, 16
2026/04/26 12:24:24.213, 0, P8, 22 MHz, 405 MHz, 38.33 W, 24, 0 %, 2 MiB, 1, 16
2026/04/26 12:24:24.213, 1, P8, 22 MHz, 405 MHz, 24.54 W, 24, 0 %, 2 MiB, 1, 16
2026/04/26 12:24:24.213, 2, P8, 22 MHz, 405 MHz, 19.36 W, 24, 0 %, 2 MiB, 1, 16
2026/04/26 12:24:24.213, 3, P8, 22 MHz, 405 MHz, 16.31 W, 24, 0 %, 2 MiB, 1, 16
2026/04/26 12:24:24.213, 4, P8, 22 MHz, 405 MHz, 27.19 W, 23, 0 %, 2 MiB, 1, 16
2026/04/26 12:24:24.213, 5, P8, 22 MHz, 405 MHz, 7.77 W, 23, 0 %, 2 MiB, 1, 16
2026/04/26 12:24:24.213, 6, P8, 22 MHz, 405 MHz, 17.41 W, 24, 0 %, 2 MiB, 1, 16
2026/04/26 12:24:24.213, 7, P8, 22 MHz, 405 MHz, 14.54 W, 24, 0 %, 2 MiB, 1, 16
2026/04/26 12:24:25.214, 0, P8, 22 MHz, 405 MHz, 38.83 W, 24, 0 %, 2 MiB, 1, 16
2026/04/26 12:24:25.214, 1, P8, 22 MHz, 405 MHz, 24.65 W, 24, 0 %, 2 MiB, 1, 16
2026/04/26 12:24:25.214, 2, P8, 22 MHz, 405 MHz, 19.17 W, 24, 0 %, 2 MiB, 1, 16
2026/04/26 12:24:25.214, 3, P8, 22 MHz, 405 MHz, 16.09 W, 24, 0 %, 2 MiB, 1, 16
2026/04/26 12:24:25.214, 4, P8, 22 MHz, 405 MHz, 26.58 W, 23, 0 %, 2 MiB, 1, 16
2026/04/26 12:24:25.214, 5, P8, 22 MHz, 405 MHz, 7.58 W, 23, 0 %, 2 MiB, 1, 16
2026/04/26 12:24:25.214, 6, P8, 22 MHz, 405 MHz, 17.00 W, 24, 0 %, 2 MiB, 1, 16
2026/04/26 12:24:25.214, 7, P8, 22 MHz, 405 MHz, 14.31 W, 24, 0 %, 2 MiB, 1, 16
2026/04/26 12:24:26.215, 0, P8, 22 MHz, 405 MHz, 38.33 W, 24, 0 %, 2 MiB, 1, 16
2026/04/26 12:24:26.215, 1, P8, 21 MHz, 405 MHz, 24.69 W, 24, 0 %, 2 MiB, 1, 16
2026/04/26 12:24:26.215, 2, P8, 22 MHz, 405 MHz, 19.08 W, 24, 0 %, 2 MiB, 1, 16
2026/04/26 12:24:26.215, 3, P8, 22 MHz, 405 MHz, 15.98 W, 24, 0 %, 2 MiB, 1, 16
2026/04/26 12:24:26.215, 4, P8, 22 MHz, 405 MHz, 26.71 W, 23, 0 %, 2 MiB, 1, 16
2026/04/26 12:24:26.215, 5, P8, 22 MHz, 405 MHz, 7.40 W, 23, 0 %, 2 MiB, 1, 16
2026/04/26 12:24:26.215, 6, P8, 22 MHz, 405 MHz, 17.30 W, 24, 0 %, 2 MiB, 1, 16
2026/04/26 12:24:26.215, 7, P8, 22 MHz, 405 MHz, 14.49 W, 24, 0 %, 2 MiB, 1, 16
2026/04/26 12:24:27.216, 0, P8, 22 MHz, 405 MHz, 38.53 W, 24, 0 %, 2 MiB, 1, 16
2026/04/26 12:24:27.216, 1, P8, 22 MHz, 405 MHz, 24.58 W, 24, 0 %, 2 MiB, 1, 16
2026/04/26 12:24:27.216, 2, P8, 22 MHz, 405 MHz, 19.21 W, 24, 0 %, 2 MiB, 1, 16
2026/04/26 12:24:27.217, 3, P8, 22 MHz, 405 MHz, 15.92 W, 24, 0 %, 2 MiB, 1, 16
2026/04/26 12:24:27.217, 4, P8, 22 MHz, 405 MHz, 26.32 W, 23, 0 %, 2 MiB, 1, 16
2026/04/26 12:24:27.217, 5, P8, 22 MHz, 405 MHz, 7.43 W, 23, 0 %, 2 MiB, 1, 16
2026/04/26 12:24:27.217, 6, P8, 22 MHz, 405 MHz, 17.62 W, 24, 0 %, 2 MiB, 1, 16
2026/04/26 12:24:27.217, 7, P8, 22 MHz, 405 MHz, 14.32 W, 24, 0 %, 2 MiB, 1, 16
2026/04/26 12:24:28.217, 0, P8, 22 MHz, 405 MHz, 38.71 W, 24, 0 %, 2 MiB, 1, 16
2026/04/26 12:24:28.217, 1, P8, 22 MHz, 405 MHz, 24.49 W, 24, 0 %, 2 MiB, 1, 16
2026/04/26 12:24:28.217, 2, P8, 22 MHz, 405 MHz, 19.11 W, 24, 0 %, 2 MiB, 1, 16
2026/04/26 12:24:28.217, 3, P8, 22 MHz, 405 MHz, 16.25 W, 24, 0 %, 2 MiB, 1, 16
2026/04/26 12:24:28.217, 4, P8, 22 MHz, 405 MHz, 25.94 W, 23, 0 %, 2 MiB, 1, 16
2026/04/26 12:24:28.217, 5, P8, 22 MHz, 405 MHz, 7.43 W, 23, 0 %, 2 MiB, 1, 16
2026/04/26 12:24:28.217, 6, P8, 22 MHz, 405 MHz, 17.30 W, 24, 0 %, 2 MiB, 1, 16
2026/04/26 12:24:28.217, 7, P8, 22 MHz, 405 MHz, 14.26 W, 24, 0 %, 2 MiB, 1, 16
2026/04/26 12:24:29.218, 0, P8, 22 MHz, 405 MHz, 38.38 W, 24, 0 %, 2 MiB, 1, 16
2026/04/26 12:24:29.218, 1, P8, 22 MHz, 405 MHz, 24.60 W, 24, 0 %, 2 MiB, 1, 16
2026/04/26 12:24:29.218, 2, P8, 22 MHz, 405 MHz, 19.21 W, 24, 0 %, 2 MiB, 1, 16
2026/04/26 12:24:29.218, 3, P8, 22 MHz, 405 MHz, 16.21 W, 24, 0 %, 2 MiB, 1, 16
2026/04/26 12:24:29.218, 4, P8, 22 MHz, 405 MHz, 25.89 W, 23, 0 %, 2 MiB, 1, 16
2026/04/26 12:24:29.218, 5, P8, 22 MHz, 405 MHz, 7.49 W, 23, 0 %, 2 MiB, 1, 16
2026/04/26 12:24:29.218, 6, P8, 22 MHz, 405 MHz, 17.62 W, 24, 0 %, 2 MiB, 1, 16
2026/04/26 12:24:29.218, 7, P8, 22 MHz, 405 MHz, 14.35 W, 24, 0 %, 2 MiB, 1, 16
2026/04/26 12:24:30.219, 0, P8, 22 MHz, 405 MHz, 38.21 W, 24, 0 %, 2 MiB, 1, 16
2026/04/26 12:24:30.220, 1, P8, 22 MHz, 405 MHz, 24.61 W, 24, 0 %, 2 MiB, 1, 16
2026/04/26 12:24:30.220, 2, P8, 22 MHz, 405 MHz, 18.92 W, 24, 0 %, 2 MiB, 1, 16
2026/04/26 12:24:30.220, 3, P8, 22 MHz, 405 MHz, 16.09 W, 24, 0 %, 2 MiB, 1, 16
2026/04/26 12:24:30.220, 4, P8, 22 MHz, 405 MHz, 25.96 W, 23, 0 %, 2 MiB, 1, 16
2026/04/26 12:24:30.220, 5, P8, 22 MHz, 405 MHz, 7.58 W, 23, 0 %, 2 MiB, 1, 16
2026/04/26 12:24:30.220, 6, P8, 22 MHz, 405 MHz, 17.78 W, 24, 0 %, 2 MiB, 1, 16
2026/04/26 12:24:30.220, 7, P8, 22 MHz, 405 MHz, 14.40 W, 24, 0 %, 2 MiB, 1, 16
2026/04/26 12:24:31.220, 0, P8, 22 MHz, 405 MHz, 38.22 W, 24, 0 %, 2 MiB, 1, 16
2026/04/26 12:24:31.220, 1, P8, 22 MHz, 405 MHz, 24.66 W, 24, 0 %, 2 MiB, 1, 16
2026/04/26 12:24:31.220, 2, P8, 22 MHz, 405 MHz, 18.97 W, 24, 0 %, 2 MiB, 1, 16
2026/04/26 12:24:31.221, 3, P8, 22 MHz, 405 MHz, 16.42 W, 24, 0 %, 2 MiB, 1, 16
2026/04/26 12:24:31.221, 4, P8, 22 MHz, 405 MHz, 26.26 W, 23, 0 %, 2 MiB, 1, 16
2026/04/26 12:24:31.221, 5, P8, 22 MHz, 405 MHz, 7.60 W, 23, 0 %, 2 MiB, 1, 16
2026/04/26 12:24:31.221, 6, P8, 22 MHz, 405 MHz, 17.56 W, 24, 0 %, 2 MiB, 1, 16
2026/04/26 12:24:31.221, 7, P8, 22 MHz, 405 MHz, 14.26 W, 24, 0 %, 2 MiB, 1, 16
2026/04/26 12:24:32.221, 0, P8, 22 MHz, 405 MHz, 38.00 W, 24, 0 %, 2 MiB, 1, 16
2026/04/26 12:24:32.221, 1, P8, 22 MHz, 405 MHz, 24.47 W, 24, 0 %, 2 MiB, 1, 16
2026/04/26 12:24:32.221, 2, P8, 22 MHz, 405 MHz, 19.00 W, 24, 0 %, 2 MiB, 1, 16
2026/04/26 12:24:32.221, 3, P8, 22 MHz, 405 MHz, 16.18 W, 24, 0 %, 2 MiB, 1, 16
2026/04/26 12:24:32.221, 4, P8, 22 MHz, 405 MHz, 26.15 W, 23, 0 %, 2 MiB, 1, 16
2026/04/26 12:24:32.222, 5, P8, 22 MHz, 405 MHz, 7.57 W, 23, 0 %, 2 MiB, 1, 16
2026/04/26 12:24:32.222, 6, P8, 22 MHz, 405 MHz, 17.62 W, 24, 0 %, 2 MiB, 1, 16
2026/04/26 12:24:32.222, 7, P8, 22 MHz, 405 MHz, 14.58 W, 24, 0 %, 2 MiB, 1, 16
2026/04/26 12:24:33.223, 0, P8, 22 MHz, 405 MHz, 38.57 W, 24, 0 %, 2 MiB, 1, 16
2026/04/26 12:24:33.223, 1, P8, 22 MHz, 405 MHz, 24.52 W, 24, 0 %, 2 MiB, 1, 16
2026/04/26 12:24:33.223, 2, P8, 22 MHz, 405 MHz, 19.00 W, 24, 0 %, 2 MiB, 1, 16
2026/04/26 12:24:33.223, 3, P8, 22 MHz, 405 MHz, 16.39 W, 24, 0 %, 2 MiB, 1, 16
2026/04/26 12:24:33.223, 4, P8, 22 MHz, 405 MHz, 26.16 W, 23, 0 %, 2 MiB, 1, 16
2026/04/26 12:24:33.223, 5, P8, 22 MHz, 405 MHz, 7.59 W, 23, 0 %, 2 MiB, 1, 16
2026/04/26 12:24:33.223, 6, P8, 22 MHz, 405 MHz, 17.43 W, 24, 0 %, 2 MiB, 1, 16
2026/04/26 12:24:33.223, 7, P8, 22 MHz, 405 MHz, 14.54 W, 24, 0 %, 2 MiB, 1, 16
2026/04/26 12:24:34.223, 0, P8, 22 MHz, 405 MHz, 38.55 W, 24, 0 %, 2 MiB, 1, 16
2026/04/26 12:24:34.224, 1, P8, 22 MHz, 405 MHz, 24.35 W, 24, 0 %, 2 MiB, 1, 16
2026/04/26 12:24:34.224, 2, P8, 22 MHz, 405 MHz, 19.09 W, 24, 0 %, 2 MiB, 1, 16
2026/04/26 12:24:34.224, 3, P8, 22 MHz, 405 MHz, 16.31 W, 24, 0 %, 2 MiB, 1, 16
2026/04/26 12:24:34.224, 4, P8, 22 MHz, 405 MHz, 26.28 W, 23, 0 %, 2 MiB, 1, 16
2026/04/26 12:24:34.224, 5, P8, 22 MHz, 405 MHz, 7.74 W, 23, 0 %, 2 MiB, 1, 16
2026/04/26 12:24:34.224, 6, P8, 22 MHz, 405 MHz, 17.33 W, 24, 0 %, 2 MiB, 1, 16
2026/04/26 12:24:34.224, 7, P8, 22 MHz, 405 MHz, 14.43 W, 24, 0 %, 2 MiB, 1, 16
2026/04/26 12:24:35.224, 0, P8, 22 MHz, 405 MHz, 38.58 W, 24, 0 %, 2 MiB, 1, 16
2026/04/26 12:24:35.224, 1, P8, 22 MHz, 405 MHz, 24.24 W, 24, 0 %, 2 MiB, 1, 16
2026/04/26 12:24:35.224, 2, P8, 21 MHz, 405 MHz, 19.21 W, 24, 0 %, 2 MiB, 1, 16
2026/04/26 12:24:35.224, 3, P8, 22 MHz, 405 MHz, 16.22 W, 24, 0 %, 2 MiB, 1, 16
2026/04/26 12:24:35.224, 4, P8, 22 MHz, 405 MHz, 26.77 W, 23, 0 %, 2 MiB, 1, 16
2026/04/26 12:24:35.225, 5, P8, 22 MHz, 405 MHz, 7.67 W, 23, 0 %, 2 MiB, 1, 16
2026/04/26 12:24:35.225, 6, P8, 22 MHz, 405 MHz, 17.30 W, 24, 0 %, 2 MiB, 1, 16
2026/04/26 12:24:35.225, 7, P8, 22 MHz, 405 MHz, 14.71 W, 24, 0 %, 2 MiB, 1, 16
2026/04/26 12:24:36.225, 0, P8, 22 MHz, 405 MHz, 38.57 W, 24, 0 %, 2 MiB, 1, 16
2026/04/26 12:24:36.225, 1, P8, 22 MHz, 405 MHz, 24.22 W, 24, 0 %, 2 MiB, 1, 16
2026/04/26 12:24:36.225, 2, P8, 22 MHz, 405 MHz, 18.58 W, 24, 0 %, 2 MiB, 1, 16
2026/04/26 12:24:36.225, 3, P8, 22 MHz, 405 MHz, 16.19 W, 24, 0 %, 2 MiB, 1, 16
2026/04/26 12:24:36.225, 4, P8, 22 MHz, 405 MHz, 26.38 W, 23, 0 %, 2 MiB, 1, 16
2026/04/26 12:24:36.225, 5, P8, 22 MHz, 405 MHz, 7.83 W, 23, 0 %, 2 MiB, 1, 16
2026/04/26 12:24:36.225, 6, P8, 22 MHz, 405 MHz, 17.39 W, 24, 0 %, 2 MiB, 1, 16
2026/04/26 12:24:36.225, 7, P8, 22 MHz, 405 MHz, 14.72 W, 24, 0 %, 2 MiB, 1, 16
2026/04/26 12:24:37.225, 0, P8, 22 MHz, 405 MHz, 38.59 W, 24, 0 %, 2 MiB, 1, 16
2026/04/26 12:24:37.232, 1, P8, 22 MHz, 405 MHz, 24.32 W, 24, 0 %, 2 MiB, 1, 16
2026/04/26 12:24:37.233, 2, P8, 22 MHz, 405 MHz, 18.77 W, 24, 0 %, 2 MiB, 1, 16
2026/04/26 12:24:37.233, 3, P8, 22 MHz, 405 MHz, 16.51 W, 24, 0 %, 2 MiB, 1, 16
2026/04/26 12:24:37.233, 4, P8, 22 MHz, 405 MHz, 25.72 W, 23, 0 %, 2 MiB, 1, 16
2026/04/26 12:24:37.233, 5, P8, 22 MHz, 405 MHz, 7.74 W, 23, 0 %, 2 MiB, 1, 16
2026/04/26 12:24:37.233, 6, P8, 22 MHz, 405 MHz, 17.40 W, 24, 0 %, 2 MiB, 1, 16
2026/04/26 12:24:37.233, 7, P8, 22 MHz, 405 MHz, 14.71 W, 24, 0 %, 2 MiB, 1, 16
2026/04/26 12:24:38.233, 0, P8, 22 MHz, 405 MHz, 38.59 W, 24, 0 %, 2 MiB, 1, 16
2026/04/26 12:24:38.233, 1, P8, 22 MHz, 405 MHz, 24.34 W, 24, 0 %, 2 MiB, 1, 16
2026/04/26 12:24:38.233, 2, P8, 22 MHz, 405 MHz, 18.97 W, 24, 0 %, 2 MiB, 1, 16
2026/04/26 12:24:38.234, 3, P8, 22 MHz, 405 MHz, 16.22 W, 24, 0 %, 2 MiB, 1, 16
2026/04/26 12:24:38.234, 4, P8, 22 MHz, 405 MHz, 25.73 W, 23, 0 %, 2 MiB, 1, 16
2026/04/26 12:24:38.234, 5, P8, 22 MHz, 405 MHz, 7.87 W, 23, 0 %, 2 MiB, 1, 16
2026/04/26 12:24:38.234, 6, P8, 22 MHz, 405 MHz, 17.14 W, 24, 0 %, 2 MiB, 1, 16
2026/04/26 12:24:38.234, 7, P8, 22 MHz, 405 MHz, 14.51 W, 24, 0 %, 2 MiB, 1, 16
2026/04/26 12:24:39.234, 0, P8, 22 MHz, 405 MHz, 38.16 W, 24, 0 %, 2 MiB, 1, 16
2026/04/26 12:24:39.234, 1, P8, 22 MHz, 405 MHz, 24.40 W, 24, 0 %, 2 MiB, 1, 16
2026/04/26 12:24:39.234, 2, P8, 22 MHz, 405 MHz, 18.62 W, 24, 0 %, 2 MiB, 1, 16
2026/04/26 12:24:39.234, 3, P8, 22 MHz, 405 MHz, 16.62 W, 24, 0 %, 2 MiB, 1, 16
2026/04/26 12:24:39.234, 4, P8, 22 MHz, 405 MHz, 26.42 W, 23, 0 %, 2 MiB, 1, 16
2026/04/26 12:24:39.234, 5, P8, 22 MHz, 405 MHz, 7.97 W, 23, 0 %, 2 MiB, 1, 16
2026/04/26 12:24:39.234, 6, P8, 22 MHz, 405 MHz, 17.43 W, 24, 0 %, 2 MiB, 1, 16
2026/04/26 12:24:39.234, 7, P8, 22 MHz, 405 MHz, 14.65 W, 24, 0 %, 2 MiB, 1, 16
2026/04/26 12:24:40.235, 0, P8, 22 MHz, 405 MHz, 38.37 W, 24, 0 %, 2 MiB, 1, 16
2026/04/26 12:24:40.235, 1, P8, 22 MHz, 405 MHz, 24.53 W, 24, 0 %, 2 MiB, 1, 16
2026/04/26 12:24:40.235, 2, P8, 22 MHz, 405 MHz, 18.83 W, 24, 0 %, 2 MiB, 1, 16
2026/04/26 12:24:40.242, 3, P8, 22 MHz, 405 MHz, 16.56 W, 24, 0 %, 2 MiB, 1, 16
2026/04/26 12:24:40.242, 4, P8, 22 MHz, 405 MHz, 26.38 W, 23, 0 %, 2 MiB, 1, 16
2026/04/26 12:24:40.242, 5, P8, 22 MHz, 405 MHz, 7.76 W, 23, 0 %, 2 MiB, 1, 16
2026/04/26 12:24:40.242, 6, P8, 22 MHz, 405 MHz, 17.50 W, 24, 0 %, 2 MiB, 1, 16
2026/04/26 12:24:40.242, 7, P8, 22 MHz, 405 MHz, 14.72 W, 24, 0 %, 2 MiB, 1, 16
2026/04/26 12:24:41.242, 0, P8, 22 MHz, 405 MHz, 38.32 W, 24, 0 %, 2 MiB, 1, 16
2026/04/26 12:24:41.242, 1, P8, 22 MHz, 405 MHz, 24.46 W, 24, 0 %, 2 MiB, 1, 16
2026/04/26 12:24:41.243, 2, P8, 22 MHz, 405 MHz, 18.93 W, 24, 0 %, 2 MiB, 1, 16
2026/04/26 12:24:41.243, 3, P8, 22 MHz, 405 MHz, 16.51 W, 24, 0 %, 2 MiB, 1, 16
2026/04/26 12:24:41.243, 4, P8, 22 MHz, 405 MHz, 26.23 W, 23, 0 %, 2 MiB, 1, 16
2026/04/26 12:24:41.243, 5, P8, 22 MHz, 405 MHz, 7.74 W, 23, 0 %, 2 MiB, 1, 16
2026/04/26 12:24:41.243, 6, P8, 22 MHz, 405 MHz, 17.17 W, 24, 0 %, 2 MiB, 1, 16
2026/04/26 12:24:41.243, 7, P8, 22 MHz, 405 MHz, 14.58 W, 24, 0 %, 2 MiB, 1, 16
2026/04/26 12:24:42.243, 0, P8, 22 MHz, 405 MHz, 38.28 W, 24, 0 %, 2 MiB, 1, 16
2026/04/26 12:24:42.243, 1, P8, 22 MHz, 405 MHz, 24.18 W, 24, 0 %, 2 MiB, 1, 16
2026/04/26 12:24:42.243, 2, P8, 21 MHz, 405 MHz, 18.84 W, 24, 0 %, 2 MiB, 1, 16
2026/04/26 12:24:42.243, 3, P8, 22 MHz, 405 MHz, 16.48 W, 24, 0 %, 2 MiB, 1, 16
2026/04/26 12:24:42.243, 4, P8, 22 MHz, 405 MHz, 26.28 W, 23, 0 %, 2 MiB, 1, 16
2026/04/26 12:24:42.243, 5, P8, 22 MHz, 405 MHz, 7.85 W, 23, 0 %, 2 MiB, 1, 16
2026/04/26 12:24:42.244, 6, P8, 22 MHz, 405 MHz, 17.28 W, 24, 0 %, 2 MiB, 1, 16
2026/04/26 12:24:42.244, 7, P8, 22 MHz, 405 MHz, 14.52 W, 24, 0 %, 2 MiB, 1, 16
2026/04/26 12:24:43.244, 0, P8, 22 MHz, 405 MHz, 38.38 W, 24, 0 %, 2 MiB, 1, 16
2026/04/26 12:24:43.244, 1, P8, 22 MHz, 405 MHz, 24.26 W, 24, 0 %, 2 MiB, 1, 16
2026/04/26 12:24:43.244, 2, P8, 22 MHz, 405 MHz, 18.84 W, 24, 0 %, 2 MiB, 1, 16
2026/04/26 12:24:43.244, 3, P8, 22 MHz, 405 MHz, 16.62 W, 24, 0 %, 2 MiB, 1, 16
2026/04/26 12:24:43.244, 4, P8, 22 MHz, 405 MHz, 26.69 W, 23, 0 %, 2 MiB, 1, 16
2026/04/26 12:24:43.248, 5, P8, 22 MHz, 405 MHz, 7.97 W, 23, 0 %, 2 MiB, 1, 16
2026/04/26 12:24:43.248, 6, P8, 22 MHz, 405 MHz, 17.21 W, 24, 0 %, 2 MiB, 1, 16
2026/04/26 12:24:43.248, 7, P8, 22 MHz, 405 MHz, 14.40 W, 24, 0 %, 2 MiB, 1, 16
2026/04/26 12:24:44.248, 0, P8, 22 MHz, 405 MHz, 38.36 W, 24, 0 %, 2 MiB, 1, 16
2026/04/26 12:24:44.248, 1, P8, 22 MHz, 405 MHz, 24.28 W, 24, 0 %, 2 MiB, 1, 16
2026/04/26 12:24:44.248, 2, P8, 22 MHz, 405 MHz, 18.75 W, 24, 0 %, 2 MiB, 1, 16
2026/04/26 12:24:44.249, 3, P8, 22 MHz, 405 MHz, 16.53 W, 24, 0 %, 2 MiB, 1, 16
2026/04/26 12:24:44.249, 4, P8, 22 MHz, 405 MHz, 27.06 W, 23, 0 %, 2 MiB, 1, 16
2026/04/26 12:24:44.249, 5, P8, 22 MHz, 405 MHz, 7.88 W, 23, 0 %, 2 MiB, 1, 16
2026/04/26 12:24:44.249, 6, P8, 22 MHz, 405 MHz, 17.09 W, 24, 0 %, 2 MiB, 1, 16
2026/04/26 12:24:44.249, 7, P8, 22 MHz, 405 MHz, 14.38 W, 24, 0 %, 2 MiB, 1, 16
2026/04/26 12:24:45.249, 0, P8, 22 MHz, 405 MHz, 38.22 W, 24, 0 %, 2 MiB, 1, 16
2026/04/26 12:24:45.249, 1, P8, 22 MHz, 405 MHz, 24.39 W, 24, 0 %, 2 MiB, 1, 16
2026/04/26 12:24:45.249, 2, P8, 22 MHz, 405 MHz, 18.89 W, 24, 0 %, 2 MiB, 1, 16
2026/04/26 12:24:45.249, 3, P8, 22 MHz, 405 MHz, 16.50 W, 24, 0 %, 2 MiB, 1, 16
2026/04/26 12:24:45.249, 4, P8, 22 MHz, 405 MHz, 26.85 W, 23, 0 %, 2 MiB, 1, 16
2026/04/26 12:24:45.249, 5, P8, 22 MHz, 405 MHz, 8.19 W, 23, 0 %, 2 MiB, 1, 16
2026/04/26 12:24:45.249, 6, P8, 22 MHz, 405 MHz, 17.26 W, 24, 0 %, 2 MiB, 1, 16
2026/04/26 12:24:45.250, 7, P8, 22 MHz, 405 MHz, 14.40 W, 24, 0 %, 2 MiB, 1, 16
2026/04/26 12:24:46.250, 0, P8, 22 MHz, 405 MHz, 38.84 W, 24, 0 %, 2 MiB, 1, 16
2026/04/26 12:24:46.250, 1, P8, 22 MHz, 405 MHz, 24.39 W, 24, 0 %, 2 MiB, 1, 16
2026/04/26 12:24:46.250, 2, P8, 22 MHz, 405 MHz, 18.94 W, 24, 0 %, 2 MiB, 1, 16
2026/04/26 12:24:46.250, 3, P8, 22 MHz, 405 MHz, 16.62 W, 24, 0 %, 2 MiB, 1, 16
2026/04/26 12:24:46.250, 4, P8, 22 MHz, 405 MHz, 27.03 W, 23, 0 %, 2 MiB, 1, 16
2026/04/26 12:24:46.250, 5, P8, 22 MHz, 405 MHz, 8.09 W, 23, 0 %, 2 MiB, 1, 16
2026/04/26 12:24:46.250, 6, P8, 22 MHz, 405 MHz, 17.46 W, 24, 0 %, 2 MiB, 1, 16
2026/04/26 12:24:46.256, 7, P8, 22 MHz, 405 MHz, 14.65 W, 24, 0 %, 2 MiB, 1, 16
2026/04/26 12:24:47.256, 0, P8, 22 MHz, 405 MHz, 38.90 W, 24, 0 %, 2 MiB, 1, 16
2026/04/26 12:24:47.257, 1, P8, 22 MHz, 405 MHz, 24.38 W, 24, 0 %, 2 MiB, 1, 16
2026/04/26 12:24:47.257, 2, P8, 22 MHz, 405 MHz, 19.14 W, 24, 0 %, 2 MiB, 1, 16
2026/04/26 12:24:47.257, 3, P8, 22 MHz, 405 MHz, 16.47 W, 24, 0 %, 2 MiB, 1, 16
2026/04/26 12:24:47.257, 4, P8, 22 MHz, 405 MHz, 27.06 W, 23, 0 %, 2 MiB, 1, 16
2026/04/26 12:24:47.257, 5, P8, 22 MHz, 405 MHz, 7.85 W, 23, 0 %, 2 MiB, 1, 16
2026/04/26 12:24:47.257, 6, P8, 22 MHz, 405 MHz, 17.36 W, 24, 0 %, 2 MiB, 1, 16
2026/04/26 12:24:47.257, 7, P8, 22 MHz, 405 MHz, 14.60 W, 24, 0 %, 2 MiB, 1, 16
2026/04/26 12:24:48.257, 0, P8, 22 MHz, 405 MHz, 38.93 W, 24, 0 %, 2 MiB, 1, 16
2026/04/26 12:24:48.257, 1, P8, 22 MHz, 405 MHz, 24.48 W, 24, 0 %, 2 MiB, 1, 16
2026/04/26 12:24:48.257, 2, P8, 22 MHz, 405 MHz, 18.92 W, 24, 0 %, 2 MiB, 1, 16
2026/04/26 12:24:48.257, 3, P8, 22 MHz, 405 MHz, 16.05 W, 24, 0 %, 2 MiB, 1, 16
2026/04/26 12:24:48.258, 4, P8, 22 MHz, 405 MHz, 27.00 W, 23, 0 %, 2 MiB, 1, 16
2026/04/26 12:24:48.258, 5, P8, 22 MHz, 405 MHz, 7.91 W, 23, 0 %, 2 MiB, 1, 16
2026/04/26 12:24:48.258, 6, P8, 22 MHz, 405 MHz, 17.15 W, 24, 0 %, 2 MiB, 1, 16
2026/04/26 12:24:48.258, 7, P8, 22 MHz, 405 MHz, 14.54 W, 24, 0 %, 2 MiB, 1, 16
2026/04/26 12:24:49.258, 0, P8, 22 MHz, 405 MHz, 38.76 W, 24, 0 %, 2 MiB, 1, 16
2026/04/26 12:24:49.258, 1, P8, 22 MHz, 405 MHz, 24.57 W, 24, 0 %, 2 MiB, 1, 16
2026/04/26 12:24:49.258, 2, P8, 22 MHz, 405 MHz, 18.54 W, 24, 0 %, 2 MiB, 1, 16
2026/04/26 12:24:49.258, 3, P8, 22 MHz, 405 MHz, 16.12 W, 24, 0 %, 2 MiB, 1, 16
2026/04/26 12:24:49.258, 4, P8, 22 MHz, 405 MHz, 27.15 W, 23, 0 %, 2 MiB, 1, 16
2026/04/26 12:24:49.258, 5, P8, 22 MHz, 405 MHz, 8.08 W, 23, 0 %, 2 MiB, 1, 16
2026/04/26 12:24:49.258, 6, P8, 22 MHz, 405 MHz, 17.84 W, 24, 0 %, 2 MiB, 1, 16
2026/04/26 12:24:49.259, 7, P8, 22 MHz, 405 MHz, 14.58 W, 24, 0 %, 2 MiB, 1, 16
2026/04/26 12:24:50.259, 0, P8, 22 MHz, 405 MHz, 38.81 W, 24, 0 %, 2 MiB, 1, 16
2026/04/26 12:24:50.259, 1, P8, 22 MHz, 405 MHz, 24.53 W, 24, 0 %, 2 MiB, 1, 16
2026/04/26 12:24:50.259, 2, P8, 22 MHz, 405 MHz, 18.91 W, 24, 0 %, 2 MiB, 1, 16
2026/04/26 12:24:50.259, 3, P8, 22 MHz, 405 MHz, 16.42 W, 24, 0 %, 2 MiB, 1, 16
2026/04/26 12:24:50.259, 4, P8, 22 MHz, 405 MHz, 27.34 W, 23, 0 %, 2 MiB, 1, 16
2026/04/26 12:24:50.259, 5, P8, 22 MHz, 405 MHz, 8.26 W, 23, 0 %, 2 MiB, 1, 16
2026/04/26 12:24:50.259, 6, P8, 22 MHz, 405 MHz, 17.80 W, 24, 0 %, 2 MiB, 1, 16
2026/04/26 12:24:50.259, 7, P8, 22 MHz, 405 MHz, 14.52 W, 24, 0 %, 2 MiB, 1, 16
2026/04/26 12:24:51.260, 0, P8, 22 MHz, 405 MHz, 38.86 W, 24, 0 %, 2 MiB, 1, 16
2026/04/26 12:24:51.260, 1, P8, 22 MHz, 405 MHz, 24.34 W, 24, 0 %, 2 MiB, 1, 16
2026/04/26 12:24:51.260, 2, P8, 22 MHz, 405 MHz, 19.06 W, 24, 0 %, 2 MiB, 1, 16
2026/04/26 12:24:51.260, 3, P8, 22 MHz, 405 MHz, 16.11 W, 24, 0 %, 2 MiB, 1, 16
2026/04/26 12:24:51.260, 4, P8, 22 MHz, 405 MHz, 27.57 W, 23, 0 %, 2 MiB, 1, 16
2026/04/26 12:24:51.260, 5, P8, 22 MHz, 405 MHz, 8.02 W, 23, 0 %, 2 MiB, 1, 16
2026/04/26 12:24:51.260, 6, P8, 22 MHz, 405 MHz, 17.52 W, 24, 0 %, 2 MiB, 1, 16
2026/04/26 12:24:51.260, 7, P8, 22 MHz, 405 MHz, 14.65 W, 24, 0 %, 2 MiB, 1, 16
2026/04/26 12:24:52.260, 0, P8, 22 MHz, 405 MHz, 38.81 W, 24, 0 %, 2 MiB, 1, 16
2026/04/26 12:24:52.261, 1, P8, 22 MHz, 405 MHz, 24.41 W, 24, 0 %, 2 MiB, 1, 16
2026/04/26 12:24:52.261, 2, P8, 22 MHz, 405 MHz, 18.85 W, 24, 0 %, 2 MiB, 1, 16
2026/04/26 12:24:52.261, 3, P8, 22 MHz, 405 MHz, 16.13 W, 24, 0 %, 2 MiB, 1, 16
2026/04/26 12:24:52.261, 4, P8, 22 MHz, 405 MHz, 27.61 W, 23, 0 %, 2 MiB, 1, 16
2026/04/26 12:24:52.261, 5, P8, 22 MHz, 405 MHz, 8.09 W, 23, 0 %, 2 MiB, 1, 16
2026/04/26 12:24:52.261, 6, P8, 22 MHz, 405 MHz, 17.44 W, 24, 0 %, 2 MiB, 1, 16
2026/04/26 12:24:52.261, 7, P8, 22 MHz, 405 MHz, 14.46 W, 24, 0 %, 2 MiB, 1, 16
2026/04/26 12:24:53.262, 0, P8, 22 MHz, 405 MHz, 38.88 W, 24, 0 %, 2 MiB, 1, 16
2026/04/26 12:24:53.262, 1, P8, 22 MHz, 405 MHz, 24.58 W, 24, 0 %, 2 MiB, 1, 16
2026/04/26 12:24:53.263, 2, P8, 22 MHz, 405 MHz, 18.89 W, 24, 0 %, 2 MiB, 1, 16
2026/04/26 12:24:53.264, 3, P8, 22 MHz, 405 MHz, 15.94 W, 24, 0 %, 2 MiB, 1, 16
2026/04/26 12:24:53.264, 4, P8, 22 MHz, 405 MHz, 26.66 W, 23, 0 %, 2 MiB, 1, 16
2026/04/26 12:24:53.264, 5, P8, 22 MHz, 405 MHz, 7.93 W, 23, 0 %, 2 MiB, 1, 16
2026/04/26 12:24:53.264, 6, P8, 22 MHz, 405 MHz, 17.40 W, 24, 0 %, 2 MiB, 1, 16
2026/04/26 12:24:53.264, 7, P8, 22 MHz, 405 MHz, 14.54 W, 24, 0 %, 2 MiB, 1, 16
2026/04/26 12:24:54.264, 0, P8, 22 MHz, 405 MHz, 38.88 W, 24, 0 %, 2 MiB, 1, 16
2026/04/26 12:24:54.264, 1, P8, 22 MHz, 405 MHz, 24.50 W, 24, 0 %, 2 MiB, 1, 16
2026/04/26 12:24:54.264, 2, P8, 22 MHz, 405 MHz, 18.85 W, 24, 0 %, 2 MiB, 1, 16
2026/04/26 12:24:54.264, 3, P8, 22 MHz, 405 MHz, 16.21 W, 24, 0 %, 2 MiB, 1, 16
2026/04/26 12:24:54.264, 4, P8, 22 MHz, 405 MHz, 26.80 W, 23, 0 %, 2 MiB, 1, 16
2026/04/26 12:24:54.264, 5, P8, 22 MHz, 405 MHz, 7.87 W, 23, 0 %, 2 MiB, 1, 16
2026/04/26 12:24:54.264, 6, P8, 22 MHz, 405 MHz, 17.29 W, 24, 0 %, 2 MiB, 1, 16
2026/04/26 12:24:54.264, 7, P8, 22 MHz, 405 MHz, 14.58 W, 24, 0 %, 2 MiB, 1, 16
2026/04/26 12:24:55.265, 0, P8, 22 MHz, 405 MHz, 38.74 W, 24, 0 %, 2 MiB, 1, 16
2026/04/26 12:24:55.265, 1, P8, 22 MHz, 405 MHz, 24.59 W, 24, 0 %, 2 MiB, 1, 16
2026/04/26 12:24:55.265, 2, P8, 22 MHz, 405 MHz, 18.73 W, 24, 0 %, 2 MiB, 1, 16
2026/04/26 12:24:55.272, 3, P8, 22 MHz, 405 MHz, 16.10 W, 24, 0 %, 2 MiB, 1, 16
2026/04/26 12:24:55.273, 4, P8, 22 MHz, 405 MHz, 26.89 W, 23, 0 %, 2 MiB, 1, 16
2026/04/26 12:24:55.273, 5, P8, 22 MHz, 405 MHz, 7.77 W, 23, 0 %, 2 MiB, 1, 16
2026/04/26 12:24:55.273, 6, P8, 22 MHz, 405 MHz, 17.22 W, 24, 0 %, 2 MiB, 1, 16
2026/04/26 12:24:55.273, 7, P8, 22 MHz, 405 MHz, 14.55 W, 24, 0 %, 2 MiB, 1, 16
2026/04/26 12:24:56.273, 0, P8, 22 MHz, 405 MHz, 38.89 W, 24, 0 %, 2 MiB, 1, 16
2026/04/26 12:24:56.273, 1, P8, 22 MHz, 405 MHz, 24.57 W, 24, 0 %, 2 MiB, 1, 16
2026/04/26 12:24:56.273, 2, P8, 21 MHz, 405 MHz, 18.87 W, 24, 0 %, 2 MiB, 1, 16
2026/04/26 12:24:56.273, 3, P8, 22 MHz, 405 MHz, 16.19 W, 24, 0 %, 2 MiB, 1, 16
2026/04/26 12:24:56.273, 4, P8, 22 MHz, 405 MHz, 26.64 W, 23, 0 %, 2 MiB, 1, 16
2026/04/26 12:24:56.273, 5, P8, 22 MHz, 405 MHz, 7.72 W, 23, 0 %, 2 MiB, 1, 16
2026/04/26 12:24:56.274, 6, P8, 22 MHz, 405 MHz, 17.23 W, 24, 0 %, 2 MiB, 1, 16
2026/04/26 12:24:56.274, 7, P8, 22 MHz, 405 MHz, 14.57 W, 24, 0 %, 2 MiB, 1, 16
2026/04/26 12:24:57.274, 0, P8, 22 MHz, 405 MHz, 38.86 W, 24, 0 %, 2 MiB, 1, 16
2026/04/26 12:24:57.274, 1, P8, 22 MHz, 405 MHz, 24.40 W, 24, 0 %, 2 MiB, 1, 16
2026/04/26 12:24:57.274, 2, P8, 22 MHz, 405 MHz, 18.89 W, 24, 0 %, 2 MiB, 1, 16
2026/04/26 12:24:57.274, 3, P8, 22 MHz, 405 MHz, 15.97 W, 24, 0 %, 2 MiB, 1, 16
2026/04/26 12:24:57.274, 4, P8, 22 MHz, 405 MHz, 26.62 W, 23, 0 %, 2 MiB, 1, 16
2026/04/26 12:24:57.274, 5, P8, 22 MHz, 405 MHz, 7.62 W, 23, 0 %, 2 MiB, 1, 16
2026/04/26 12:24:57.274, 6, P8, 22 MHz, 405 MHz, 16.75 W, 24, 0 %, 2 MiB, 1, 16
2026/04/26 12:24:57.274, 7, P8, 22 MHz, 405 MHz, 14.40 W, 24, 0 %, 2 MiB, 1, 16
2026/04/26 12:24:58.275, 0, P8, 22 MHz, 405 MHz, 38.88 W, 24, 0 %, 2 MiB, 1, 16
2026/04/26 12:24:58.275, 1, P8, 22 MHz, 405 MHz, 24.42 W, 24, 0 %, 2 MiB, 1, 16
2026/04/26 12:24:58.275, 2, P8, 22 MHz, 405 MHz, 18.76 W, 24, 0 %, 2 MiB, 1, 16
2026/04/26 12:24:58.275, 3, P8, 22 MHz, 405 MHz, 15.77 W, 24, 0 %, 2 MiB, 1, 16
2026/04/26 12:24:58.275, 4, P8, 22 MHz, 405 MHz, 26.62 W, 23, 0 %, 2 MiB, 1, 16
2026/04/26 12:24:58.275, 5, P8, 22 MHz, 405 MHz, 7.87 W, 23, 0 %, 2 MiB, 1, 16
2026/04/26 12:24:58.275, 6, P8, 22 MHz, 405 MHz, 17.00 W, 24, 0 %, 2 MiB, 1, 16
2026/04/26 12:24:58.275, 7, P8, 22 MHz, 405 MHz, 14.31 W, 24, 0 %, 2 MiB, 1, 16
2026/04/26 12:24:59.275, 0, P8, 22 MHz, 405 MHz, 39.15 W, 24, 0 %, 2 MiB, 1, 16
2026/04/26 12:24:59.275, 1, P8, 22 MHz, 405 MHz, 24.29 W, 24, 0 %, 2 MiB, 1, 16
2026/04/26 12:24:59.275, 2, P8, 22 MHz, 405 MHz, 18.70 W, 24, 0 %, 2 MiB, 1, 16
2026/04/26 12:24:59.275, 3, P8, 22 MHz, 405 MHz, 15.79 W, 24, 0 %, 2 MiB, 1, 16
2026/04/26 12:24:59.276, 4, P8, 22 MHz, 405 MHz, 26.09 W, 23, 0 %, 2 MiB, 1, 16
2026/04/26 12:24:59.276, 5, P8, 22 MHz, 405 MHz, 7.80 W, 23, 0 %, 2 MiB, 1, 16
2026/04/26 12:24:59.277, 6, P8, 22 MHz, 405 MHz, 17.25 W, 24, 0 %, 2 MiB, 1, 16
2026/04/26 12:24:59.277, 7, P8, 22 MHz, 405 MHz, 14.34 W, 24, 0 %, 2 MiB, 1, 16
2026/04/26 12:25:00.277, 0, P8, 22 MHz, 405 MHz, 39.15 W, 24, 0 %, 2 MiB, 1, 16
2026/04/26 12:25:00.277, 1, P8, 22 MHz, 405 MHz, 24.22 W, 24, 0 %, 2 MiB, 1, 16
2026/04/26 12:25:00.277, 2, P8, 22 MHz, 405 MHz, 19.13 W, 24, 0 %, 2 MiB, 1, 16
2026/04/26 12:25:00.277, 3, P8, 22 MHz, 405 MHz, 16.12 W, 24, 0 %, 2 MiB, 1, 16
2026/04/26 12:25:00.277, 4, P8, 22 MHz, 405 MHz, 26.69 W, 23, 0 %, 2 MiB, 1, 16
2026/04/26 12:25:00.277, 5, P8, 22 MHz, 405 MHz, 7.81 W, 23, 0 %, 2 MiB, 1, 16
2026/04/26 12:25:00.277, 6, P8, 22 MHz, 405 MHz, 17.70 W, 24, 0 %, 2 MiB, 1, 16
2026/04/26 12:25:00.278, 7, P8, 22 MHz, 405 MHz, 14.31 W, 24, 0 %, 2 MiB, 1, 16
2026/04/26 12:25:01.278, 0, P8, 22 MHz, 405 MHz, 38.65 W, 24, 0 %, 2 MiB, 1, 16
2026/04/26 12:25:01.278, 1, P8, 22 MHz, 405 MHz, 24.15 W, 24, 0 %, 2 MiB, 1, 16
2026/04/26 12:25:01.278, 2, P8, 22 MHz, 405 MHz, 19.07 W, 24, 0 %, 2 MiB, 1, 16
2026/04/26 12:25:01.278, 3, P8, 22 MHz, 405 MHz, 16.14 W, 24, 0 %, 2 MiB, 1, 16
2026/04/26 12:25:01.278, 4, P8, 22 MHz, 405 MHz, 27.22 W, 23, 0 %, 2 MiB, 1, 16
2026/04/26 12:25:01.278, 5, P8, 22 MHz, 405 MHz, 7.77 W, 23, 0 %, 2 MiB, 1, 16
2026/04/26 12:25:01.278, 6, P8, 22 MHz, 405 MHz, 17.62 W, 24, 0 %, 2 MiB, 1, 16
2026/04/26 12:25:01.279, 7, P8, 22 MHz, 405 MHz, 14.53 W, 24, 0 %, 2 MiB, 1, 16
2026/04/26 12:25:02.279, 0, P8, 22 MHz, 405 MHz, 38.72 W, 24, 0 %, 2 MiB, 1, 16
2026/04/26 12:25:02.279, 1, P8, 22 MHz, 405 MHz, 24.05 W, 24, 0 %, 2 MiB, 1, 16
2026/04/26 12:25:02.279, 2, P8, 22 MHz, 405 MHz, 18.90 W, 24, 0 %, 2 MiB, 1, 16
2026/04/26 12:25:02.279, 3, P8, 22 MHz, 405 MHz, 16.42 W, 24, 0 %, 2 MiB, 1, 16
2026/04/26 12:25:02.279, 4, P8, 22 MHz, 405 MHz, 27.73 W, 23, 0 %, 2 MiB, 1, 16
2026/04/26 12:25:02.279, 5, P8, 22 MHz, 405 MHz, 7.61 W, 23, 0 %, 2 MiB, 1, 16
2026/04/26 12:25:02.279, 6, P8, 22 MHz, 405 MHz, 17.66 W, 24, 0 %, 2 MiB, 1, 16
2026/04/26 12:25:02.279, 7, P8, 22 MHz, 405 MHz, 14.64 W, 24, 0 %, 2 MiB, 1, 16
2026/04/26 12:25:03.280, 0, P8, 22 MHz, 405 MHz, 38.73 W, 24, 0 %, 2 MiB, 1, 16
2026/04/26 12:25:03.280, 1, P8, 22 MHz, 405 MHz, 24.01 W, 24, 0 %, 2 MiB, 1, 16
2026/04/26 12:25:03.280, 2, P8, 22 MHz, 405 MHz, 18.69 W, 24, 0 %, 2 MiB, 1, 16
2026/04/26 12:25:03.280, 3, P8, 22 MHz, 405 MHz, 15.95 W, 24, 0 %, 2 MiB, 1, 16
2026/04/26 12:25:03.280, 4, P8, 22 MHz, 405 MHz, 26.32 W, 23, 0 %, 2 MiB, 1, 16
2026/04/26 12:25:03.280, 5, P8, 22 MHz, 405 MHz, 7.62 W, 23, 0 %, 2 MiB, 1, 16
2026/04/26 12:25:03.280, 6, P8, 22 MHz, 405 MHz, 17.92 W, 24, 0 %, 2 MiB, 1, 16
2026/04/26 12:25:03.280, 7, P8, 22 MHz, 405 MHz, 14.23 W, 24, 0 %, 2 MiB, 1, 16
2026/04/26 12:25:04.281, 0, P8, 22 MHz, 405 MHz, 38.61 W, 24, 0 %, 2 MiB, 1, 16
2026/04/26 12:25:04.281, 1, P8, 22 MHz, 405 MHz, 24.11 W, 24, 0 %, 2 MiB, 1, 16
2026/04/26 12:25:04.281, 2, P8, 22 MHz, 405 MHz, 18.79 W, 24, 0 %, 2 MiB, 1, 16
2026/04/26 12:25:04.281, 3, P8, 22 MHz, 405 MHz, 16.01 W, 24, 0 %, 2 MiB, 1, 16
2026/04/26 12:25:04.281, 4, P8, 22 MHz, 405 MHz, 26.36 W, 23, 0 %, 2 MiB, 1, 16
2026/04/26 12:25:04.281, 5, P8, 22 MHz, 405 MHz, 7.65 W, 23, 0 %, 2 MiB, 1, 16
2026/04/26 12:25:04.281, 6, P8, 22 MHz, 405 MHz, 17.74 W, 24, 0 %, 2 MiB, 1, 16
2026/04/26 12:25:04.281, 7, P8, 22 MHz, 405 MHz, 14.57 W, 24, 0 %, 2 MiB, 1, 16
2026/04/26 12:25:05.281, 0, P8, 22 MHz, 405 MHz, 38.39 W, 24, 0 %, 2 MiB, 1, 16
2026/04/26 12:25:05.281, 1, P8, 22 MHz, 405 MHz, 24.48 W, 24, 0 %, 2 MiB, 1, 16
2026/04/26 12:25:05.281, 2, P8, 22 MHz, 405 MHz, 18.93 W, 24, 0 %, 2 MiB, 1, 16
2026/04/26 12:25:05.281, 3, P8, 22 MHz, 405 MHz, 16.05 W, 24, 0 %, 2 MiB, 1, 16
2026/04/26 12:25:05.282, 4, P8, 22 MHz, 405 MHz, 26.65 W, 23, 0 %, 2 MiB, 1, 16
2026/04/26 12:25:05.282, 5, P8, 22 MHz, 405 MHz, 7.62 W, 23, 0 %, 2 MiB, 1, 16
2026/04/26 12:25:05.282, 6, P8, 22 MHz, 405 MHz, 17.77 W, 24, 0 %, 2 MiB, 1, 16
2026/04/26 12:25:05.282, 7, P8, 22 MHz, 405 MHz, 14.49 W, 24, 0 %, 2 MiB, 1, 16
2026/04/26 12:25:06.282, 0, P8, 22 MHz, 405 MHz, 38.53 W, 24, 0 %, 2 MiB, 1, 16
2026/04/26 12:25:06.282, 1, P8, 22 MHz, 405 MHz, 24.35 W, 24, 0 %, 2 MiB, 1, 16
2026/04/26 12:25:06.289, 2, P8, 22 MHz, 405 MHz, 19.00 W, 24, 0 %, 2 MiB, 1, 16
2026/04/26 12:25:06.289, 3, P8, 21 MHz, 405 MHz, 16.21 W, 24, 0 %, 2 MiB, 1, 16
2026/04/26 12:25:06.289, 4, P8, 22 MHz, 405 MHz, 26.97 W, 23, 0 %, 2 MiB, 1, 16
2026/04/26 12:25:06.289, 5, P8, 22 MHz, 405 MHz, 7.53 W, 23, 0 %, 2 MiB, 1, 16
2026/04/26 12:25:06.289, 6, P8, 22 MHz, 405 MHz, 18.05 W, 24, 0 %, 2 MiB, 1, 16
2026/04/26 12:25:06.289, 7, P8, 22 MHz, 405 MHz, 14.16 W, 24, 0 %, 2 MiB, 1, 16
2026/04/26 12:25:07.289, 0, P8, 22 MHz, 405 MHz, 38.76 W, 24, 0 %, 2 MiB, 1, 16
2026/04/26 12:25:07.290, 1, P8, 22 MHz, 405 MHz, 24.40 W, 24, 0 %, 2 MiB, 1, 16
2026/04/26 12:25:07.290, 2, P8, 22 MHz, 405 MHz, 19.19 W, 24, 0 %, 2 MiB, 1, 16
2026/04/26 12:25:07.290, 3, P8, 22 MHz, 405 MHz, 16.15 W, 24, 0 %, 2 MiB, 1, 16
2026/04/26 12:25:07.290, 4, P8, 22 MHz, 405 MHz, 27.40 W, 23, 0 %, 2 MiB, 1, 16
2026/04/26 12:25:07.290, 5, P8, 22 MHz, 405 MHz, 7.61 W, 23, 0 %, 2 MiB, 1, 16
2026/04/26 12:25:07.290, 6, P8, 22 MHz, 405 MHz, 17.89 W, 24, 0 %, 2 MiB, 1, 16
2026/04/26 12:25:07.290, 7, P8, 22 MHz, 405 MHz, 14.13 W, 24, 0 %, 2 MiB, 1, 16
2026/04/26 12:25:08.290, 0, P8, 22 MHz, 405 MHz, 38.60 W, 24, 0 %, 2 MiB, 1, 16
2026/04/26 12:25:08.290, 1, P8, 22 MHz, 405 MHz, 24.33 W, 24, 0 %, 2 MiB, 1, 16
2026/04/26 12:25:08.290, 2, P8, 22 MHz, 405 MHz, 19.09 W, 24, 0 %, 2 MiB, 1, 16
2026/04/26 12:25:08.290, 3, P8, 22 MHz, 405 MHz, 16.19 W, 24, 0 %, 2 MiB, 1, 16
2026/04/26 12:25:08.290, 4, P8, 22 MHz, 405 MHz, 26.56 W, 23, 0 %, 2 MiB, 1, 16
2026/04/26 12:25:08.290, 5, P8, 22 MHz, 405 MHz, 7.76 W, 23, 0 %, 2 MiB, 1, 16
2026/04/26 12:25:08.291, 6, P8, 22 MHz, 405 MHz, 17.91 W, 24, 0 %, 2 MiB, 1, 16
2026/04/26 12:25:08.291, 7, P8, 22 MHz, 405 MHz, 14.38 W, 24, 0 %, 2 MiB, 1, 16
2026/04/26 12:25:09.291, 0, P8, 22 MHz, 405 MHz, 38.71 W, 24, 0 %, 2 MiB, 1, 16
2026/04/26 12:25:09.291, 1, P8, 22 MHz, 405 MHz, 24.20 W, 24, 0 %, 2 MiB, 1, 16
2026/04/26 12:25:09.291, 2, P8, 22 MHz, 405 MHz, 19.23 W, 24, 0 %, 2 MiB, 1, 16
2026/04/26 12:25:09.291, 3, P8, 22 MHz, 405 MHz, 16.21 W, 24, 0 %, 2 MiB, 1, 16
2026/04/26 12:25:09.293, 4, P8, 22 MHz, 405 MHz, 26.39 W, 23, 0 %, 2 MiB, 1, 16
2026/04/26 12:25:09.293, 5, P8, 22 MHz, 405 MHz, 7.60 W, 23, 0 %, 2 MiB, 1, 16
2026/04/26 12:25:09.293, 6, P8, 22 MHz, 405 MHz, 17.80 W, 24, 0 %, 2 MiB, 1, 16
2026/04/26 12:25:09.293, 7, P8, 22 MHz, 405 MHz, 14.30 W, 24, 0 %, 2 MiB, 1, 16
2026/04/26 12:25:10.294, 0, P8, 22 MHz, 405 MHz, 38.67 W, 24, 0 %, 2 MiB, 1, 16
2026/04/26 12:25:10.294, 1, P8, 22 MHz, 405 MHz, 24.25 W, 24, 0 %, 2 MiB, 1, 16
2026/04/26 12:25:10.294, 2, P8, 22 MHz, 405 MHz, 19.12 W, 24, 0 %, 2 MiB, 1, 16
2026/04/26 12:25:10.294, 3, P8, 22 MHz, 405 MHz, 16.20 W, 24, 0 %, 2 MiB, 1, 16
2026/04/26 12:25:10.294, 4, P8, 22 MHz, 405 MHz, 25.89 W, 23, 0 %, 2 MiB, 1, 16
2026/04/26 12:25:10.294, 5, P8, 22 MHz, 405 MHz, 7.28 W, 23, 0 %, 2 MiB, 1, 16
2026/04/26 12:25:10.294, 6, P8, 22 MHz, 405 MHz, 17.30 W, 24, 0 %, 2 MiB, 1, 16
2026/04/26 12:25:10.294, 7, P8, 22 MHz, 405 MHz, 14.26 W, 24, 0 %, 2 MiB, 1, 16
2026/04/26 12:25:11.295, 0, P8, 22 MHz, 405 MHz, 38.44 W, 24, 0 %, 2 MiB, 1, 16
2026/04/26 12:25:11.295, 1, P8, 22 MHz, 405 MHz, 24.28 W, 24, 0 %, 2 MiB, 1, 16
2026/04/26 12:25:11.295, 2, P8, 22 MHz, 405 MHz, 18.97 W, 24, 0 %, 2 MiB, 1, 16
2026/04/26 12:25:11.295, 3, P8, 22 MHz, 405 MHz, 16.17 W, 24, 0 %, 2 MiB, 1, 16
2026/04/26 12:25:11.295, 4, P8, 22 MHz, 405 MHz, 26.11 W, 23, 0 %, 2 MiB, 1, 16
2026/04/26 12:25:11.295, 5, P8, 22 MHz, 405 MHz, 7.50 W, 23, 0 %, 2 MiB, 1, 16
2026/04/26 12:25:11.295, 6, P8, 22 MHz, 405 MHz, 17.40 W, 24, 0 %, 2 MiB, 1, 16
2026/04/26 12:25:11.295, 7, P8, 22 MHz, 405 MHz, 14.42 W, 24, 0 %, 2 MiB, 1, 16
2026/04/26 12:25:12.295, 0, P8, 22 MHz, 405 MHz, 38.72 W, 24, 0 %, 2 MiB, 1, 16
2026/04/26 12:25:12.295, 1, P8, 22 MHz, 405 MHz, 24.31 W, 24, 0 %, 2 MiB, 1, 16
2026/04/26 12:25:12.295, 2, P8, 22 MHz, 405 MHz, 18.82 W, 24, 0 %, 2 MiB, 1, 16
2026/04/26 12:25:12.295, 3, P8, 22 MHz, 405 MHz, 16.51 W, 24, 0 %, 2 MiB, 1, 16
2026/04/26 12:25:12.295, 4, P8, 22 MHz, 405 MHz, 26.75 W, 23, 0 %, 2 MiB, 1, 16
2026/04/26 12:25:12.295, 5, P8, 22 MHz, 405 MHz, 7.55 W, 23, 0 %, 2 MiB, 1, 16
2026/04/26 12:25:12.300, 6, P8, 22 MHz, 405 MHz, 17.65 W, 24, 0 %, 2 MiB, 1, 16
2026/04/26 12:25:12.300, 7, P8, 22 MHz, 405 MHz, 14.28 W, 24, 0 %, 2 MiB, 1, 16
2026/04/26 12:25:13.301, 0, P8, 22 MHz, 405 MHz, 38.74 W, 24, 0 %, 2 MiB, 1, 16
2026/04/26 12:25:13.301, 1, P8, 22 MHz, 405 MHz, 24.16 W, 24, 0 %, 2 MiB, 1, 16
2026/04/26 12:25:13.301, 2, P8, 22 MHz, 405 MHz, 18.79 W, 24, 0 %, 2 MiB, 1, 16
2026/04/26 12:25:13.301, 3, P8, 22 MHz, 405 MHz, 16.17 W, 24, 0 %, 2 MiB, 1, 16
2026/04/26 12:25:13.301, 4, P8, 22 MHz, 405 MHz, 26.62 W, 23, 0 %, 2 MiB, 1, 16
2026/04/26 12:25:13.301, 5, P8, 22 MHz, 405 MHz, 7.41 W, 23, 0 %, 2 MiB, 1, 16
2026/04/26 12:25:13.301, 6, P8, 22 MHz, 405 MHz, 17.55 W, 24, 0 %, 2 MiB, 1, 16
2026/04/26 12:25:13.301, 7, P8, 22 MHz, 405 MHz, 14.15 W, 24, 0 %, 2 MiB, 1, 16
2026/04/26 12:25:14.301, 0, P8, 22 MHz, 405 MHz, 38.76 W, 24, 0 %, 2 MiB, 1, 16
2026/04/26 12:25:14.302, 1, P8, 22 MHz, 405 MHz, 24.17 W, 24, 0 %, 2 MiB, 1, 16
2026/04/26 12:25:14.302, 2, P8, 22 MHz, 405 MHz, 18.83 W, 24, 0 %, 2 MiB, 1, 16
2026/04/26 12:25:14.302, 3, P8, 22 MHz, 405 MHz, 16.16 W, 24, 0 %, 2 MiB, 1, 16
2026/04/26 12:25:14.302, 4, P8, 22 MHz, 405 MHz, 27.39 W, 23, 0 %, 2 MiB, 1, 16
2026/04/26 12:25:14.302, 5, P8, 22 MHz, 405 MHz, 7.48 W, 23, 0 %, 2 MiB, 1, 16
2026/04/26 12:25:14.302, 6, P8, 22 MHz, 405 MHz, 17.67 W, 24, 0 %, 2 MiB, 1, 16
2026/04/26 12:25:14.302, 7, P8, 22 MHz, 405 MHz, 14.56 W, 24, 0 %, 2 MiB, 1, 16
2026/04/26 12:25:15.302, 0, P8, 22 MHz, 405 MHz, 38.58 W, 24, 0 %, 2 MiB, 1, 16
2026/04/26 12:25:15.302, 1, P8, 22 MHz, 405 MHz, 24.24 W, 24, 0 %, 2 MiB, 1, 16
2026/04/26 12:25:15.302, 2, P8, 22 MHz, 405 MHz, 18.93 W, 24, 0 %, 2 MiB, 1, 16
2026/04/26 12:25:15.302, 3, P8, 22 MHz, 405 MHz, 16.04 W, 24, 0 %, 2 MiB, 1, 16
2026/04/26 12:25:15.303, 4, P8, 22 MHz, 405 MHz, 27.16 W, 23, 0 %, 2 MiB, 1, 16
2026/04/26 12:25:15.303, 5, P8, 22 MHz, 405 MHz, 7.41 W, 23, 0 %, 2 MiB, 1, 16
2026/04/26 12:25:15.303, 6, P8, 22 MHz, 405 MHz, 17.48 W, 24, 0 %, 2 MiB, 1, 16
2026/04/26 12:25:15.303, 7, P8, 22 MHz, 405 MHz, 14.66 W, 24, 0 %, 2 MiB, 1, 16
2026/04/26 12:25:16.303, 0, P8, 22 MHz, 405 MHz, 38.68 W, 24, 0 %, 2 MiB, 1, 16
2026/04/26 12:25:16.303, 1, P8, 22 MHz, 405 MHz, 24.03 W, 24, 0 %, 2 MiB, 1, 16
2026/04/26 12:25:16.303, 2, P8, 22 MHz, 405 MHz, 18.69 W, 24, 0 %, 2 MiB, 1, 16
2026/04/26 12:25:16.303, 3, P8, 22 MHz, 405 MHz, 15.92 W, 24, 0 %, 2 MiB, 1, 16
2026/04/26 12:25:16.303, 4, P8, 22 MHz, 405 MHz, 26.60 W, 23, 0 %, 2 MiB, 1, 16
2026/04/26 12:25:16.303, 5, P8, 22 MHz, 405 MHz, 7.37 W, 23, 0 %, 2 MiB, 1, 16
2026/04/26 12:25:16.304, 6, P8, 22 MHz, 405 MHz, 17.37 W, 24, 0 %, 2 MiB, 1, 16
2026/04/26 12:25:16.304, 7, P8, 22 MHz, 405 MHz, 14.60 W, 24, 0 %, 2 MiB, 1, 16
2026/04/26 12:25:17.304, 0, P8, 22 MHz, 405 MHz, 38.76 W, 24, 0 %, 2 MiB, 1, 16
2026/04/26 12:25:17.304, 1, P8, 22 MHz, 405 MHz, 24.21 W, 24, 0 %, 2 MiB, 1, 16
2026/04/26 12:25:17.304, 2, P8, 22 MHz, 405 MHz, 18.84 W, 24, 0 %, 2 MiB, 1, 16
2026/04/26 12:25:17.304, 3, P8, 22 MHz, 405 MHz, 15.68 W, 24, 0 %, 2 MiB, 1, 16
2026/04/26 12:25:17.304, 4, P8, 22 MHz, 405 MHz, 26.53 W, 23, 0 %, 2 MiB, 1, 16
2026/04/26 12:25:17.304, 5, P8, 22 MHz, 405 MHz, 7.08 W, 23, 0 %, 2 MiB, 1, 16
2026/04/26 12:25:17.304, 6, P8, 22 MHz, 405 MHz, 17.81 W, 24, 0 %, 2 MiB, 1, 16
2026/04/26 12:25:17.304, 7, P8, 22 MHz, 405 MHz, 14.25 W, 24, 0 %, 2 MiB, 1, 16
2026/04/26 12:25:18.305, 0, P8, 22 MHz, 405 MHz, 38.50 W, 24, 0 %, 2 MiB, 1, 16
2026/04/26 12:25:18.305, 1, P8, 22 MHz, 405 MHz, 24.15 W, 24, 0 %, 2 MiB, 1, 16
2026/04/26 12:25:18.305, 2, P8, 22 MHz, 405 MHz, 18.94 W, 24, 0 %, 2 MiB, 1, 16
2026/04/26 12:25:18.305, 3, P8, 22 MHz, 405 MHz, 15.74 W, 24, 0 %, 2 MiB, 1, 16
2026/04/26 12:25:18.305, 4, P8, 22 MHz, 405 MHz, 26.61 W, 23, 0 %, 2 MiB, 1, 16
2026/04/26 12:25:18.305, 5, P8, 22 MHz, 405 MHz, 7.11 W, 23, 0 %, 2 MiB, 1, 16
2026/04/26 12:25:18.305, 6, P8, 22 MHz, 405 MHz, 17.63 W, 24, 0 %, 2 MiB, 1, 16
2026/04/26 12:25:18.305, 7, P8, 22 MHz, 405 MHz, 14.23 W, 24, 0 %, 2 MiB, 1, 16
2026/04/26 12:25:19.305, 0, P8, 22 MHz, 405 MHz, 38.79 W, 24, 0 %, 2 MiB, 1, 16
2026/04/26 12:25:19.305, 1, P8, 22 MHz, 405 MHz, 24.12 W, 24, 0 %, 2 MiB, 1, 16
2026/04/26 12:25:19.305, 2, P8, 22 MHz, 405 MHz, 18.74 W, 24, 0 %, 2 MiB, 1, 16
2026/04/26 12:25:19.305, 3, P8, 22 MHz, 405 MHz, 15.87 W, 24, 0 %, 2 MiB, 1, 16
2026/04/26 12:25:19.305, 4, P8, 22 MHz, 405 MHz, 26.75 W, 23, 0 %, 2 MiB, 1, 16
2026/04/26 12:25:19.305, 5, P8, 22 MHz, 405 MHz, 7.19 W, 23, 0 %, 2 MiB, 1, 16
2026/04/26 12:25:19.305, 6, P8, 22 MHz, 405 MHz, 17.63 W, 24, 0 %, 2 MiB, 1, 16
2026/04/26 12:25:19.305, 7, P8, 22 MHz, 405 MHz, 14.20 W, 24, 0 %, 2 MiB, 1, 16
2026/04/26 12:25:20.306, 0, P8, 22 MHz, 405 MHz, 38.81 W, 24, 0 %, 2 MiB, 1, 16
2026/04/26 12:25:20.306, 1, P8, 22 MHz, 405 MHz, 24.19 W, 24, 0 %, 2 MiB, 1, 16
2026/04/26 12:25:20.306, 2, P8, 22 MHz, 405 MHz, 18.83 W, 24, 0 %, 2 MiB, 1, 16
2026/04/26 12:25:20.306, 3, P8, 21 MHz, 405 MHz, 16.05 W, 24, 0 %, 2 MiB, 1, 16
2026/04/26 12:25:20.306, 4, P8, 22 MHz, 405 MHz, 26.51 W, 23, 0 %, 2 MiB, 1, 16
2026/04/26 12:25:20.306, 5, P8, 22 MHz, 405 MHz, 7.18 W, 23, 0 %, 2 MiB, 1, 16
2026/04/26 12:25:20.306, 6, P8, 22 MHz, 405 MHz, 18.00 W, 24, 0 %, 2 MiB, 1, 16
2026/04/26 12:25:20.306, 7, P8, 22 MHz, 405 MHz, 14.26 W, 24, 0 %, 2 MiB, 1, 16
2026/04/26 12:25:21.307, 0, P8, 22 MHz, 405 MHz, 38.13 W, 24, 0 %, 2 MiB, 1, 16
2026/04/26 12:25:21.307, 1, P8, 22 MHz, 405 MHz, 24.20 W, 24, 0 %, 2 MiB, 1, 16
2026/04/26 12:25:21.307, 2, P8, 22 MHz, 405 MHz, 18.91 W, 24, 0 %, 2 MiB, 1, 16
2026/04/26 12:25:21.307, 3, P8, 22 MHz, 405 MHz, 15.88 W, 24, 0 %, 2 MiB, 1, 16
2026/04/26 12:25:21.307, 4, P8, 22 MHz, 405 MHz, 26.74 W, 23, 0 %, 2 MiB, 1, 16
2026/04/26 12:25:21.307, 5, P8, 22 MHz, 405 MHz, 6.73 W, 23, 0 %, 2 MiB, 1, 16
2026/04/26 12:25:21.307, 6, P8, 22 MHz, 405 MHz, 18.03 W, 24, 0 %, 2 MiB, 1, 16
2026/04/26 12:25:21.307, 7, P8, 22 MHz, 405 MHz, 14.28 W, 24, 0 %, 2 MiB, 1, 16
2026/04/26 12:25:22.307, 0, P8, 22 MHz, 405 MHz, 38.68 W, 24, 0 %, 2 MiB, 1, 16
2026/04/26 12:25:22.307, 1, P8, 22 MHz, 405 MHz, 24.25 W, 24, 0 %, 2 MiB, 1, 16
2026/04/26 12:25:22.307, 2, P8, 22 MHz, 405 MHz, 19.02 W, 24, 0 %, 2 MiB, 1, 16
2026/04/26 12:25:22.308, 3, P8, 22 MHz, 405 MHz, 15.96 W, 24, 0 %, 2 MiB, 1, 16
2026/04/26 12:25:22.308, 4, P8, 22 MHz, 405 MHz, 27.33 W, 23, 0 %, 2 MiB, 1, 16
2026/04/26 12:25:22.308, 5, P8, 22 MHz, 405 MHz, 6.81 W, 23, 0 %, 2 MiB, 1, 16
2026/04/26 12:25:22.308, 6, P8, 22 MHz, 405 MHz, 17.88 W, 24, 0 %, 2 MiB, 1, 16
2026/04/26 12:25:22.308, 7, P8, 22 MHz, 405 MHz, 14.27 W, 24, 0 %, 2 MiB, 1, 16
2026/04/26 12:25:23.308, 0, P8, 22 MHz, 405 MHz, 38.83 W, 24, 0 %, 2 MiB, 1, 16
2026/04/26 12:25:23.308, 1, P8, 22 MHz, 405 MHz, 24.18 W, 24, 0 %, 2 MiB, 1, 16
2026/04/26 12:25:23.308, 2, P8, 22 MHz, 405 MHz, 19.17 W, 24, 0 %, 2 MiB, 1, 16
2026/04/26 12:25:23.308, 3, P8, 22 MHz, 405 MHz, 16.05 W, 24, 0 %, 2 MiB, 1, 16
2026/04/26 12:25:23.308, 4, P8, 22 MHz, 405 MHz, 27.05 W, 23, 0 %, 2 MiB, 1, 16
2026/04/26 12:25:23.308, 5, P8, 22 MHz, 405 MHz, 6.96 W, 23, 0 %, 2 MiB, 1, 16
2026/04/26 12:25:23.308, 6, P8, 22 MHz, 405 MHz, 17.42 W, 24, 0 %, 2 MiB, 1, 16
2026/04/26 12:25:23.308, 7, P8, 22 MHz, 405 MHz, 14.37 W, 24, 0 %, 2 MiB, 1, 16
2026/04/26 12:25:24.309, 0, P8, 22 MHz, 405 MHz, 38.75 W, 24, 0 %, 2 MiB, 1, 16
2026/04/26 12:25:24.309, 1, P8, 22 MHz, 405 MHz, 24.22 W, 24, 0 %, 2 MiB, 1, 16
2026/04/26 12:25:24.309, 2, P8, 22 MHz, 405 MHz, 19.09 W, 24, 0 %, 2 MiB, 1, 16
2026/04/26 12:25:24.309, 3, P8, 22 MHz, 405 MHz, 15.98 W, 24, 0 %, 2 MiB, 1, 16
2026/04/26 12:25:24.309, 4, P8, 22 MHz, 405 MHz, 27.21 W, 23, 0 %, 2 MiB, 1, 16
2026/04/26 12:25:24.309, 5, P8, 22 MHz, 405 MHz, 7.20 W, 23, 0 %, 2 MiB, 1, 16
2026/04/26 12:25:24.309, 6, P8, 22 MHz, 405 MHz, 17.30 W, 24, 0 %, 2 MiB, 1, 16
2026/04/26 12:25:24.309, 7, P8, 22 MHz, 405 MHz, 14.38 W, 24, 0 %, 2 MiB, 1, 16
2026/04/26 12:25:25.309, 0, P8, 22 MHz, 405 MHz, 39.11 W, 24, 0 %, 2 MiB, 1, 16
2026/04/26 12:25:25.310, 1, P8, 22 MHz, 405 MHz, 24.04 W, 24, 0 %, 2 MiB, 1, 16
2026/04/26 12:25:25.310, 2, P8, 22 MHz, 405 MHz, 19.03 W, 24, 0 %, 2 MiB, 1, 16
2026/04/26 12:25:25.310, 3, P8, 22 MHz, 405 MHz, 15.75 W, 24, 0 %, 2 MiB, 1, 16
2026/04/26 12:25:25.310, 4, P8, 22 MHz, 405 MHz, 27.03 W, 23, 0 %, 2 MiB, 1, 16
2026/04/26 12:25:25.310, 5, P8, 22 MHz, 405 MHz, 7.40 W, 23, 0 %, 2 MiB, 1, 16
2026/04/26 12:25:25.310, 6, P8, 22 MHz, 405 MHz, 17.22 W, 24, 0 %, 2 MiB, 1, 16
2026/04/26 12:25:25.310, 7, P8, 22 MHz, 405 MHz, 14.45 W, 24, 0 %, 2 MiB, 1, 16
2026/04/26 12:25:26.310, 0, P8, 22 MHz, 405 MHz, 39.18 W, 24, 0 %, 2 MiB, 1, 16
2026/04/26 12:25:26.310, 1, P8, 22 MHz, 405 MHz, 24.37 W, 24, 0 %, 2 MiB, 1, 16
2026/04/26 12:25:26.310, 2, P8, 22 MHz, 405 MHz, 19.13 W, 24, 0 %, 2 MiB, 1, 16
2026/04/26 12:25:26.310, 3, P8, 22 MHz, 405 MHz, 15.82 W, 24, 0 %, 2 MiB, 1, 16
2026/04/26 12:25:26.310, 4, P8, 22 MHz, 405 MHz, 26.79 W, 23, 0 %, 2 MiB, 1, 16
2026/04/26 12:25:26.311, 5, P8, 22 MHz, 405 MHz, 7.36 W, 23, 0 %, 2 MiB, 1, 16
2026/04/26 12:25:26.311, 6, P8, 22 MHz, 405 MHz, 17.17 W, 24, 0 %, 2 MiB, 1, 16
2026/04/26 12:25:26.311, 7, P8, 22 MHz, 405 MHz, 14.29 W, 24, 0 %, 2 MiB, 1, 16
2026/04/26 12:25:27.311, 0, P8, 22 MHz, 405 MHz, 38.54 W, 24, 0 %, 2 MiB, 1, 16
2026/04/26 12:25:27.311, 1, P8, 22 MHz, 405 MHz, 24.22 W, 24, 0 %, 2 MiB, 1, 16
2026/04/26 12:25:27.311, 2, P8, 22 MHz, 405 MHz, 18.99 W, 24, 0 %, 2 MiB, 1, 16
2026/04/26 12:25:27.311, 3, P8, 22 MHz, 405 MHz, 15.90 W, 24, 0 %, 2 MiB, 1, 16
2026/04/26 12:25:27.311, 4, P8, 22 MHz, 405 MHz, 26.65 W, 23, 0 %, 2 MiB, 1, 16
2026/04/26 12:25:27.311, 5, P8, 22 MHz, 405 MHz, 7.32 W, 23, 0 %, 2 MiB, 1, 16
2026/04/26 12:25:27.311, 6, P8, 22 MHz, 405 MHz, 17.39 W, 24, 0 %, 2 MiB, 1, 16
2026/04/26 12:25:27.311, 7, P8, 22 MHz, 405 MHz, 14.30 W, 24, 0 %, 2 MiB, 1, 16
2026/04/26 12:25:28.312, 0, P8, 22 MHz, 405 MHz, 38.53 W, 24, 0 %, 2 MiB, 1, 16
2026/04/26 12:25:28.312, 1, P8, 22 MHz, 405 MHz, 23.92 W, 24, 0 %, 2 MiB, 1, 16
2026/04/26 12:25:28.312, 2, P8, 22 MHz, 405 MHz, 18.87 W, 24, 0 %, 2 MiB, 1, 16
2026/04/26 12:25:28.312, 3, P8, 22 MHz, 405 MHz, 15.88 W, 24, 0 %, 2 MiB, 1, 16
2026/04/26 12:25:28.312, 4, P8, 22 MHz, 405 MHz, 26.48 W, 23, 0 %, 2 MiB, 1, 16
2026/04/26 12:25:28.312, 5, P8, 22 MHz, 405 MHz, 7.56 W, 23, 0 %, 2 MiB, 1, 16
2026/04/26 12:25:28.312, 6, P8, 22 MHz, 405 MHz, 17.50 W, 24, 0 %, 2 MiB, 1, 16
2026/04/26 12:25:28.312, 7, P8, 22 MHz, 405 MHz, 14.40 W, 24, 0 %, 2 MiB, 1, 16
2026/04/26 12:25:29.312, 0, P8, 22 MHz, 405 MHz, 38.56 W, 24, 0 %, 2 MiB, 1, 16
2026/04/26 12:25:29.313, 1, P8, 22 MHz, 405 MHz, 24.03 W, 24, 0 %, 2 MiB, 1, 16
2026/04/26 12:25:29.313, 2, P8, 22 MHz, 405 MHz, 19.09 W, 24, 0 %, 2 MiB, 1, 16
2026/04/26 12:25:29.313, 3, P8, 22 MHz, 405 MHz, 15.94 W, 24, 0 %, 2 MiB, 1, 16
2026/04/26 12:25:29.313, 4, P8, 22 MHz, 405 MHz, 27.05 W, 23, 0 %, 2 MiB, 1, 16
2026/04/26 12:25:29.313, 5, P8, 22 MHz, 405 MHz, 7.57 W, 23, 0 %, 2 MiB, 1, 16
2026/04/26 12:25:29.313, 6, P8, 22 MHz, 405 MHz, 17.37 W, 24, 0 %, 2 MiB, 1, 16
2026/04/26 12:25:29.313, 7, P8, 22 MHz, 405 MHz, 14.38 W, 24, 0 %, 2 MiB, 1, 16
2026/04/26 12:25:30.313, 0, P8, 22 MHz, 405 MHz, 38.42 W, 24, 0 %, 2 MiB, 1, 16
2026/04/26 12:25:30.313, 1, P8, 22 MHz, 405 MHz, 24.16 W, 24, 0 %, 2 MiB, 1, 16
2026/04/26 12:25:30.313, 2, P8, 22 MHz, 405 MHz, 19.24 W, 24, 0 %, 2 MiB, 1, 16
2026/04/26 12:25:30.313, 3, P8, 22 MHz, 405 MHz, 15.91 W, 24, 0 %, 2 MiB, 1, 16
2026/04/26 12:25:30.313, 4, P8, 22 MHz, 405 MHz, 26.94 W, 23, 0 %, 2 MiB, 1, 16
2026/04/26 12:25:30.313, 5, P8, 22 MHz, 405 MHz, 7.67 W, 23, 0 %, 2 MiB, 1, 16
2026/04/26 12:25:30.313, 6, P8, 22 MHz, 405 MHz, 17.55 W, 24, 0 %, 2 MiB, 1, 16
2026/04/26 12:25:30.313, 7, P8, 22 MHz, 405 MHz, 14.58 W, 24, 0 %, 2 MiB, 1, 16
2026/04/26 12:25:31.314, 0, P8, 22 MHz, 405 MHz, 38.57 W, 24, 0 %, 2 MiB, 1, 16
2026/04/26 12:25:31.314, 1, P8, 22 MHz, 405 MHz, 24.34 W, 24, 0 %, 2 MiB, 1, 16
2026/04/26 12:25:31.314, 2, P8, 22 MHz, 405 MHz, 18.95 W, 24, 0 %, 2 MiB, 1, 16
2026/04/26 12:25:31.314, 3, P8, 22 MHz, 405 MHz, 15.84 W, 24, 0 %, 2 MiB, 1, 16
2026/04/26 12:25:31.314, 4, P8, 22 MHz, 405 MHz, 26.97 W, 23, 0 %, 2 MiB, 1, 16
2026/04/26 12:25:31.314, 5, P8, 22 MHz, 405 MHz, 7.61 W, 23, 0 %, 2 MiB, 1, 16
2026/04/26 12:25:31.314, 6, P8, 22 MHz, 405 MHz, 17.38 W, 24, 0 %, 2 MiB, 1, 16
2026/04/26 12:25:31.314, 7, P8, 22 MHz, 405 MHz, 14.51 W, 24, 0 %, 2 MiB, 1, 16
2026/04/26 12:25:32.314, 0, P8, 22 MHz, 405 MHz, 38.52 W, 24, 0 %, 2 MiB, 1, 16
2026/04/26 12:25:32.319, 1, P8, 22 MHz, 405 MHz, 24.56 W, 24, 0 %, 2 MiB, 1, 16
2026/04/26 12:25:32.319, 2, P8, 22 MHz, 405 MHz, 18.96 W, 24, 0 %, 2 MiB, 1, 16
2026/04/26 12:25:32.319, 3, P8, 22 MHz, 405 MHz, 15.87 W, 24, 0 %, 2 MiB, 1, 16
2026/04/26 12:25:32.319, 4, P8, 22 MHz, 405 MHz, 26.87 W, 23, 0 %, 2 MiB, 1, 16
2026/04/26 12:25:32.319, 5, P8, 22 MHz, 405 MHz, 7.56 W, 23, 0 %, 2 MiB, 1, 16
2026/04/26 12:25:32.319, 6, P8, 22 MHz, 405 MHz, 18.02 W, 24, 0 %, 2 MiB, 1, 16
2026/04/26 12:25:32.319, 7, P8, 22 MHz, 405 MHz, 14.30 W, 24, 0 %, 2 MiB, 1, 16
2026/04/26 12:25:33.319, 0, P8, 22 MHz, 405 MHz, 38.87 W, 24, 0 %, 2 MiB, 1, 16
2026/04/26 12:25:33.319, 1, P8, 22 MHz, 405 MHz, 24.52 W, 24, 0 %, 2 MiB, 1, 16
2026/04/26 12:25:33.319, 2, P8, 22 MHz, 405 MHz, 19.04 W, 24, 0 %, 2 MiB, 1, 16
2026/04/26 12:25:33.320, 3, P8, 22 MHz, 405 MHz, 16.04 W, 24, 0 %, 2 MiB, 1, 16
2026/04/26 12:25:33.320, 4, P8, 22 MHz, 405 MHz, 26.64 W, 23, 0 %, 2 MiB, 1, 16
2026/04/26 12:25:33.320, 5, P8, 22 MHz, 405 MHz, 7.86 W, 23, 0 %, 2 MiB, 1, 16
2026/04/26 12:25:33.320, 6, P8, 22 MHz, 405 MHz, 17.93 W, 24, 0 %, 2 MiB, 1, 16
2026/04/26 12:25:33.320, 7, P8, 22 MHz, 405 MHz, 14.22 W, 24, 0 %, 2 MiB, 1, 16
2026/04/26 12:25:34.320, 0, P8, 22 MHz, 405 MHz, 38.55 W, 24, 0 %, 2 MiB, 1, 16
2026/04/26 12:25:34.320, 1, P8, 22 MHz, 405 MHz, 24.39 W, 24, 0 %, 2 MiB, 1, 16
2026/04/26 12:25:34.320, 2, P8, 22 MHz, 405 MHz, 18.94 W, 24, 0 %, 2 MiB, 1, 16
2026/04/26 12:25:34.320, 3, P8, 22 MHz, 405 MHz, 16.21 W, 24, 0 %, 2 MiB, 1, 16
2026/04/26 12:25:34.320, 4, P8, 22 MHz, 405 MHz, 26.63 W, 23, 0 %, 2 MiB, 1, 16
2026/04/26 12:25:34.320, 5, P8, 22 MHz, 405 MHz, 7.85 W, 23, 0 %, 2 MiB, 1, 16
2026/04/26 12:25:34.321, 6, P8, 22 MHz, 405 MHz, 18.35 W, 24, 0 %, 2 MiB, 1, 16
2026/04/26 12:25:34.321, 7, P8, 21 MHz, 405 MHz, 13.89 W, 24, 0 %, 2 MiB, 1, 16
2026/04/26 12:25:35.321, 0, P8, 22 MHz, 405 MHz, 38.61 W, 24, 0 %, 2 MiB, 1, 16
2026/04/26 12:25:35.321, 1, P8, 22 MHz, 405 MHz, 24.37 W, 24, 0 %, 2 MiB, 1, 16
2026/04/26 12:25:35.321, 2, P8, 22 MHz, 405 MHz, 19.02 W, 24, 0 %, 2 MiB, 1, 16
2026/04/26 12:25:35.324, 3, P8, 22 MHz, 405 MHz, 16.24 W, 24, 0 %, 2 MiB, 1, 16
2026/04/26 12:25:35.324, 4, P8, 22 MHz, 405 MHz, 26.75 W, 23, 0 %, 2 MiB, 1, 16
2026/04/26 12:25:35.324, 5, P8, 22 MHz, 405 MHz, 8.03 W, 23, 0 %, 2 MiB, 1, 16
2026/04/26 12:25:35.324, 6, P8, 22 MHz, 405 MHz, 18.01 W, 24, 0 %, 2 MiB, 1, 16
2026/04/26 12:25:35.324, 7, P8, 22 MHz, 405 MHz, 13.90 W, 24, 0 %, 2 MiB, 1, 16
2026/04/26 12:25:36.324, 0, P8, 22 MHz, 405 MHz, 38.81 W, 24, 0 %, 2 MiB, 1, 16
2026/04/26 12:25:36.325, 1, P8, 22 MHz, 405 MHz, 24.25 W, 24, 0 %, 2 MiB, 1, 16
2026/04/26 12:25:36.325, 2, P8, 22 MHz, 405 MHz, 19.03 W, 24, 0 %, 2 MiB, 1, 16
2026/04/26 12:25:36.325, 3, P8, 22 MHz, 405 MHz, 16.42 W, 24, 0 %, 2 MiB, 1, 16
2026/04/26 12:25:36.325, 4, P8, 22 MHz, 405 MHz, 26.37 W, 23, 0 %, 2 MiB, 1, 16
2026/04/26 12:25:36.325, 5, P8, 22 MHz, 405 MHz, 8.38 W, 23, 0 %, 2 MiB, 1, 16
2026/04/26 12:25:36.325, 6, P8, 22 MHz, 405 MHz, 17.67 W, 24, 0 %, 2 MiB, 1, 16
2026/04/26 12:25:36.325, 7, P8, 22 MHz, 405 MHz, 13.93 W, 24, 0 %, 2 MiB, 1, 16
2026/04/26 12:25:37.325, 0, P8, 22 MHz, 405 MHz, 38.69 W, 24, 0 %, 2 MiB, 1, 16
2026/04/26 12:25:37.325, 1, P8, 22 MHz, 405 MHz, 24.62 W, 24, 0 %, 2 MiB, 1, 16
2026/04/26 12:25:37.325, 2, P8, 22 MHz, 405 MHz, 19.01 W, 24, 0 %, 2 MiB, 1, 16
2026/04/26 12:25:37.325, 3, P8, 22 MHz, 405 MHz, 15.94 W, 24, 0 %, 2 MiB, 1, 16
2026/04/26 12:25:37.326, 4, P8, 22 MHz, 405 MHz, 26.69 W, 23, 0 %, 2 MiB, 1, 16
2026/04/26 12:25:37.326, 5, P8, 22 MHz, 405 MHz, 8.38 W, 23, 0 %, 2 MiB, 1, 16
2026/04/26 12:25:37.326, 6, P8, 22 MHz, 405 MHz, 17.58 W, 24, 0 %, 2 MiB, 1, 16
2026/04/26 12:25:37.326, 7, P8, 22 MHz, 405 MHz, 13.98 W, 24, 0 %, 2 MiB, 1, 16
2026/04/26 12:25:38.326, 0, P8, 22 MHz, 405 MHz, 38.80 W, 24, 0 %, 2 MiB, 1, 16
2026/04/26 12:25:38.326, 1, P8, 22 MHz, 405 MHz, 24.60 W, 24, 0 %, 2 MiB, 1, 16
2026/04/26 12:25:38.326, 2, P8, 22 MHz, 405 MHz, 19.10 W, 24, 0 %, 2 MiB, 1, 16
2026/04/26 12:25:38.326, 3, P8, 22 MHz, 405 MHz, 16.37 W, 24, 0 %, 2 MiB, 1, 16
2026/04/26 12:25:38.326, 4, P8, 22 MHz, 405 MHz, 26.82 W, 23, 0 %, 2 MiB, 1, 16
2026/04/26 12:25:38.330, 5, P8, 22 MHz, 405 MHz, 8.23 W, 23, 0 %, 2 MiB, 1, 16
2026/04/26 12:25:38.331, 6, P8, 22 MHz, 405 MHz, 17.96 W, 24, 0 %, 2 MiB, 1, 16
2026/04/26 12:25:38.331, 7, P8, 22 MHz, 405 MHz, 13.86 W, 24, 0 %, 2 MiB, 1, 16
2026/04/26 12:25:39.331, 0, P8, 22 MHz, 405 MHz, 38.77 W, 24, 0 %, 2 MiB, 1, 16
2026/04/26 12:25:39.331, 1, P8, 22 MHz, 405 MHz, 24.36 W, 24, 0 %, 2 MiB, 1, 16
2026/04/26 12:25:39.331, 2, P8, 22 MHz, 405 MHz, 19.14 W, 24, 0 %, 2 MiB, 1, 16
2026/04/26 12:25:39.331, 3, P8, 22 MHz, 405 MHz, 16.83 W, 24, 0 %, 2 MiB, 1, 16
2026/04/26 12:25:39.331, 4, P8, 22 MHz, 405 MHz, 26.32 W, 23, 0 %, 2 MiB, 1, 16
2026/04/26 12:25:39.331, 5, P8, 22 MHz, 405 MHz, 7.94 W, 23, 0 %, 2 MiB, 1, 16
2026/04/26 12:25:39.331, 6, P8, 22 MHz, 405 MHz, 17.88 W, 24, 0 %, 2 MiB, 1, 16
2026/04/26 12:25:39.331, 7, P8, 22 MHz, 405 MHz, 13.73 W, 24, 0 %, 2 MiB, 1, 16
2026/04/26 12:25:40.332, 0, P8, 22 MHz, 405 MHz, 38.63 W, 24, 0 %, 2 MiB, 1, 16
2026/04/26 12:25:40.332, 1, P8, 22 MHz, 405 MHz, 24.33 W, 24, 0 %, 2 MiB, 1, 16
2026/04/26 12:25:40.332, 2, P8, 22 MHz, 405 MHz, 18.85 W, 24, 0 %, 2 MiB, 1, 16
2026/04/26 12:25:40.332, 3, P8, 22 MHz, 405 MHz, 16.32 W, 24, 0 %, 2 MiB, 1, 16
2026/04/26 12:25:40.332, 4, P8, 22 MHz, 405 MHz, 26.42 W, 23, 0 %, 2 MiB, 1, 16
2026/04/26 12:25:40.332, 5, P8, 22 MHz, 405 MHz, 8.20 W, 23, 0 %, 2 MiB, 1, 16
2026/04/26 12:25:40.332, 6, P8, 22 MHz, 405 MHz, 17.87 W, 24, 0 %, 2 MiB, 1, 16
2026/04/26 12:25:40.332, 7, P8, 22 MHz, 405 MHz, 13.84 W, 24, 0 %, 2 MiB, 1, 16
2026/04/26 12:25:41.332, 0, P8, 22 MHz, 405 MHz, 38.58 W, 24, 0 %, 2 MiB, 1, 16
2026/04/26 12:25:41.333, 1, P8, 22 MHz, 405 MHz, 24.41 W, 24, 0 %, 2 MiB, 1, 16
2026/04/26 12:25:41.333, 2, P8, 22 MHz, 405 MHz, 19.01 W, 24, 0 %, 2 MiB, 1, 16
2026/04/26 12:25:41.333, 3, P8, 22 MHz, 405 MHz, 16.26 W, 24, 0 %, 2 MiB, 1, 16
2026/04/26 12:25:41.333, 4, P8, 22 MHz, 405 MHz, 26.75 W, 23, 0 %, 2 MiB, 1, 16
2026/04/26 12:25:41.333, 5, P8, 22 MHz, 405 MHz, 8.20 W, 23, 0 %, 2 MiB, 1, 16
2026/04/26 12:25:41.334, 6, P8, 22 MHz, 405 MHz, 17.85 W, 24, 0 %, 2 MiB, 1, 16
2026/04/26 12:25:41.334, 7, P8, 22 MHz, 405 MHz, 13.95 W, 24, 0 %, 2 MiB, 1, 16
2026/04/26 12:25:42.334, 0, P8, 22 MHz, 405 MHz, 38.61 W, 24, 0 %, 2 MiB, 1, 16
2026/04/26 12:25:42.335, 1, P8, 22 MHz, 405 MHz, 24.26 W, 24, 0 %, 2 MiB, 1, 16
2026/04/26 12:25:42.335, 2, P8, 22 MHz, 405 MHz, 18.68 W, 24, 0 %, 2 MiB, 1, 16
2026/04/26 12:25:42.335, 3, P8, 22 MHz, 405 MHz, 15.95 W, 24, 0 %, 2 MiB, 1, 16
2026/04/26 12:25:42.335, 4, P8, 22 MHz, 405 MHz, 25.68 W, 23, 0 %, 2 MiB, 1, 16
2026/04/26 12:25:42.335, 5, P8, 22 MHz, 405 MHz, 8.29 W, 23, 0 %, 2 MiB, 1, 16
2026/04/26 12:25:42.335, 6, P8, 22 MHz, 405 MHz, 17.63 W, 24, 0 %, 2 MiB, 1, 16
2026/04/26 12:25:42.335, 7, P8, 22 MHz, 405 MHz, 13.87 W, 24, 0 %, 2 MiB, 1, 16
2026/04/26 12:25:43.335, 0, P8, 21 MHz, 405 MHz, 38.41 W, 24, 0 %, 2 MiB, 1, 16
2026/04/26 12:25:43.335, 1, P8, 22 MHz, 405 MHz, 24.12 W, 24, 0 %, 2 MiB, 1, 16
2026/04/26 12:25:43.335, 2, P8, 22 MHz, 405 MHz, 18.97 W, 24, 0 %, 2 MiB, 1, 16
2026/04/26 12:25:43.336, 3, P8, 22 MHz, 405 MHz, 15.93 W, 24, 0 %, 2 MiB, 1, 16
2026/04/26 12:25:43.336, 4, P8, 22 MHz, 405 MHz, 26.18 W, 23, 0 %, 2 MiB, 1, 16
2026/04/26 12:25:43.336, 5, P8, 22 MHz, 405 MHz, 8.40 W, 23, 0 %, 2 MiB, 1, 16
2026/04/26 12:25:43.336, 6, P8, 22 MHz, 405 MHz, 17.69 W, 24, 0 %, 2 MiB, 1, 16
2026/04/26 12:25:43.336, 7, P8, 22 MHz, 405 MHz, 14.35 W, 24, 0 %, 2 MiB, 1, 16
2026/04/26 12:25:44.336, 0, P8, 22 MHz, 405 MHz, 38.45 W, 24, 0 %, 2 MiB, 1, 16
2026/04/26 12:25:44.336, 1, P8, 22 MHz, 405 MHz, 24.17 W, 24, 0 %, 2 MiB, 1, 16
2026/04/26 12:25:44.336, 2, P8, 22 MHz, 405 MHz, 18.84 W, 24, 0 %, 2 MiB, 1, 16
2026/04/26 12:25:44.336, 3, P8, 22 MHz, 405 MHz, 16.06 W, 24, 0 %, 2 MiB, 1, 16
2026/04/26 12:25:44.336, 4, P8, 22 MHz, 405 MHz, 26.50 W, 23, 0 %, 2 MiB, 1, 16
2026/04/26 12:25:44.336, 5, P8, 22 MHz, 405 MHz, 8.68 W, 23, 0 %, 2 MiB, 1, 16
2026/04/26 12:25:44.337, 6, P8, 22 MHz, 405 MHz, 17.83 W, 24, 0 %, 2 MiB, 1, 16
2026/04/26 12:25:44.337, 7, P8, 22 MHz, 405 MHz, 14.25 W, 24, 0 %, 2 MiB, 1, 16
2026/04/26 12:25:45.337, 0, P8, 22 MHz, 405 MHz, 38.58 W, 24, 0 %, 2 MiB, 1, 16
2026/04/26 12:25:45.337, 1, P8, 22 MHz, 405 MHz, 24.32 W, 24, 0 %, 2 MiB, 1, 16
2026/04/26 12:25:45.337, 2, P8, 22 MHz, 405 MHz, 18.98 W, 24, 0 %, 2 MiB, 1, 16
2026/04/26 12:25:45.337, 3, P8, 22 MHz, 405 MHz, 16.27 W, 24, 0 %, 2 MiB, 1, 16
2026/04/26 12:25:45.337, 4, P8, 22 MHz, 405 MHz, 26.26 W, 23, 0 %, 2 MiB, 1, 16
2026/04/26 12:25:45.337, 5, P8, 22 MHz, 405 MHz, 8.65 W, 23, 0 %, 2 MiB, 1, 16
2026/04/26 12:25:45.337, 6, P8, 22 MHz, 405 MHz, 18.01 W, 24, 0 %, 2 MiB, 1, 16
2026/04/26 12:25:45.337, 7, P8, 22 MHz, 405 MHz, 14.12 W, 24, 0 %, 2 MiB, 1, 16
2026/04/26 12:25:46.338, 0, P8, 22 MHz, 405 MHz, 38.62 W, 24, 0 %, 2 MiB, 1, 16
2026/04/26 12:25:46.338, 1, P8, 22 MHz, 405 MHz, 24.45 W, 24, 0 %, 2 MiB, 1, 16
2026/04/26 12:25:46.338, 2, P8, 22 MHz, 405 MHz, 18.98 W, 24, 0 %, 2 MiB, 1, 16
2026/04/26 12:25:46.338, 3, P8, 22 MHz, 405 MHz, 15.93 W, 24, 0 %, 2 MiB, 1, 16
2026/04/26 12:25:46.338, 4, P8, 22 MHz, 405 MHz, 25.93 W, 23, 0 %, 2 MiB, 1, 16
2026/04/26 12:25:46.338, 5, P8, 22 MHz, 405 MHz, 9.06 W, 23, 0 %, 2 MiB, 1, 16
2026/04/26 12:25:46.338, 6, P8, 22 MHz, 405 MHz, 17.84 W, 24, 0 %, 2 MiB, 1, 16
2026/04/26 12:25:46.338, 7, P8, 22 MHz, 405 MHz, 14.23 W, 24, 0 %, 2 MiB, 1, 16
2026/04/26 12:25:47.339, 0, P8, 22 MHz, 405 MHz, 38.82 W, 24, 0 %, 2 MiB, 1, 16
2026/04/26 12:25:47.339, 1, P8, 22 MHz, 405 MHz, 24.30 W, 24, 0 %, 2 MiB, 1, 16
2026/04/26 12:25:47.339, 2, P8, 22 MHz, 405 MHz, 19.09 W, 24, 0 %, 2 MiB, 1, 16
2026/04/26 12:25:47.339, 3, P8, 22 MHz, 405 MHz, 16.20 W, 24, 0 %, 2 MiB, 1, 16
2026/04/26 12:25:47.339, 4, P8, 21 MHz, 405 MHz, 25.68 W, 23, 0 %, 2 MiB, 1, 16
2026/04/26 12:25:47.339, 5, P8, 21 MHz, 405 MHz, 8.91 W, 23, 0 %, 2 MiB, 1, 16
2026/04/26 12:25:47.339, 6, P8, 22 MHz, 405 MHz, 17.91 W, 24, 0 %, 2 MiB, 1, 16
2026/04/26 12:25:47.339, 7, P8, 22 MHz, 405 MHz, 14.28 W, 24, 0 %, 2 MiB, 1, 16
2026/04/26 12:25:48.339, 0, P8, 22 MHz, 405 MHz, 38.78 W, 24, 0 %, 2 MiB, 1, 16
2026/04/26 12:25:48.339, 1, P8, 22 MHz, 405 MHz, 24.22 W, 24, 0 %, 2 MiB, 1, 16
2026/04/26 12:25:48.340, 2, P8, 22 MHz, 405 MHz, 19.16 W, 24, 0 %, 2 MiB, 1, 16
2026/04/26 12:25:48.340, 3, P8, 22 MHz, 405 MHz, 16.39 W, 24, 0 %, 2 MiB, 1, 16
2026/04/26 12:25:48.340, 4, P8, 22 MHz, 405 MHz, 25.31 W, 23, 0 %, 2 MiB, 1, 16
2026/04/26 12:25:48.340, 5, P8, 22 MHz, 405 MHz, 8.54 W, 23, 0 %, 2 MiB, 1, 16
2026/04/26 12:25:48.340, 6, P8, 22 MHz, 405 MHz, 17.60 W, 24, 0 %, 2 MiB, 1, 16
2026/04/26 12:25:48.340, 7, P8, 21 MHz, 405 MHz, 14.23 W, 24, 0 %, 2 MiB, 1, 16
2026/04/26 12:25:49.340, 0, P8, 22 MHz, 405 MHz, 38.77 W, 24, 0 %, 2 MiB, 1, 16
2026/04/26 12:25:49.340, 1, P8, 22 MHz, 405 MHz, 24.11 W, 24, 0 %, 2 MiB, 1, 16
2026/04/26 12:25:49.340, 2, P8, 22 MHz, 405 MHz, 19.23 W, 24, 0 %, 2 MiB, 1, 16
2026/04/26 12:25:49.340, 3, P8, 22 MHz, 405 MHz, 16.06 W, 24, 0 %, 2 MiB, 1, 16
2026/04/26 12:25:49.340, 4, P8, 22 MHz, 405 MHz, 25.22 W, 23, 0 %, 2 MiB, 1, 16
2026/04/26 12:25:49.340, 5, P8, 22 MHz, 405 MHz, 8.22 W, 23, 0 %, 2 MiB, 1, 16
2026/04/26 12:25:49.340, 6, P8, 22 MHz, 405 MHz, 17.73 W, 24, 0 %, 2 MiB, 1, 16
2026/04/26 12:25:49.340, 7, P8, 22 MHz, 405 MHz, 14.34 W, 24, 0 %, 2 MiB, 1, 16
2026/04/26 12:25:50.341, 0, P8, 21 MHz, 405 MHz, 38.68 W, 24, 0 %, 2 MiB, 1, 16
2026/04/26 12:25:50.341, 1, P8, 22 MHz, 405 MHz, 24.26 W, 24, 0 %, 2 MiB, 1, 16
2026/04/26 12:25:50.341, 2, P8, 22 MHz, 405 MHz, 19.03 W, 24, 0 %, 2 MiB, 1, 16
2026/04/26 12:25:50.341, 3, P8, 22 MHz, 405 MHz, 16.20 W, 24, 0 %, 2 MiB, 1, 16
2026/04/26 12:25:50.341, 4, P8, 22 MHz, 405 MHz, 25.28 W, 23, 0 %, 2 MiB, 1, 16
2026/04/26 12:25:50.341, 5, P8, 22 MHz, 405 MHz, 7.97 W, 23, 0 %, 2 MiB, 1, 16
2026/04/26 12:25:50.341, 6, P8, 22 MHz, 405 MHz, 18.02 W, 24, 0 %, 2 MiB, 1, 16
2026/04/26 12:25:50.341, 7, P8, 22 MHz, 405 MHz, 14.59 W, 24, 0 %, 2 MiB, 1, 16
2026/04/26 12:25:51.341, 0, P8, 22 MHz, 405 MHz, 38.94 W, 24, 0 %, 2 MiB, 1, 16
2026/04/26 12:25:51.341, 1, P8, 22 MHz, 405 MHz, 24.18 W, 24, 0 %, 2 MiB, 1, 16
2026/04/26 12:25:51.341, 2, P8, 22 MHz, 405 MHz, 19.04 W, 24, 0 %, 2 MiB, 1, 16
2026/04/26 12:25:51.341, 3, P8, 22 MHz, 405 MHz, 16.22 W, 24, 0 %, 2 MiB, 1, 16
2026/04/26 12:25:51.343, 4, P8, 22 MHz, 405 MHz, 25.09 W, 23, 0 %, 2 MiB, 1, 16
2026/04/26 12:25:51.343, 5, P8, 22 MHz, 405 MHz, 8.03 W, 23, 0 %, 2 MiB, 1, 16
2026/04/26 12:25:51.343, 6, P8, 22 MHz, 405 MHz, 17.71 W, 24, 0 %, 2 MiB, 1, 16
2026/04/26 12:25:51.343, 7, P8, 22 MHz, 405 MHz, 14.49 W, 24, 0 %, 2 MiB, 1, 16
2026/04/26 12:25:52.343, 0, P8, 22 MHz, 405 MHz, 39.04 W, 24, 0 %, 2 MiB, 1, 16
2026/04/26 12:25:52.344, 1, P8, 22 MHz, 405 MHz, 24.28 W, 24, 0 %, 2 MiB, 1, 16
2026/04/26 12:25:52.344, 2, P8, 22 MHz, 405 MHz, 19.19 W, 24, 0 %, 2 MiB, 1, 16
2026/04/26 12:25:52.344, 3, P8, 22 MHz, 405 MHz, 16.39 W, 24, 0 %, 2 MiB, 1, 16
2026/04/26 12:25:52.344, 4, P8, 22 MHz, 405 MHz, 24.91 W, 23, 0 %, 2 MiB, 1, 16
2026/04/26 12:25:52.344, 5, P8, 22 MHz, 405 MHz, 8.34 W, 23, 0 %, 2 MiB, 1, 16
2026/04/26 12:25:52.344, 6, P8, 22 MHz, 405 MHz, 17.50 W, 24, 0 %, 2 MiB, 1, 16
2026/04/26 12:25:52.344, 7, P8, 22 MHz, 405 MHz, 13.96 W, 24, 0 %, 2 MiB, 1, 16
2026/04/26 12:25:53.344, 0, P8, 22 MHz, 405 MHz, 38.61 W, 24, 0 %, 2 MiB, 1, 16
2026/04/26 12:25:53.344, 1, P8, 22 MHz, 405 MHz, 24.59 W, 24, 0 %, 2 MiB, 1, 16
2026/04/26 12:25:53.344, 2, P8, 22 MHz, 405 MHz, 19.57 W, 24, 0 %, 2 MiB, 1, 16
2026/04/26 12:25:53.344, 3, P8, 22 MHz, 405 MHz, 16.43 W, 24, 0 %, 2 MiB, 1, 16
2026/04/26 12:25:53.344, 4, P8, 22 MHz, 405 MHz, 25.13 W, 23, 0 %, 2 MiB, 1, 16
2026/04/26 12:25:53.344, 5, P8, 22 MHz, 405 MHz, 8.16 W, 23, 0 %, 2 MiB, 1, 16
2026/04/26 12:25:53.345, 6, P8, 22 MHz, 405 MHz, 17.62 W, 24, 0 %, 2 MiB, 1, 16
2026/04/26 12:25:53.345, 7, P8, 22 MHz, 405 MHz, 14.04 W, 24, 0 %, 2 MiB, 1, 16
2026/04/26 12:25:54.345, 0, P8, 22 MHz, 405 MHz, 38.74 W, 24, 0 %, 2 MiB, 1, 16
2026/04/26 12:25:54.345, 1, P8, 22 MHz, 405 MHz, 24.48 W, 24, 0 %, 2 MiB, 1, 16
2026/04/26 12:25:54.345, 2, P8, 22 MHz, 405 MHz, 19.41 W, 24, 0 %, 2 MiB, 1, 16
2026/04/26 12:25:54.345, 3, P8, 22 MHz, 405 MHz, 16.67 W, 24, 0 %, 2 MiB, 1, 16
2026/04/26 12:25:54.345, 4, P8, 22 MHz, 405 MHz, 25.46 W, 23, 0 %, 2 MiB, 1, 16
2026/04/26 12:25:54.345, 5, P8, 21 MHz, 405 MHz, 7.93 W, 23, 0 %, 2 MiB, 1, 16
2026/04/26 12:25:54.345, 6, P8, 22 MHz, 405 MHz, 17.46 W, 24, 0 %, 2 MiB, 1, 16
2026/04/26 12:25:54.345, 7, P8, 22 MHz, 405 MHz, 14.57 W, 24, 0 %, 2 MiB, 1, 16
2026/04/26 12:25:55.345, 0, P8, 22 MHz, 405 MHz, 38.87 W, 24, 0 %, 2 MiB, 1, 16
2026/04/26 12:25:55.345, 1, P8, 22 MHz, 405 MHz, 24.37 W, 24, 0 %, 2 MiB, 1, 16
2026/04/26 12:25:55.346, 2, P8, 22 MHz, 405 MHz, 19.27 W, 24, 0 %, 2 MiB, 1, 16
2026/04/26 12:25:55.346, 3, P8, 22 MHz, 405 MHz, 16.73 W, 24, 0 %, 2 MiB, 1, 16
2026/04/26 12:25:55.346, 4, P8, 21 MHz, 405 MHz, 25.37 W, 23, 0 %, 2 MiB, 1, 16
2026/04/26 12:25:55.346, 5, P8, 22 MHz, 405 MHz, 8.06 W, 23, 0 %, 2 MiB, 1, 16
2026/04/26 12:25:55.346, 6, P8, 22 MHz, 405 MHz, 17.50 W, 24, 0 %, 2 MiB, 1, 16
2026/04/26 12:25:55.346, 7, P8, 22 MHz, 405 MHz, 14.46 W, 24, 0 %, 2 MiB, 1, 16
2026/04/26 12:25:56.346, 0, P8, 22 MHz, 405 MHz, 38.52 W, 24, 0 %, 2 MiB, 1, 16
2026/04/26 12:25:56.346, 1, P8, 22 MHz, 405 MHz, 24.46 W, 24, 0 %, 2 MiB, 1, 16
2026/04/26 12:25:56.346, 2, P8, 22 MHz, 405 MHz, 19.29 W, 24, 0 %, 2 MiB, 1, 16
2026/04/26 12:25:56.346, 3, P8, 22 MHz, 405 MHz, 16.60 W, 24, 0 %, 2 MiB, 1, 16
2026/04/26 12:25:56.346, 4, P8, 22 MHz, 405 MHz, 24.97 W, 23, 0 %, 2 MiB, 1, 16
2026/04/26 12:25:56.347, 5, P8, 22 MHz, 405 MHz, 8.21 W, 23, 0 %, 2 MiB, 1, 16
2026/04/26 12:25:56.347, 6, P8, 22 MHz, 405 MHz, 17.50 W, 24, 0 %, 2 MiB, 1, 16
2026/04/26 12:25:56.347, 7, P8, 22 MHz, 405 MHz, 14.51 W, 24, 0 %, 2 MiB, 1, 16
2026/04/26 12:25:57.347, 0, P8, 22 MHz, 405 MHz, 38.64 W, 24, 0 %, 2 MiB, 1, 16
2026/04/26 12:25:57.347, 1, P8, 21 MHz, 405 MHz, 24.64 W, 24, 0 %, 2 MiB, 1, 16
2026/04/26 12:25:57.347, 2, P8, 22 MHz, 405 MHz, 19.27 W, 24, 0 %, 2 MiB, 1, 16
2026/04/26 12:25:57.347, 3, P8, 22 MHz, 405 MHz, 16.43 W, 24, 0 %, 2 MiB, 1, 16
2026/04/26 12:25:57.347, 4, P8, 22 MHz, 405 MHz, 25.28 W, 23, 0 %, 2 MiB, 1, 16
2026/04/26 12:25:57.347, 5, P8, 22 MHz, 405 MHz, 8.12 W, 23, 0 %, 2 MiB, 1, 16
2026/04/26 12:25:57.347, 6, P8, 21 MHz, 405 MHz, 17.66 W, 24, 0 %, 2 MiB, 1, 16
2026/04/26 12:25:57.347, 7, P8, 22 MHz, 405 MHz, 14.34 W, 24, 0 %, 2 MiB, 1, 16
2026/04/26 12:25:58.348, 0, P8, 22 MHz, 405 MHz, 38.84 W, 24, 0 %, 2 MiB, 1, 16
2026/04/26 12:25:58.348, 1, P8, 22 MHz, 405 MHz, 24.67 W, 24, 0 %, 2 MiB, 1, 16
2026/04/26 12:25:58.348, 2, P8, 22 MHz, 405 MHz, 19.26 W, 24, 0 %, 2 MiB, 1, 16
2026/04/26 12:25:58.348, 3, P8, 22 MHz, 405 MHz, 16.32 W, 24, 0 %, 2 MiB, 1, 16
2026/04/26 12:25:58.348, 4, P8, 22 MHz, 405 MHz, 25.26 W, 23, 0 %, 2 MiB, 1, 16
2026/04/26 12:25:58.348, 5, P8, 22 MHz, 405 MHz, 8.36 W, 23, 0 %, 2 MiB, 1, 16
2026/04/26 12:25:58.348, 6, P8, 22 MHz, 405 MHz, 17.80 W, 24, 0 %, 2 MiB, 1, 16
2026/04/26 12:25:58.348, 7, P8, 22 MHz, 405 MHz, 14.10 W, 24, 0 %, 2 MiB, 1, 16
2026/04/26 12:25:59.348, 0, P8, 22 MHz, 405 MHz, 38.93 W, 24, 0 %, 2 MiB, 1, 16
2026/04/26 12:25:59.349, 1, P8, 22 MHz, 405 MHz, 24.48 W, 24, 0 %, 2 MiB, 1, 16
2026/04/26 12:25:59.349, 2, P8, 22 MHz, 405 MHz, 19.33 W, 24, 0 %, 2 MiB, 1, 16
2026/04/26 12:25:59.349, 3, P8, 22 MHz, 405 MHz, 16.32 W, 24, 0 %, 2 MiB, 1, 16
2026/04/26 12:25:59.349, 4, P8, 22 MHz, 405 MHz, 25.86 W, 23, 0 %, 2 MiB, 1, 16
2026/04/26 12:25:59.349, 5, P8, 22 MHz, 405 MHz, 8.44 W, 23, 0 %, 2 MiB, 1, 16
2026/04/26 12:25:59.349, 6, P8, 22 MHz, 405 MHz, 17.47 W, 24, 0 %, 2 MiB, 1, 16
2026/04/26 12:25:59.349, 7, P8, 22 MHz, 405 MHz, 14.38 W, 24, 0 %, 2 MiB, 1, 16
2026/04/26 12:26:00.349, 0, P8, 22 MHz, 405 MHz, 38.70 W, 24, 0 %, 2 MiB, 1, 16
2026/04/26 12:26:00.349, 1, P8, 22 MHz, 405 MHz, 24.49 W, 24, 0 %, 2 MiB, 1, 16
2026/04/26 12:26:00.349, 2, P8, 22 MHz, 405 MHz, 18.88 W, 24, 0 %, 2 MiB, 1, 16
2026/04/26 12:26:00.349, 3, P8, 22 MHz, 405 MHz, 16.47 W, 24, 0 %, 2 MiB, 1, 16
2026/04/26 12:26:00.349, 4, P8, 22 MHz, 405 MHz, 25.59 W, 23, 0 %, 2 MiB, 1, 16
2026/04/26 12:26:00.350, 5, P8, 22 MHz, 405 MHz, 8.31 W, 23, 0 %, 2 MiB, 1, 16
2026/04/26 12:26:00.350, 6, P8, 22 MHz, 405 MHz, 17.62 W, 24, 0 %, 2 MiB, 1, 16
2026/04/26 12:26:00.350, 7, P8, 22 MHz, 405 MHz, 14.32 W, 24, 0 %, 2 MiB, 1, 16
2026/04/26 12:26:01.350, 0, P8, 22 MHz, 405 MHz, 38.69 W, 24, 0 %, 2 MiB, 1, 16
2026/04/26 12:26:01.350, 1, P8, 22 MHz, 405 MHz, 24.30 W, 24, 0 %, 2 MiB, 1, 16
2026/04/26 12:26:01.350, 2, P8, 22 MHz, 405 MHz, 19.39 W, 24, 0 %, 2 MiB, 1, 16
2026/04/26 12:26:01.350, 3, P8, 22 MHz, 405 MHz, 16.45 W, 24, 0 %, 2 MiB, 1, 16
2026/04/26 12:26:01.350, 4, P8, 22 MHz, 405 MHz, 25.08 W, 23, 0 %, 2 MiB, 1, 16
2026/04/26 12:26:01.350, 5, P8, 21 MHz, 405 MHz, 8.30 W, 23, 0 %, 2 MiB, 1, 16
2026/04/26 12:26:01.350, 6, P8, 22 MHz, 405 MHz, 18.02 W, 24, 0 %, 2 MiB, 1, 16
2026/04/26 12:26:01.350, 7, P8, 22 MHz, 405 MHz, 14.03 W, 24, 0 %, 2 MiB, 1, 16
2026/04/26 12:26:02.351, 0, P8, 22 MHz, 405 MHz, 39.04 W, 24, 0 %, 2 MiB, 1, 16
2026/04/26 12:26:02.351, 1, P8, 22 MHz, 405 MHz, 24.19 W, 24, 0 %, 2 MiB, 1, 16
2026/04/26 12:26:02.351, 2, P8, 22 MHz, 405 MHz, 19.40 W, 24, 0 %, 2 MiB, 1, 16
2026/04/26 12:26:02.351, 3, P8, 22 MHz, 405 MHz, 16.12 W, 24, 0 %, 2 MiB, 1, 16
2026/04/26 12:26:02.351, 4, P8, 21 MHz, 405 MHz, 24.94 W, 23, 0 %, 2 MiB, 1, 16
2026/04/26 12:26:02.351, 5, P8, 22 MHz, 405 MHz, 8.41 W, 23, 0 %, 2 MiB, 1, 16
2026/04/26 12:26:02.351, 6, P8, 22 MHz, 405 MHz, 17.72 W, 24, 0 %, 2 MiB, 1, 16
2026/04/26 12:26:02.351, 7, P8, 22 MHz, 405 MHz, 14.45 W, 24, 0 %, 2 MiB, 1, 16
2026/04/26 12:26:03.351, 0, P8, 22 MHz, 405 MHz, 38.78 W, 24, 0 %, 2 MiB, 1, 16
2026/04/26 12:26:03.352, 1, P8, 22 MHz, 405 MHz, 24.19 W, 24, 0 %, 2 MiB, 1, 16
2026/04/26 12:26:03.352, 2, P8, 22 MHz, 405 MHz, 19.35 W, 24, 0 %, 2 MiB, 1, 16
2026/04/26 12:26:03.352, 3, P8, 22 MHz, 405 MHz, 16.14 W, 24, 0 %, 2 MiB, 1, 16
2026/04/26 12:26:03.352, 4, P8, 22 MHz, 405 MHz, 25.03 W, 23, 0 %, 2 MiB, 1, 16
2026/04/26 12:26:03.352, 5, P8, 22 MHz, 405 MHz, 8.07 W, 23, 0 %, 2 MiB, 1, 16
2026/04/26 12:26:03.352, 6, P8, 22 MHz, 405 MHz, 17.74 W, 24, 0 %, 2 MiB, 1, 16
2026/04/26 12:26:03.352, 7, P8, 22 MHz, 405 MHz, 14.58 W, 24, 0 %, 2 MiB, 1, 16
2026/04/26 12:26:04.352, 0, P8, 21 MHz, 405 MHz, 39.24 W, 24, 0 %, 2 MiB, 1, 16
2026/04/26 12:26:04.352, 1, P8, 22 MHz, 405 MHz, 24.03 W, 24, 0 %, 2 MiB, 1, 16
2026/04/26 12:26:04.352, 2, P8, 22 MHz, 405 MHz, 19.32 W, 24, 0 %, 2 MiB, 1, 16
2026/04/26 12:26:04.352, 3, P8, 22 MHz, 405 MHz, 16.29 W, 24, 0 %, 2 MiB, 1, 16
2026/04/26 12:26:04.352, 4, P8, 22 MHz, 405 MHz, 25.31 W, 23, 0 %, 2 MiB, 1, 16
2026/04/26 12:26:04.352, 5, P8, 22 MHz, 405 MHz, 8.29 W, 23, 0 %, 2 MiB, 1, 16
2026/04/26 12:26:04.352, 6, P8, 21 MHz, 405 MHz, 18.25 W, 24, 0 %, 2 MiB, 1, 16
2026/04/26 12:26:04.352, 7, P8, 22 MHz, 405 MHz, 14.46 W, 24, 0 %, 2 MiB, 1, 16
2026/04/26 12:26:05.353, 0, P8, 22 MHz, 405 MHz, 38.82 W, 24, 0 %, 2 MiB, 1, 16
2026/04/26 12:26:05.353, 1, P8, 22 MHz, 405 MHz, 24.21 W, 24, 0 %, 2 MiB, 1, 16
2026/04/26 12:26:05.353, 2, P8, 22 MHz, 405 MHz, 19.32 W, 24, 0 %, 2 MiB, 1, 16
2026/04/26 12:26:05.353, 3, P8, 22 MHz, 405 MHz, 16.32 W, 24, 0 %, 2 MiB, 1, 16
2026/04/26 12:26:05.353, 4, P8, 22 MHz, 405 MHz, 25.83 W, 23, 0 %, 2 MiB, 1, 16
2026/04/26 12:26:05.353, 5, P8, 22 MHz, 405 MHz, 8.62 W, 23, 0 %, 2 MiB, 1, 16
2026/04/26 12:26:05.353, 6, P8, 22 MHz, 405 MHz, 18.13 W, 24, 0 %, 2 MiB, 1, 16
2026/04/26 12:26:05.353, 7, P8, 22 MHz, 405 MHz, 14.24 W, 24, 0 %, 2 MiB, 1, 16
2026/04/26 12:26:06.354, 0, P8, 22 MHz, 405 MHz, 38.61 W, 24, 0 %, 2 MiB, 1, 16
2026/04/26 12:26:06.354, 1, P8, 22 MHz, 405 MHz, 24.67 W, 24, 0 %, 2 MiB, 1, 16
2026/04/26 12:26:06.354, 2, P8, 22 MHz, 405 MHz, 19.31 W, 24, 0 %, 2 MiB, 1, 16
2026/04/26 12:26:06.354, 3, P8, 22 MHz, 405 MHz, 16.51 W, 24, 0 %, 2 MiB, 1, 16
2026/04/26 12:26:06.354, 4, P8, 22 MHz, 405 MHz, 26.26 W, 23, 0 %, 2 MiB, 1, 16
2026/04/26 12:26:06.354, 5, P8, 22 MHz, 405 MHz, 8.19 W, 23, 0 %, 2 MiB, 1, 16
2026/04/26 12:26:06.354, 6, P8, 22 MHz, 405 MHz, 18.09 W, 24, 0 %, 2 MiB, 1, 16
2026/04/26 12:26:06.354, 7, P8, 22 MHz, 405 MHz, 14.36 W, 24, 0 %, 2 MiB, 1, 16
2026/04/26 12:26:07.354, 0, P8, 22 MHz, 405 MHz, 38.53 W, 24, 0 %, 2 MiB, 1, 16
2026/04/26 12:26:07.354, 1, P8, 22 MHz, 405 MHz, 24.47 W, 24, 0 %, 2 MiB, 1, 16
2026/04/26 12:26:07.354, 2, P8, 22 MHz, 405 MHz, 19.22 W, 24, 0 %, 2 MiB, 1, 16
2026/04/26 12:26:07.354, 3, P8, 22 MHz, 405 MHz, 16.74 W, 24, 0 %, 2 MiB, 1, 16
2026/04/26 12:26:07.355, 4, P8, 22 MHz, 405 MHz, 26.12 W, 23, 0 %, 2 MiB, 1, 16
2026/04/26 12:26:07.357, 5, P8, 22 MHz, 405 MHz, 8.19 W, 23, 0 %, 2 MiB, 1, 16
2026/04/26 12:26:07.357, 6, P8, 22 MHz, 405 MHz, 17.78 W, 24, 0 %, 2 MiB, 1, 16
2026/04/26 12:26:07.357, 7, P8, 22 MHz, 405 MHz, 14.34 W, 24, 0 %, 2 MiB, 1, 16
2026/04/26 12:26:08.357, 0, P8, 22 MHz, 405 MHz, 38.52 W, 24, 0 %, 2 MiB, 1, 16
2026/04/26 12:26:08.357, 1, P8, 22 MHz, 405 MHz, 24.77 W, 24, 0 %, 2 MiB, 1, 16
2026/04/26 12:26:08.357, 2, P8, 22 MHz, 405 MHz, 18.92 W, 24, 0 %, 2 MiB, 1, 16
2026/04/26 12:26:08.357, 3, P8, 22 MHz, 405 MHz, 16.95 W, 24, 0 %, 2 MiB, 1, 16
2026/04/26 12:26:08.358, 4, P8, 22 MHz, 405 MHz, 25.87 W, 23, 0 %, 2 MiB, 1, 16
2026/04/26 12:26:08.358, 5, P8, 22 MHz, 405 MHz, 8.31 W, 23, 0 %, 2 MiB, 1, 16
2026/04/26 12:26:08.358, 6, P8, 22 MHz, 405 MHz, 17.77 W, 24, 0 %, 2 MiB, 1, 16
2026/04/26 12:26:08.358, 7, P8, 22 MHz, 405 MHz, 14.23 W, 24, 0 %, 2 MiB, 1, 16
2026/04/26 12:26:09.358, 0, P8, 22 MHz, 405 MHz, 38.37 W, 24, 0 %, 2 MiB, 1, 16
2026/04/26 12:26:09.358, 1, P8, 22 MHz, 405 MHz, 24.77 W, 24, 0 %, 2 MiB, 1, 16
2026/04/26 12:26:09.358, 2, P8, 22 MHz, 405 MHz, 19.27 W, 24, 0 %, 2 MiB, 1, 16
2026/04/26 12:26:09.358, 3, P8, 22 MHz, 405 MHz, 16.50 W, 24, 0 %, 2 MiB, 1, 16
2026/04/26 12:26:09.358, 4, P8, 21 MHz, 405 MHz, 25.67 W, 23, 0 %, 2 MiB, 1, 16
2026/04/26 12:26:09.358, 5, P8, 22 MHz, 405 MHz, 8.44 W, 23, 0 %, 2 MiB, 1, 16
2026/04/26 12:26:09.358, 6, P8, 22 MHz, 405 MHz, 17.93 W, 24, 0 %, 2 MiB, 1, 16
2026/04/26 12:26:09.358, 7, P8, 22 MHz, 405 MHz, 14.33 W, 24, 0 %, 2 MiB, 1, 16
2026/04/26 12:26:10.359, 0, P8, 22 MHz, 405 MHz, 38.85 W, 24, 0 %, 2 MiB, 1, 16
2026/04/26 12:26:10.359, 1, P8, 22 MHz, 405 MHz, 24.83 W, 24, 0 %, 2 MiB, 1, 16
2026/04/26 12:26:10.359, 2, P8, 22 MHz, 405 MHz, 19.25 W, 24, 0 %, 2 MiB, 1, 16
2026/04/26 12:26:10.359, 3, P8, 22 MHz, 405 MHz, 16.49 W, 24, 0 %, 2 MiB, 1, 16
2026/04/26 12:26:10.359, 4, P8, 22 MHz, 405 MHz, 25.73 W, 23, 0 %, 2 MiB, 1, 16
2026/04/26 12:26:10.359, 5, P8, 22 MHz, 405 MHz, 7.99 W, 23, 0 %, 2 MiB, 1, 16
2026/04/26 12:26:10.359, 6, P8, 22 MHz, 405 MHz, 17.83 W, 24, 0 %, 2 MiB, 1, 16
2026/04/26 12:26:10.359, 7, P8, 22 MHz, 405 MHz, 14.71 W, 24, 0 %, 2 MiB, 1, 16
2026/04/26 12:26:11.359, 0, P8, 22 MHz, 405 MHz, 38.93 W, 24, 0 %, 2 MiB, 1, 16
2026/04/26 12:26:11.359, 1, P8, 22 MHz, 405 MHz, 24.83 W, 24, 0 %, 2 MiB, 1, 16
2026/04/26 12:26:11.359, 2, P8, 22 MHz, 405 MHz, 19.32 W, 24, 0 %, 2 MiB, 1, 16
2026/04/26 12:26:11.359, 3, P8, 22 MHz, 405 MHz, 16.63 W, 24, 0 %, 2 MiB, 1, 16
2026/04/26 12:26:11.360, 4, P8, 22 MHz, 405 MHz, 25.74 W, 23, 0 %, 2 MiB, 1, 16
2026/04/26 12:26:11.360, 5, P8, 22 MHz, 405 MHz, 8.45 W, 23, 0 %, 2 MiB, 1, 16
2026/04/26 12:26:11.360, 6, P8, 22 MHz, 405 MHz, 17.78 W, 24, 0 %, 2 MiB, 1, 16
2026/04/26 12:26:11.360, 7, P8, 22 MHz, 405 MHz, 14.59 W, 24, 0 %, 2 MiB, 1, 16
2026/04/26 12:26:12.360, 0, P8, 22 MHz, 405 MHz, 38.80 W, 24, 0 %, 2 MiB, 1, 16
2026/04/26 12:26:12.360, 1, P8, 22 MHz, 405 MHz, 24.61 W, 24, 0 %, 2 MiB, 1, 16
2026/04/26 12:26:12.360, 2, P8, 22 MHz, 405 MHz, 19.35 W, 24, 0 %, 2 MiB, 1, 16
2026/04/26 12:26:12.360, 3, P8, 22 MHz, 405 MHz, 16.48 W, 24, 0 %, 2 MiB, 1, 16
2026/04/26 12:26:12.360, 4, P8, 22 MHz, 405 MHz, 26.13 W, 23, 0 %, 2 MiB, 1, 16
2026/04/26 12:26:12.360, 5, P8, 22 MHz, 405 MHz, 8.23 W, 23, 0 %, 2 MiB, 1, 16
2026/04/26 12:26:12.361, 6, P8, 22 MHz, 405 MHz, 17.95 W, 24, 0 %, 2 MiB, 1, 16
2026/04/26 12:26:12.361, 7, P8, 22 MHz, 405 MHz, 14.55 W, 24, 0 %, 2 MiB, 1, 16
2026/04/26 12:26:13.361, 0, P8, 22 MHz, 405 MHz, 38.36 W, 24, 0 %, 2 MiB, 1, 16
2026/04/26 12:26:13.361, 1, P8, 22 MHz, 405 MHz, 24.62 W, 24, 0 %, 2 MiB, 1, 16
2026/04/26 12:26:13.361, 2, P8, 22 MHz, 405 MHz, 19.08 W, 24, 0 %, 2 MiB, 1, 16
2026/04/26 12:26:13.361, 3, P8, 22 MHz, 405 MHz, 16.43 W, 24, 0 %, 2 MiB, 1, 16
2026/04/26 12:26:13.361, 4, P8, 22 MHz, 405 MHz, 26.36 W, 23, 0 %, 2 MiB, 1, 16
2026/04/26 12:26:13.361, 5, P8, 22 MHz, 405 MHz, 7.93 W, 23, 0 %, 2 MiB, 1, 16
2026/04/26 12:26:13.361, 6, P8, 22 MHz, 405 MHz, 17.94 W, 24, 0 %, 2 MiB, 1, 16
2026/04/26 12:26:13.361, 7, P8, 22 MHz, 405 MHz, 14.48 W, 24, 0 %, 2 MiB, 1, 16
2026/04/26 12:26:14.362, 0, P8, 22 MHz, 405 MHz, 38.85 W, 24, 0 %, 2 MiB, 1, 16
2026/04/26 12:26:14.362, 1, P8, 22 MHz, 405 MHz, 24.46 W, 24, 0 %, 2 MiB, 1, 16
2026/04/26 12:26:14.362, 2, P8, 22 MHz, 405 MHz, 19.09 W, 24, 0 %, 2 MiB, 1, 16
2026/04/26 12:26:14.362, 3, P8, 22 MHz, 405 MHz, 16.66 W, 24, 0 %, 2 MiB, 1, 16
2026/04/26 12:26:14.362, 4, P8, 22 MHz, 405 MHz, 26.96 W, 23, 0 %, 2 MiB, 1, 16
2026/04/26 12:26:14.362, 5, P8, 22 MHz, 405 MHz, 7.73 W, 23, 0 %, 2 MiB, 1, 16
2026/04/26 12:26:14.362, 6, P8, 22 MHz, 405 MHz, 18.34 W, 24, 0 %, 2 MiB, 1, 16
2026/04/26 12:26:14.362, 7, P8, 22 MHz, 405 MHz, 14.50 W, 24, 0 %, 2 MiB, 1, 16
2026/04/26 12:26:15.362, 0, P8, 22 MHz, 405 MHz, 38.39 W, 24, 0 %, 2 MiB, 1, 16
2026/04/26 12:26:15.362, 1, P8, 22 MHz, 405 MHz, 24.55 W, 24, 0 %, 2 MiB, 1, 16
2026/04/26 12:26:15.362, 2, P8, 22 MHz, 405 MHz, 19.04 W, 24, 0 %, 2 MiB, 1, 16
2026/04/26 12:26:15.363, 3, P8, 22 MHz, 405 MHz, 16.65 W, 24, 0 %, 2 MiB, 1, 16
2026/04/26 12:26:15.363, 4, P8, 22 MHz, 405 MHz, 26.66 W, 23, 0 %, 2 MiB, 1, 16
2026/04/26 12:26:15.363, 5, P8, 22 MHz, 405 MHz, 8.02 W, 23, 0 %, 2 MiB, 1, 16
2026/04/26 12:26:15.363, 6, P8, 22 MHz, 405 MHz, 18.09 W, 24, 0 %, 2 MiB, 1, 16
2026/04/26 12:26:15.363, 7, P8, 22 MHz, 405 MHz, 14.64 W, 24, 0 %, 2 MiB, 1, 16
2026/04/26 12:26:16.363, 0, P8, 22 MHz, 405 MHz, 38.46 W, 24, 0 %, 2 MiB, 1, 16
2026/04/26 12:26:16.363, 1, P8, 22 MHz, 405 MHz, 24.56 W, 24, 0 %, 2 MiB, 1, 16
2026/04/26 12:26:16.363, 2, P8, 22 MHz, 405 MHz, 18.88 W, 24, 0 %, 2 MiB, 1, 16
2026/04/26 12:26:16.363, 3, P8, 22 MHz, 405 MHz, 16.77 W, 24, 0 %, 2 MiB, 1, 16
2026/04/26 12:26:16.363, 4, P8, 22 MHz, 405 MHz, 27.21 W, 23, 0 %, 2 MiB, 1, 16
2026/04/26 12:26:16.363, 5, P8, 22 MHz, 405 MHz, 8.15 W, 23, 0 %, 2 MiB, 1, 16
2026/04/26 12:26:16.363, 6, P8, 22 MHz, 405 MHz, 17.89 W, 24, 0 %, 2 MiB, 1, 16
2026/04/26 12:26:16.363, 7, P8, 22 MHz, 405 MHz, 14.53 W, 24, 0 %, 2 MiB, 1, 16
2026/04/26 12:26:17.363, 0, P8, 22 MHz, 405 MHz, 38.60 W, 24, 0 %, 2 MiB, 1, 16
2026/04/26 12:26:17.364, 1, P8, 22 MHz, 405 MHz, 24.66 W, 24, 0 %, 2 MiB, 1, 16
2026/04/26 12:26:17.364, 2, P8, 22 MHz, 405 MHz, 18.97 W, 24, 0 %, 2 MiB, 1, 16
2026/04/26 12:26:17.370, 3, P8, 22 MHz, 405 MHz, 16.97 W, 24, 0 %, 2 MiB, 1, 16
2026/04/26 12:26:17.370, 4, P8, 22 MHz, 405 MHz, 26.85 W, 23, 0 %, 2 MiB, 1, 16
2026/04/26 12:26:17.370, 5, P8, 22 MHz, 405 MHz, 8.01 W, 23, 0 %, 2 MiB, 1, 16
2026/04/26 12:26:17.370, 6, P8, 22 MHz, 405 MHz, 17.90 W, 24, 0 %, 2 MiB, 1, 16
2026/04/26 12:26:17.370, 7, P8, 22 MHz, 405 MHz, 14.43 W, 24, 0 %, 2 MiB, 1, 16
2026/04/26 12:26:18.370, 0, P8, 22 MHz, 405 MHz, 38.84 W, 24, 0 %, 2 MiB, 1, 16
2026/04/26 12:26:18.370, 1, P8, 22 MHz, 405 MHz, 24.74 W, 24, 0 %, 2 MiB, 1, 16
2026/04/26 12:26:18.371, 2, P8, 22 MHz, 405 MHz, 19.24 W, 24, 0 %, 2 MiB, 1, 16
2026/04/26 12:26:18.371, 3, P8, 22 MHz, 405 MHz, 16.97 W, 24, 0 %, 2 MiB, 1, 16
2026/04/26 12:26:18.371, 4, P8, 22 MHz, 405 MHz, 25.93 W, 23, 0 %, 2 MiB, 1, 16
2026/04/26 12:26:18.371, 5, P8, 22 MHz, 405 MHz, 8.11 W, 23, 0 %, 2 MiB, 1, 16
2026/04/26 12:26:18.371, 6, P8, 22 MHz, 405 MHz, 17.33 W, 24, 0 %, 2 MiB, 1, 16
2026/04/26 12:26:18.371, 7, P8, 22 MHz, 405 MHz, 14.33 W, 24, 0 %, 2 MiB, 1, 16
2026/04/26 12:26:19.371, 0, P8, 22 MHz, 405 MHz, 38.70 W, 24, 0 %, 2 MiB, 1, 16
2026/04/26 12:26:19.371, 1, P8, 22 MHz, 405 MHz, 24.78 W, 24, 0 %, 2 MiB, 1, 16
2026/04/26 12:26:19.371, 2, P8, 22 MHz, 405 MHz, 19.08 W, 24, 0 %, 2 MiB, 1, 16
2026/04/26 12:26:19.371, 3, P8, 22 MHz, 405 MHz, 16.88 W, 24, 0 %, 2 MiB, 1, 16
2026/04/26 12:26:19.371, 4, P8, 22 MHz, 405 MHz, 26.04 W, 23, 0 %, 2 MiB, 1, 16
2026/04/26 12:26:19.372, 5, P8, 22 MHz, 405 MHz, 8.07 W, 23, 0 %, 2 MiB, 1, 16
2026/04/26 12:26:19.372, 6, P8, 22 MHz, 405 MHz, 17.55 W, 24, 0 %, 2 MiB, 1, 16
2026/04/26 12:26:19.372, 7, P8, 22 MHz, 405 MHz, 14.46 W, 24, 0 %, 2 MiB, 1, 16
2026/04/26 12:26:20.372, 0, P8, 22 MHz, 405 MHz, 38.42 W, 24, 0 %, 2 MiB, 1, 16
2026/04/26 12:26:20.372, 1, P8, 22 MHz, 405 MHz, 24.76 W, 24, 0 %, 2 MiB, 1, 16
2026/04/26 12:26:20.372, 2, P8, 22 MHz, 405 MHz, 19.10 W, 24, 0 %, 2 MiB, 1, 16
2026/04/26 12:26:20.372, 3, P8, 22 MHz, 405 MHz, 16.93 W, 24, 0 %, 2 MiB, 1, 16
2026/04/26 12:26:20.376, 4, P8, 22 MHz, 405 MHz, 25.80 W, 23, 0 %, 2 MiB, 1, 16
2026/04/26 12:26:20.383, 5, P8, 22 MHz, 405 MHz, 8.16 W, 23, 0 %, 2 MiB, 1, 16
2026/04/26 12:26:20.383, 6, P8, 22 MHz, 405 MHz, 17.85 W, 24, 0 %, 2 MiB, 1, 16
2026/04/26 12:26:20.383, 7, P8, 22 MHz, 405 MHz, 14.53 W, 24, 0 %, 2 MiB, 1, 16
2026/04/26 12:26:21.383, 0, P8, 22 MHz, 405 MHz, 38.65 W, 24, 0 %, 2 MiB, 1, 16
2026/04/26 12:26:21.384, 1, P8, 22 MHz, 405 MHz, 24.61 W, 24, 0 %, 2 MiB, 1, 16
2026/04/26 12:26:21.384, 2, P8, 21 MHz, 405 MHz, 19.08 W, 24, 0 %, 2 MiB, 1, 16
2026/04/26 12:26:21.384, 3, P8, 22 MHz, 405 MHz, 16.91 W, 24, 0 %, 2 MiB, 1, 16
2026/04/26 12:26:21.384, 4, P8, 22 MHz, 405 MHz, 25.04 W, 23, 0 %, 2 MiB, 1, 16
2026/04/26 12:26:21.384, 5, P8, 22 MHz, 405 MHz, 8.13 W, 23, 0 %, 2 MiB, 1, 16
2026/04/26 12:26:21.384, 6, P8, 22 MHz, 405 MHz, 18.39 W, 24, 0 %, 2 MiB, 1, 16
2026/04/26 12:26:21.384, 7, P8, 22 MHz, 405 MHz, 14.28 W, 24, 0 %, 2 MiB, 1, 16
2026/04/26 12:26:22.384, 0, P8, 22 MHz, 405 MHz, 38.40 W, 24, 0 %, 2 MiB, 1, 16
2026/04/26 12:26:22.384, 1, P8, 22 MHz, 405 MHz, 24.58 W, 24, 0 %, 2 MiB, 1, 16
2026/04/26 12:26:22.384, 2, P8, 22 MHz, 405 MHz, 19.19 W, 24, 0 %, 2 MiB, 1, 16
2026/04/26 12:26:22.384, 3, P8, 22 MHz, 405 MHz, 16.28 W, 24, 0 %, 2 MiB, 1, 16
2026/04/26 12:26:22.384, 4, P8, 22 MHz, 405 MHz, 25.27 W, 23, 0 %, 2 MiB, 1, 16
2026/04/26 12:26:22.384, 5, P8, 22 MHz, 405 MHz, 8.41 W, 23, 0 %, 2 MiB, 1, 16
2026/04/26 12:26:22.385, 6, P8, 22 MHz, 405 MHz, 18.23 W, 24, 0 %, 2 MiB, 1, 16
2026/04/26 12:26:22.385, 7, P8, 22 MHz, 405 MHz, 14.53 W, 24, 0 %, 2 MiB, 1, 16
2026/04/26 12:26:23.385, 0, P8, 22 MHz, 405 MHz, 38.51 W, 24, 0 %, 2 MiB, 1, 16
2026/04/26 12:26:23.385, 1, P8, 22 MHz, 405 MHz, 24.63 W, 24, 0 %, 2 MiB, 1, 16
2026/04/26 12:26:23.385, 2, P8, 22 MHz, 405 MHz, 19.13 W, 24, 0 %, 2 MiB, 1, 16
2026/04/26 12:26:23.385, 3, P8, 22 MHz, 405 MHz, 16.57 W, 24, 0 %, 2 MiB, 1, 16
2026/04/26 12:26:23.385, 4, P8, 22 MHz, 405 MHz, 25.50 W, 23, 0 %, 2 MiB, 1, 16
2026/04/26 12:26:23.385, 5, P8, 22 MHz, 405 MHz, 8.02 W, 23, 0 %, 2 MiB, 1, 16
2026/04/26 12:26:23.387, 6, P8, 22 MHz, 405 MHz, 18.10 W, 24, 0 %, 2 MiB, 1, 16
2026/04/26 12:26:23.394, 7, P8, 22 MHz, 405 MHz, 14.56 W, 24, 0 %, 2 MiB, 1, 16
2026/04/26 12:26:24.394, 0, P8, 22 MHz, 405 MHz, 38.44 W, 24, 0 %, 2 MiB, 1, 16
2026/04/26 12:26:24.394, 1, P8, 22 MHz, 405 MHz, 24.67 W, 24, 0 %, 2 MiB, 1, 16
2026/04/26 12:26:24.394, 2, P8, 22 MHz, 405 MHz, 19.22 W, 24, 0 %, 2 MiB, 1, 16
2026/04/26 12:26:24.394, 3, P8, 22 MHz, 405 MHz, 16.72 W, 24, 0 %, 2 MiB, 1, 16
2026/04/26 12:26:24.394, 4, P8, 22 MHz, 405 MHz, 25.55 W, 23, 0 %, 2 MiB, 1, 16
2026/04/26 12:26:24.394, 5, P8, 22 MHz, 405 MHz, 8.02 W, 23, 0 %, 2 MiB, 1, 16
2026/04/26 12:26:24.394, 6, P8, 22 MHz, 405 MHz, 17.78 W, 24, 0 %, 2 MiB, 1, 16
2026/04/26 12:26:24.394, 7, P8, 22 MHz, 405 MHz, 14.71 W, 24, 0 %, 2 MiB, 1, 16
2026/04/26 12:26:25.395, 0, P8, 22 MHz, 405 MHz, 37.78 W, 24, 0 %, 2 MiB, 1, 16
2026/04/26 12:26:25.395, 1, P8, 22 MHz, 405 MHz, 24.70 W, 24, 0 %, 2 MiB, 1, 16
2026/04/26 12:26:25.395, 2, P8, 22 MHz, 405 MHz, 19.31 W, 24, 0 %, 2 MiB, 1, 16
2026/04/26 12:26:25.395, 3, P8, 22 MHz, 405 MHz, 16.62 W, 24, 0 %, 2 MiB, 1, 16
2026/04/26 12:26:25.395, 4, P8, 22 MHz, 405 MHz, 25.64 W, 23, 0 %, 2 MiB, 1, 16
2026/04/26 12:26:25.395, 5, P8, 22 MHz, 405 MHz, 8.07 W, 23, 0 %, 2 MiB, 1, 16
2026/04/26 12:26:25.395, 6, P8, 22 MHz, 405 MHz, 17.89 W, 24, 0 %, 2 MiB, 1, 16
2026/04/26 12:26:25.395, 7, P8, 22 MHz, 405 MHz, 14.94 W, 24, 0 %, 2 MiB, 1, 16
2026/04/26 12:26:26.395, 0, P8, 22 MHz, 405 MHz, 37.94 W, 24, 0 %, 2 MiB, 1, 16
2026/04/26 12:26:26.395, 1, P8, 22 MHz, 405 MHz, 24.41 W, 24, 0 %, 2 MiB, 1, 16
2026/04/26 12:26:26.395, 2, P8, 22 MHz, 405 MHz, 19.31 W, 24, 0 %, 2 MiB, 1, 16
2026/04/26 12:26:26.395, 3, P8, 22 MHz, 405 MHz, 16.80 W, 24, 0 %, 2 MiB, 1, 16
2026/04/26 12:26:26.396, 4, P8, 22 MHz, 405 MHz, 25.87 W, 23, 0 %, 2 MiB, 1, 16
2026/04/26 12:26:26.396, 5, P8, 22 MHz, 405 MHz, 8.04 W, 23, 0 %, 2 MiB, 1, 16
2026/04/26 12:26:26.396, 6, P8, 22 MHz, 405 MHz, 17.87 W, 24, 0 %, 2 MiB, 1, 16
2026/04/26 12:26:26.396, 7, P8, 22 MHz, 405 MHz, 14.78 W, 24, 0 %, 2 MiB, 1, 16
2026/04/26 12:26:27.398, 0, P8, 22 MHz, 405 MHz, 38.38 W, 24, 0 %, 2 MiB, 1, 16
2026/04/26 12:26:27.398, 1, P8, 22 MHz, 405 MHz, 24.45 W, 24, 0 %, 2 MiB, 1, 16
2026/04/26 12:26:27.398, 2, P8, 22 MHz, 405 MHz, 19.37 W, 24, 0 %, 2 MiB, 1, 16
2026/04/26 12:26:27.398, 3, P8, 22 MHz, 405 MHz, 16.66 W, 24, 0 %, 2 MiB, 1, 16
2026/04/26 12:26:27.398, 4, P8, 22 MHz, 405 MHz, 26.25 W, 23, 0 %, 2 MiB, 1, 16
2026/04/26 12:26:27.398, 5, P8, 22 MHz, 405 MHz, 8.34 W, 23, 0 %, 2 MiB, 1, 16
2026/04/26 12:26:27.398, 6, P8, 22 MHz, 405 MHz, 17.77 W, 24, 0 %, 2 MiB, 1, 16
2026/04/26 12:26:27.398, 7, P8, 22 MHz, 405 MHz, 14.61 W, 24, 0 %, 2 MiB, 1, 16
2026/04/26 12:26:28.398, 0, P8, 22 MHz, 405 MHz, 38.36 W, 24, 0 %, 2 MiB, 1, 16
2026/04/26 12:26:28.398, 1, P8, 22 MHz, 405 MHz, 24.36 W, 24, 0 %, 2 MiB, 1, 16
2026/04/26 12:26:28.398, 2, P8, 21 MHz, 405 MHz, 19.60 W, 24, 0 %, 2 MiB, 1, 16
2026/04/26 12:26:28.398, 3, P8, 22 MHz, 405 MHz, 16.49 W, 24, 0 %, 2 MiB, 1, 16
2026/04/26 12:26:28.399, 4, P8, 22 MHz, 405 MHz, 26.44 W, 23, 0 %, 2 MiB, 1, 16
2026/04/26 12:26:28.399, 5, P8, 22 MHz, 405 MHz, 8.27 W, 23, 0 %, 2 MiB, 1, 16
2026/04/26 12:26:28.399, 6, P8, 22 MHz, 405 MHz, 17.78 W, 24, 0 %, 2 MiB, 1, 16
2026/04/26 12:26:28.399, 7, P8, 22 MHz, 405 MHz, 14.72 W, 24, 0 %, 2 MiB, 1, 16
2026/04/26 12:26:29.399, 0, P8, 22 MHz, 405 MHz, 38.27 W, 24, 0 %, 2 MiB, 1, 16
2026/04/26 12:26:29.399, 1, P8, 22 MHz, 405 MHz, 24.31 W, 24, 0 %, 2 MiB, 1, 16
2026/04/26 12:26:29.399, 2, P8, 22 MHz, 405 MHz, 19.25 W, 24, 0 %, 2 MiB, 1, 16
2026/04/26 12:26:29.399, 3, P8, 22 MHz, 405 MHz, 16.29 W, 24, 0 %, 2 MiB, 1, 16
2026/04/26 12:26:29.399, 4, P8, 22 MHz, 405 MHz, 26.59 W, 23, 0 %, 2 MiB, 1, 16
2026/04/26 12:26:29.399, 5, P8, 22 MHz, 405 MHz, 8.00 W, 23, 0 %, 2 MiB, 1, 16
2026/04/26 12:26:29.399, 6, P8, 22 MHz, 405 MHz, 17.91 W, 24, 0 %, 2 MiB, 1, 16
2026/04/26 12:26:29.400, 7, P8, 22 MHz, 405 MHz, 14.61 W, 24, 0 %, 2 MiB, 1, 16
2026/04/26 12:26:30.400, 0, P8, 22 MHz, 405 MHz, 38.38 W, 24, 0 %, 2 MiB, 1, 16
2026/04/26 12:26:30.400, 1, P8, 22 MHz, 405 MHz, 24.43 W, 24, 0 %, 2 MiB, 1, 16
2026/04/26 12:26:30.400, 2, P8, 22 MHz, 405 MHz, 19.30 W, 24, 0 %, 2 MiB, 1, 16
2026/04/26 12:26:30.400, 3, P8, 22 MHz, 405 MHz, 16.15 W, 24, 0 %, 2 MiB, 1, 16
2026/04/26 12:26:30.400, 4, P8, 22 MHz, 405 MHz, 26.67 W, 23, 0 %, 2 MiB, 1, 16
2026/04/26 12:26:30.400, 5, P8, 22 MHz, 405 MHz, 7.92 W, 23, 0 %, 2 MiB, 1, 16
2026/04/26 12:26:30.400, 6, P8, 22 MHz, 405 MHz, 18.04 W, 24, 0 %, 2 MiB, 1, 16
2026/04/26 12:26:30.400, 7, P8, 22 MHz, 405 MHz, 14.47 W, 24, 0 %, 2 MiB, 1, 16
2026/04/26 12:26:31.400, 0, P8, 22 MHz, 405 MHz, 37.97 W, 24, 0 %, 2 MiB, 1, 16
2026/04/26 12:26:31.401, 1, P8, 22 MHz, 405 MHz, 24.38 W, 24, 0 %, 2 MiB, 1, 16
2026/04/26 12:26:31.401, 2, P8, 22 MHz, 405 MHz, 19.48 W, 24, 0 %, 2 MiB, 1, 16
2026/04/26 12:26:31.401, 3, P8, 22 MHz, 405 MHz, 16.20 W, 24, 0 %, 2 MiB, 1, 16
2026/04/26 12:26:31.401, 4, P8, 22 MHz, 405 MHz, 26.67 W, 23, 0 %, 2 MiB, 1, 16
2026/04/26 12:26:31.401, 5, P8, 22 MHz, 405 MHz, 7.93 W, 23, 0 %, 2 MiB, 1, 16
2026/04/26 12:26:31.401, 6, P8, 22 MHz, 405 MHz, 17.64 W, 24, 0 %, 2 MiB, 1, 16
2026/04/26 12:26:31.401, 7, P8, 22 MHz, 405 MHz, 14.35 W, 24, 0 %, 2 MiB, 1, 16
2026/04/26 12:26:32.401, 0, P8, 22 MHz, 405 MHz, 38.08 W, 24, 0 %, 2 MiB, 1, 16
2026/04/26 12:26:32.401, 1, P8, 22 MHz, 405 MHz, 24.35 W, 24, 0 %, 2 MiB, 1, 16
2026/04/26 12:26:32.401, 2, P8, 22 MHz, 405 MHz, 19.56 W, 24, 0 %, 2 MiB, 1, 16
2026/04/26 12:26:32.402, 3, P8, 22 MHz, 405 MHz, 16.37 W, 24, 0 %, 2 MiB, 1, 16
2026/04/26 12:26:32.402, 4, P8, 22 MHz, 405 MHz, 26.82 W, 23, 0 %, 2 MiB, 1, 16
2026/04/26 12:26:32.402, 5, P8, 22 MHz, 405 MHz, 7.69 W, 23, 0 %, 2 MiB, 1, 16
2026/04/26 12:26:32.402, 6, P8, 22 MHz, 405 MHz, 17.51 W, 24, 0 %, 2 MiB, 1, 16
2026/04/26 12:26:32.402, 7, P8, 22 MHz, 405 MHz, 14.48 W, 24, 0 %, 2 MiB, 1, 16
2026/04/26 12:26:33.402, 0, P8, 22 MHz, 405 MHz, 38.16 W, 24, 0 %, 2 MiB, 1, 16
2026/04/26 12:26:33.402, 1, P8, 22 MHz, 405 MHz, 24.43 W, 24, 0 %, 2 MiB, 1, 16
2026/04/26 12:26:33.402, 2, P8, 22 MHz, 405 MHz, 19.67 W, 24, 0 %, 2 MiB, 1, 16
2026/04/26 12:26:33.402, 3, P8, 22 MHz, 405 MHz, 16.40 W, 24, 0 %, 2 MiB, 1, 16
2026/04/26 12:26:33.402, 4, P8, 22 MHz, 405 MHz, 26.79 W, 23, 0 %, 2 MiB, 1, 16
2026/04/26 12:26:33.402, 5, P8, 22 MHz, 405 MHz, 8.20 W, 23, 0 %, 2 MiB, 1, 16
2026/04/26 12:26:33.402, 6, P8, 22 MHz, 405 MHz, 17.56 W, 24, 0 %, 2 MiB, 1, 16
2026/04/26 12:26:33.403, 7, P8, 22 MHz, 405 MHz, 14.33 W, 24, 0 %, 2 MiB, 1, 16
2026/04/26 12:26:34.403, 0, P8, 22 MHz, 405 MHz, 38.16 W, 24, 0 %, 2 MiB, 1, 16
2026/04/26 12:26:34.403, 1, P8, 22 MHz, 405 MHz, 24.01 W, 24, 0 %, 2 MiB, 1, 16
2026/04/26 12:26:34.403, 2, P8, 22 MHz, 405 MHz, 19.62 W, 24, 0 %, 2 MiB, 1, 16
2026/04/26 12:26:34.403, 3, P8, 22 MHz, 405 MHz, 16.29 W, 24, 0 %, 2 MiB, 1, 16
2026/04/26 12:26:34.403, 4, P8, 22 MHz, 405 MHz, 26.54 W, 23, 0 %, 2 MiB, 1, 16
2026/04/26 12:26:34.403, 5, P8, 22 MHz, 405 MHz, 7.92 W, 23, 0 %, 2 MiB, 1, 16
2026/04/26 12:26:34.403, 6, P8, 22 MHz, 405 MHz, 17.48 W, 24, 0 %, 2 MiB, 1, 16
2026/04/26 12:26:34.403, 7, P8, 22 MHz, 405 MHz, 14.43 W, 24, 0 %, 2 MiB, 1, 16
2026/04/26 12:26:35.404, 0, P8, 22 MHz, 405 MHz, 38.26 W, 24, 0 %, 2 MiB, 1, 16
2026/04/26 12:26:35.404, 1, P8, 22 MHz, 405 MHz, 24.14 W, 24, 0 %, 2 MiB, 1, 16
2026/04/26 12:26:35.404, 2, P8, 22 MHz, 405 MHz, 19.48 W, 24, 0 %, 2 MiB, 1, 16
2026/04/26 12:26:35.404, 3, P8, 22 MHz, 405 MHz, 15.82 W, 24, 0 %, 2 MiB, 1, 16
2026/04/26 12:26:35.404, 4, P8, 22 MHz, 405 MHz, 27.01 W, 23, 0 %, 2 MiB, 1, 16
2026/04/26 12:26:35.404, 5, P8, 22 MHz, 405 MHz, 7.56 W, 23, 0 %, 2 MiB, 1, 16
2026/04/26 12:26:35.404, 6, P8, 22 MHz, 405 MHz, 17.66 W, 24, 0 %, 2 MiB, 1, 16
2026/04/26 12:26:35.404, 7, P8, 22 MHz, 405 MHz, 14.34 W, 24, 0 %, 2 MiB, 1, 16
2026/04/26 12:26:36.404, 0, P8, 22 MHz, 405 MHz, 38.62 W, 24, 0 %, 2 MiB, 1, 16
2026/04/26 12:26:36.405, 1, P8, 22 MHz, 405 MHz, 24.38 W, 24, 0 %, 2 MiB, 1, 16
2026/04/26 12:26:36.405, 2, P8, 22 MHz, 405 MHz, 19.64 W, 24, 0 %, 2 MiB, 1, 16
2026/04/26 12:26:36.405, 3, P8, 22 MHz, 405 MHz, 16.09 W, 24, 0 %, 2 MiB, 1, 16
2026/04/26 12:26:36.405, 4, P8, 22 MHz, 405 MHz, 26.86 W, 23, 0 %, 2 MiB, 1, 16
2026/04/26 12:26:36.405, 5, P8, 22 MHz, 405 MHz, 7.45 W, 23, 0 %, 2 MiB, 1, 16
2026/04/26 12:26:36.405, 6, P8, 22 MHz, 405 MHz, 17.93 W, 24, 0 %, 2 MiB, 1, 16
2026/04/26 12:26:36.405, 7, P8, 22 MHz, 405 MHz, 14.12 W, 24, 0 %, 2 MiB, 1, 16
2026/04/26 12:26:37.405, 0, P8, 22 MHz, 405 MHz, 38.74 W, 24, 0 %, 2 MiB, 1, 16
2026/04/26 12:26:37.405, 1, P8, 22 MHz, 405 MHz, 24.37 W, 24, 0 %, 2 MiB, 1, 16
2026/04/26 12:26:37.405, 2, P8, 22 MHz, 405 MHz, 19.89 W, 24, 0 %, 2 MiB, 1, 16
2026/04/26 12:26:37.406, 3, P8, 22 MHz, 405 MHz, 16.31 W, 24, 0 %, 2 MiB, 1, 16
2026/04/26 12:26:37.406, 4, P8, 22 MHz, 405 MHz, 26.10 W, 23, 0 %, 2 MiB, 1, 16
2026/04/26 12:26:37.406, 5, P8, 22 MHz, 405 MHz, 7.71 W, 23, 0 %, 2 MiB, 1, 16
2026/04/26 12:26:37.406, 6, P8, 22 MHz, 405 MHz, 17.57 W, 24, 0 %, 2 MiB, 1, 16
2026/04/26 12:26:37.406, 7, P8, 22 MHz, 405 MHz, 13.98 W, 24, 0 %, 2 MiB, 1, 16
2026/04/26 12:26:38.406, 0, P8, 22 MHz, 405 MHz, 38.67 W, 24, 0 %, 2 MiB, 1, 16
2026/04/26 12:26:38.406, 1, P8, 22 MHz, 405 MHz, 24.40 W, 24, 0 %, 2 MiB, 1, 16
2026/04/26 12:26:38.406, 2, P8, 22 MHz, 405 MHz, 19.59 W, 24, 0 %, 2 MiB, 1, 16
2026/04/26 12:26:38.406, 3, P8, 22 MHz, 405 MHz, 15.97 W, 24, 0 %, 2 MiB, 1, 16
2026/04/26 12:26:38.406, 4, P8, 22 MHz, 405 MHz, 25.64 W, 23, 0 %, 2 MiB, 1, 16
2026/04/26 12:26:38.407, 5, P8, 22 MHz, 405 MHz, 7.85 W, 23, 0 %, 2 MiB, 1, 16
2026/04/26 12:26:38.407, 6, P8, 22 MHz, 405 MHz, 17.76 W, 24, 0 %, 2 MiB, 1, 16
2026/04/26 12:26:38.407, 7, P8, 22 MHz, 405 MHz, 13.90 W, 24, 0 %, 2 MiB, 1, 16
2026/04/26 12:26:39.407, 0, P8, 22 MHz, 405 MHz, 38.88 W, 24, 0 %, 2 MiB, 1, 16
2026/04/26 12:26:39.407, 1, P8, 22 MHz, 405 MHz, 24.49 W, 24, 0 %, 2 MiB, 1, 16
2026/04/26 12:26:39.407, 2, P8, 22 MHz, 405 MHz, 19.45 W, 24, 0 %, 2 MiB, 1, 16
2026/04/26 12:26:39.407, 3, P8, 22 MHz, 405 MHz, 15.99 W, 24, 0 %, 2 MiB, 1, 16
2026/04/26 12:26:39.407, 4, P8, 22 MHz, 405 MHz, 25.85 W, 23, 0 %, 2 MiB, 1, 16
2026/04/26 12:26:39.407, 5, P8, 22 MHz, 405 MHz, 7.81 W, 23, 0 %, 2 MiB, 1, 16
2026/04/26 12:26:39.407, 6, P8, 22 MHz, 405 MHz, 17.92 W, 24, 0 %, 2 MiB, 1, 16
2026/04/26 12:26:39.407, 7, P8, 22 MHz, 405 MHz, 13.90 W, 24, 0 %, 2 MiB, 1, 16
2026/04/26 12:26:40.413, 0, P8, 22 MHz, 405 MHz, 38.69 W, 24, 0 %, 2 MiB, 1, 16
2026/04/26 12:26:40.413, 1, P8, 22 MHz, 405 MHz, 24.54 W, 24, 0 %, 2 MiB, 1, 16
2026/04/26 12:26:40.413, 2, P8, 22 MHz, 405 MHz, 19.29 W, 24, 0 %, 2 MiB, 1, 16
2026/04/26 12:26:40.413, 3, P8, 22 MHz, 405 MHz, 16.19 W, 24, 0 %, 2 MiB, 1, 16
2026/04/26 12:26:40.413, 4, P8, 22 MHz, 405 MHz, 25.91 W, 23, 0 %, 2 MiB, 1, 16
2026/04/26 12:26:40.413, 5, P8, 22 MHz, 405 MHz, 8.06 W, 23, 0 %, 2 MiB, 1, 16
2026/04/26 12:26:40.413, 6, P8, 22 MHz, 405 MHz, 17.57 W, 24, 0 %, 2 MiB, 1, 16
2026/04/26 12:26:40.413, 7, P8, 22 MHz, 405 MHz, 14.15 W, 24, 0 %, 2 MiB, 1, 16
2026/04/26 12:26:41.414, 0, P8, 22 MHz, 405 MHz, 38.04 W, 24, 0 %, 2 MiB, 1, 16
2026/04/26 12:26:41.414, 1, P8, 22 MHz, 405 MHz, 24.50 W, 24, 0 %, 2 MiB, 1, 16
2026/04/26 12:26:41.414, 2, P8, 22 MHz, 405 MHz, 18.94 W, 24, 0 %, 2 MiB, 1, 16
2026/04/26 12:26:41.414, 3, P8, 22 MHz, 405 MHz, 16.02 W, 24, 0 %, 2 MiB, 1, 16
2026/04/26 12:26:41.414, 4, P8, 22 MHz, 405 MHz, 26.06 W, 23, 0 %, 2 MiB, 1, 16
2026/04/26 12:26:41.414, 5, P8, 22 MHz, 405 MHz, 8.11 W, 23, 0 %, 2 MiB, 1, 16
2026/04/26 12:26:41.414, 6, P8, 22 MHz, 405 MHz, 17.85 W, 24, 0 %, 2 MiB, 1, 16
2026/04/26 12:26:41.414, 7, P8, 22 MHz, 405 MHz, 14.31 W, 24, 0 %, 2 MiB, 1, 16
2026/04/26 12:26:42.414, 0, P8, 22 MHz, 405 MHz, 38.08 W, 24, 0 %, 2 MiB, 1, 16
2026/04/26 12:26:42.414, 1, P8, 22 MHz, 405 MHz, 24.44 W, 24, 0 %, 2 MiB, 1, 16
2026/04/26 12:26:42.414, 2, P8, 22 MHz, 405 MHz, 18.91 W, 24, 0 %, 2 MiB, 1, 16
2026/04/26 12:26:42.415, 3, P8, 22 MHz, 405 MHz, 16.08 W, 24, 0 %, 2 MiB, 1, 16
2026/04/26 12:26:42.415, 4, P8, 22 MHz, 405 MHz, 25.65 W, 23, 0 %, 2 MiB, 1, 16
2026/04/26 12:26:42.415, 5, P8, 22 MHz, 405 MHz, 7.84 W, 23, 0 %, 2 MiB, 1, 16
2026/04/26 12:26:42.415, 6, P8, 22 MHz, 405 MHz, 17.79 W, 24, 0 %, 2 MiB, 1, 16
2026/04/26 12:26:42.415, 7, P8, 22 MHz, 405 MHz, 14.52 W, 24, 0 %, 2 MiB, 1, 16
2026/04/26 12:26:43.415, 0, P8, 22 MHz, 405 MHz, 38.09 W, 24, 0 %, 2 MiB, 1, 16
2026/04/26 12:26:43.415, 1, P8, 22 MHz, 405 MHz, 24.33 W, 24, 0 %, 2 MiB, 1, 16
2026/04/26 12:26:43.415, 2, P8, 22 MHz, 405 MHz, 19.28 W, 24, 0 %, 2 MiB, 1, 16
2026/04/26 12:26:43.415, 3, P8, 22 MHz, 405 MHz, 16.57 W, 24, 0 %, 2 MiB, 1, 16
2026/04/26 12:26:43.415, 4, P8, 22 MHz, 405 MHz, 25.81 W, 23, 0 %, 2 MiB, 1, 16
2026/04/26 12:26:43.415, 5, P8, 22 MHz, 405 MHz, 7.97 W, 23, 0 %, 2 MiB, 1, 16
2026/04/26 12:26:43.415, 6, P8, 22 MHz, 405 MHz, 17.59 W, 24, 0 %, 2 MiB, 1, 16
2026/04/26 12:26:43.415, 7, P8, 22 MHz, 405 MHz, 14.64 W, 24, 0 %, 2 MiB, 1, 16
2026/04/26 12:26:44.416, 0, P8, 22 MHz, 405 MHz, 38.04 W, 24, 0 %, 2 MiB, 1, 16
2026/04/26 12:26:44.416, 1, P8, 22 MHz, 405 MHz, 24.27 W, 24, 0 %, 2 MiB, 1, 16
2026/04/26 12:26:44.416, 2, P8, 22 MHz, 405 MHz, 19.23 W, 24, 0 %, 2 MiB, 1, 16
2026/04/26 12:26:44.416, 3, P8, 22 MHz, 405 MHz, 16.49 W, 24, 0 %, 2 MiB, 1, 16
2026/04/26 12:26:44.416, 4, P8, 22 MHz, 405 MHz, 26.74 W, 23, 0 %, 2 MiB, 1, 16
2026/04/26 12:26:44.416, 5, P8, 22 MHz, 405 MHz, 7.94 W, 23, 0 %, 2 MiB, 1, 16
2026/04/26 12:26:44.416, 6, P8, 22 MHz, 405 MHz, 17.82 W, 24, 0 %, 2 MiB, 1, 16
2026/04/26 12:26:44.416, 7, P8, 22 MHz, 405 MHz, 14.80 W, 24, 0 %, 2 MiB, 1, 16
2026/04/26 12:26:45.416, 0, P8, 22 MHz, 405 MHz, 38.03 W, 24, 0 %, 2 MiB, 1, 16
2026/04/26 12:26:45.417, 1, P8, 22 MHz, 405 MHz, 24.49 W, 24, 0 %, 2 MiB, 1, 16
2026/04/26 12:26:45.417, 2, P8, 22 MHz, 405 MHz, 19.10 W, 24, 0 %, 2 MiB, 1, 16
2026/04/26 12:26:45.417, 3, P8, 22 MHz, 405 MHz, 16.49 W, 24, 0 %, 2 MiB, 1, 16
2026/04/26 12:26:45.417, 4, P8, 22 MHz, 405 MHz, 26.60 W, 23, 0 %, 2 MiB, 1, 16
2026/04/26 12:26:45.417, 5, P8, 22 MHz, 405 MHz, 7.61 W, 23, 0 %, 2 MiB, 1, 16
2026/04/26 12:26:45.417, 6, P8, 22 MHz, 405 MHz, 18.08 W, 24, 0 %, 2 MiB, 1, 16
2026/04/26 12:26:45.417, 7, P8, 22 MHz, 405 MHz, 14.69 W, 24, 0 %, 2 MiB, 1, 16
2026/04/26 12:26:46.417, 0, P8, 22 MHz, 405 MHz, 38.29 W, 24, 0 %, 2 MiB, 1, 16
2026/04/26 12:26:46.417, 1, P8, 22 MHz, 405 MHz, 24.55 W, 24, 0 %, 2 MiB, 1, 16
2026/04/26 12:26:46.417, 2, P8, 22 MHz, 405 MHz, 19.08 W, 24, 0 %, 2 MiB, 1, 16
2026/04/26 12:26:46.418, 3, P8, 22 MHz, 405 MHz, 16.50 W, 24, 0 %, 2 MiB, 1, 16
2026/04/26 12:26:46.418, 4, P8, 22 MHz, 405 MHz, 26.78 W, 23, 0 %, 2 MiB, 1, 16
2026/04/26 12:26:46.418, 5, P8, 22 MHz, 405 MHz, 7.78 W, 23, 0 %, 2 MiB, 1, 16
2026/04/26 12:26:46.418, 6, P8, 22 MHz, 405 MHz, 18.15 W, 24, 0 %, 2 MiB, 1, 16
2026/04/26 12:26:46.418, 7, P8, 22 MHz, 405 MHz, 14.70 W, 24, 0 %, 2 MiB, 1, 16
2026/04/26 12:26:47.418, 0, P8, 22 MHz, 405 MHz, 38.46 W, 24, 0 %, 2 MiB, 1, 16
2026/04/26 12:26:47.418, 1, P8, 22 MHz, 405 MHz, 24.48 W, 24, 0 %, 2 MiB, 1, 16
2026/04/26 12:26:47.418, 2, P8, 22 MHz, 405 MHz, 19.07 W, 24, 0 %, 2 MiB, 1, 16
2026/04/26 12:26:47.418, 3, P8, 22 MHz, 405 MHz, 16.66 W, 24, 0 %, 2 MiB, 1, 16
2026/04/26 12:26:47.418, 4, P8, 22 MHz, 405 MHz, 26.50 W, 23, 0 %, 2 MiB, 1, 16
2026/04/26 12:26:47.418, 5, P8, 22 MHz, 405 MHz, 8.09 W, 23, 0 %, 2 MiB, 1, 16
2026/04/26 12:26:47.418, 6, P8, 22 MHz, 405 MHz, 17.84 W, 24, 0 %, 2 MiB, 1, 16
2026/04/26 12:26:47.418, 7, P8, 22 MHz, 405 MHz, 15.00 W, 24, 0 %, 2 MiB, 1, 16
2026/04/26 12:26:48.419, 0, P8, 22 MHz, 405 MHz, 38.00 W, 24, 0 %, 2 MiB, 1, 16
2026/04/26 12:26:48.419, 1, P8, 22 MHz, 405 MHz, 24.54 W, 24, 0 %, 2 MiB, 1, 16
2026/04/26 12:26:48.419, 2, P8, 22 MHz, 405 MHz, 18.97 W, 24, 0 %, 2 MiB, 1, 16
2026/04/26 12:26:48.419, 3, P8, 22 MHz, 405 MHz, 16.41 W, 24, 0 %, 2 MiB, 1, 16
2026/04/26 12:26:48.419, 4, P8, 22 MHz, 405 MHz, 26.71 W, 23, 0 %, 2 MiB, 1, 16
2026/04/26 12:26:48.419, 5, P8, 22 MHz, 405 MHz, 8.02 W, 23, 0 %, 2 MiB, 1, 16
2026/04/26 12:26:48.419, 6, P8, 22 MHz, 405 MHz, 17.55 W, 24, 0 %, 2 MiB, 1, 16
2026/04/26 12:26:48.419, 7, P8, 22 MHz, 405 MHz, 14.89 W, 24, 0 %, 2 MiB, 1, 16
2026/04/26 12:26:49.419, 0, P8, 22 MHz, 405 MHz, 37.99 W, 24, 0 %, 2 MiB, 1, 16
2026/04/26 12:26:49.419, 1, P8, 22 MHz, 405 MHz, 24.54 W, 24, 0 %, 2 MiB, 1, 16
2026/04/26 12:26:49.420, 2, P8, 22 MHz, 405 MHz, 18.89 W, 24, 0 %, 2 MiB, 1, 16
2026/04/26 12:26:49.420, 3, P8, 22 MHz, 405 MHz, 16.24 W, 24, 0 %, 2 MiB, 1, 16
2026/04/26 12:26:49.420, 4, P8, 22 MHz, 405 MHz, 26.80 W, 23, 0 %, 2 MiB, 1, 16
2026/04/26 12:26:49.420, 5, P8, 22 MHz, 405 MHz, 8.31 W, 23, 0 %, 2 MiB, 1, 16
2026/04/26 12:26:49.420, 6, P8, 22 MHz, 405 MHz, 17.56 W, 24, 0 %, 2 MiB, 1, 16
2026/04/26 12:26:49.420, 7, P8, 22 MHz, 405 MHz, 14.91 W, 24, 0 %, 2 MiB, 1, 16
2026/04/26 12:26:50.420, 0, P8, 22 MHz, 405 MHz, 38.09 W, 24, 0 %, 2 MiB, 1, 16
2026/04/26 12:26:50.420, 1, P8, 22 MHz, 405 MHz, 24.62 W, 24, 0 %, 2 MiB, 1, 16
2026/04/26 12:26:50.420, 2, P8, 22 MHz, 405 MHz, 18.95 W, 24, 0 %, 2 MiB, 1, 16
2026/04/26 12:26:50.420, 3, P8, 22 MHz, 405 MHz, 16.42 W, 24, 0 %, 2 MiB, 1, 16
2026/04/26 12:26:50.420, 4, P8, 22 MHz, 405 MHz, 26.29 W, 23, 0 %, 2 MiB, 1, 16
2026/04/26 12:26:50.420, 5, P8, 22 MHz, 405 MHz, 8.39 W, 23, 0 %, 2 MiB, 1, 16
2026/04/26 12:26:50.420, 6, P8, 22 MHz, 405 MHz, 17.47 W, 24, 0 %, 2 MiB, 1, 16
2026/04/26 12:26:50.420, 7, P8, 22 MHz, 405 MHz, 14.84 W, 24, 0 %, 2 MiB, 1, 16
2026/04/26 12:26:51.421, 0, P8, 22 MHz, 405 MHz, 38.18 W, 24, 0 %, 2 MiB, 1, 16
2026/04/26 12:26:51.421, 1, P8, 22 MHz, 405 MHz, 24.80 W, 24, 0 %, 2 MiB, 1, 16
2026/04/26 12:26:51.421, 2, P8, 22 MHz, 405 MHz, 18.91 W, 24, 0 %, 2 MiB, 1, 16
2026/04/26 12:26:51.421, 3, P8, 22 MHz, 405 MHz, 16.55 W, 24, 0 %, 2 MiB, 1, 16
2026/04/26 12:26:51.421, 4, P8, 22 MHz, 405 MHz, 24.74 W, 23, 0 %, 2 MiB, 1, 16
2026/04/26 12:26:51.421, 5, P8, 22 MHz, 405 MHz, 8.56 W, 23, 0 %, 2 MiB, 1, 16
2026/04/26 12:26:51.421, 6, P8, 22 MHz, 405 MHz, 17.66 W, 24, 0 %, 2 MiB, 1, 16
2026/04/26 12:26:51.421, 7, P8, 22 MHz, 405 MHz, 14.61 W, 24, 0 %, 2 MiB, 1, 16
2026/04/26 12:26:52.421, 0, P8, 22 MHz, 405 MHz, 38.20 W, 24, 0 %, 2 MiB, 1, 16
2026/04/26 12:26:52.421, 1, P8, 22 MHz, 405 MHz, 24.77 W, 24, 0 %, 2 MiB, 1, 16
2026/04/26 12:26:52.421, 2, P8, 22 MHz, 405 MHz, 19.42 W, 24, 0 %, 2 MiB, 1, 16
2026/04/26 12:26:52.421, 3, P8, 21 MHz, 405 MHz, 16.46 W, 24, 0 %, 2 MiB, 1, 16
2026/04/26 12:26:52.421, 4, P8, 22 MHz, 405 MHz, 24.95 W, 23, 0 %, 2 MiB, 1, 16
2026/04/26 12:26:52.422, 5, P8, 22 MHz, 405 MHz, 8.24 W, 23, 0 %, 2 MiB, 1, 16
2026/04/26 12:26:52.422, 6, P8, 22 MHz, 405 MHz, 18.04 W, 24, 0 %, 2 MiB, 1, 16
2026/04/26 12:26:52.422, 7, P8, 22 MHz, 405 MHz, 14.01 W, 24, 0 %, 2 MiB, 1, 16
2026/04/26 12:26:53.422, 0, P8, 22 MHz, 405 MHz, 38.21 W, 24, 0 %, 2 MiB, 1, 16
2026/04/26 12:26:53.422, 1, P8, 22 MHz, 405 MHz, 24.85 W, 24, 0 %, 2 MiB, 1, 16
2026/04/26 12:26:53.422, 2, P8, 22 MHz, 405 MHz, 19.38 W, 24, 0 %, 2 MiB, 1, 16
2026/04/26 12:26:53.422, 3, P8, 22 MHz, 405 MHz, 16.43 W, 24, 0 %, 2 MiB, 1, 16
2026/04/26 12:26:53.422, 4, P8, 22 MHz, 405 MHz, 25.31 W, 23, 0 %, 2 MiB, 1, 16
2026/04/26 12:26:53.422, 5, P8, 22 MHz, 405 MHz, 7.94 W, 23, 0 %, 2 MiB, 1, 16
2026/04/26 12:26:53.422, 6, P8, 22 MHz, 405 MHz, 17.53 W, 24, 0 %, 2 MiB, 1, 16
2026/04/26 12:26:53.422, 7, P8, 22 MHz, 405 MHz, 14.40 W, 24, 0 %, 2 MiB, 1, 16
2026/04/26 12:26:54.423, 0, P8, 22 MHz, 405 MHz, 38.34 W, 24, 0 %, 2 MiB, 1, 16
2026/04/26 12:26:54.423, 1, P8, 22 MHz, 405 MHz, 24.78 W, 24, 0 %, 2 MiB, 1, 16
2026/04/26 12:26:54.423, 2, P8, 22 MHz, 405 MHz, 19.37 W, 24, 0 %, 2 MiB, 1, 16
2026/04/26 12:26:54.423, 3, P8, 22 MHz, 405 MHz, 16.25 W, 24, 0 %, 2 MiB, 1, 16
2026/04/26 12:26:54.423, 4, P8, 22 MHz, 405 MHz, 25.58 W, 23, 0 %, 2 MiB, 1, 16
2026/04/26 12:26:54.423, 5, P8, 22 MHz, 405 MHz, 8.17 W, 23, 0 %, 2 MiB, 1, 16
2026/04/26 12:26:54.423, 6, P8, 22 MHz, 405 MHz, 17.65 W, 24, 0 %, 2 MiB, 1, 16
2026/04/26 12:26:54.423, 7, P8, 22 MHz, 405 MHz, 14.40 W, 24, 0 %, 2 MiB, 1, 16
2026/04/26 12:26:55.423, 0, P8, 22 MHz, 405 MHz, 38.29 W, 24, 0 %, 2 MiB, 1, 16
2026/04/26 12:26:55.424, 1, P8, 22 MHz, 405 MHz, 24.90 W, 24, 0 %, 2 MiB, 1, 16
2026/04/26 12:26:55.424, 2, P8, 22 MHz, 405 MHz, 19.66 W, 24, 0 %, 2 MiB, 1, 16
2026/04/26 12:26:55.424, 3, P8, 22 MHz, 405 MHz, 16.25 W, 24, 0 %, 2 MiB, 1, 16
2026/04/26 12:26:55.424, 4, P8, 22 MHz, 405 MHz, 25.38 W, 23, 0 %, 2 MiB, 1, 16
2026/04/26 12:26:55.424, 5, P8, 22 MHz, 405 MHz, 8.04 W, 23, 0 %, 2 MiB, 1, 16
2026/04/26 12:26:55.424, 6, P8, 22 MHz, 405 MHz, 17.52 W, 24, 0 %, 2 MiB, 1, 16
2026/04/26 12:26:55.424, 7, P8, 22 MHz, 405 MHz, 14.27 W, 24, 0 %, 2 MiB, 1, 16
2026/04/26 12:26:56.424, 0, P8, 22 MHz, 405 MHz, 38.06 W, 24, 0 %, 2 MiB, 1, 16
2026/04/26 12:26:56.430, 1, P8, 22 MHz, 405 MHz, 24.82 W, 24, 0 %, 2 MiB, 1, 16
2026/04/26 12:26:56.430, 2, P8, 22 MHz, 405 MHz, 19.73 W, 24, 0 %, 2 MiB, 1, 16
2026/04/26 12:26:56.430, 3, P8, 22 MHz, 405 MHz, 16.20 W, 24, 0 %, 2 MiB, 1, 16
2026/04/26 12:26:56.430, 4, P8, 22 MHz, 405 MHz, 25.61 W, 23, 0 %, 2 MiB, 1, 16
2026/04/26 12:26:56.431, 5, P8, 22 MHz, 405 MHz, 8.39 W, 23, 0 %, 2 MiB, 1, 16
2026/04/26 12:26:56.431, 6, P8, 22 MHz, 405 MHz, 17.54 W, 24, 0 %, 2 MiB, 1, 16
2026/04/26 12:26:56.431, 7, P8, 22 MHz, 405 MHz, 14.38 W, 24, 0 %, 2 MiB, 1, 16
2026/04/26 12:26:57.431, 0, P8, 22 MHz, 405 MHz, 38.08 W, 24, 0 %, 2 MiB, 1, 16
2026/04/26 12:26:57.431, 1, P8, 22 MHz, 405 MHz, 24.78 W, 24, 0 %, 2 MiB, 1, 16
2026/04/26 12:26:57.431, 2, P8, 22 MHz, 405 MHz, 19.62 W, 24, 0 %, 2 MiB, 1, 16
2026/04/26 12:26:57.431, 3, P8, 22 MHz, 405 MHz, 16.03 W, 24, 0 %, 2 MiB, 1, 16
2026/04/26 12:26:57.431, 4, P8, 22 MHz, 405 MHz, 24.75 W, 23, 0 %, 2 MiB, 1, 16
2026/04/26 12:26:57.431, 5, P8, 22 MHz, 405 MHz, 8.56 W, 23, 0 %, 2 MiB, 1, 16
2026/04/26 12:26:57.431, 6, P8, 22 MHz, 405 MHz, 17.94 W, 24, 0 %, 2 MiB, 1, 16
2026/04/26 12:26:57.431, 7, P8, 22 MHz, 405 MHz, 14.74 W, 24, 0 %, 2 MiB, 1, 16
2026/04/26 12:26:58.432, 0, P8, 22 MHz, 405 MHz, 37.99 W, 24, 0 %, 2 MiB, 1, 16
2026/04/26 12:26:58.432, 1, P8, 22 MHz, 405 MHz, 24.75 W, 24, 0 %, 2 MiB, 1, 16
2026/04/26 12:26:58.432, 2, P8, 22 MHz, 405 MHz, 19.72 W, 24, 0 %, 2 MiB, 1, 16
2026/04/26 12:26:58.432, 3, P8, 22 MHz, 405 MHz, 15.99 W, 24, 0 %, 2 MiB, 1, 16
2026/04/26 12:26:58.432, 4, P8, 22 MHz, 405 MHz, 25.66 W, 23, 0 %, 2 MiB, 1, 16
2026/04/26 12:26:58.432, 5, P8, 22 MHz, 405 MHz, 8.80 W, 23, 0 %, 2 MiB, 1, 16
2026/04/26 12:26:58.432, 6, P8, 22 MHz, 405 MHz, 17.79 W, 24, 0 %, 2 MiB, 1, 16
2026/04/26 12:26:58.432, 7, P8, 22 MHz, 405 MHz, 14.68 W, 24, 0 %, 2 MiB, 1, 16
2026/04/26 12:26:59.432, 0, P8, 22 MHz, 405 MHz, 38.01 W, 24, 0 %, 2 MiB, 1, 16
2026/04/26 12:26:59.433, 1, P8, 22 MHz, 405 MHz, 24.58 W, 24, 0 %, 2 MiB, 1, 16
2026/04/26 12:26:59.433, 2, P8, 22 MHz, 405 MHz, 19.73 W, 24, 0 %, 2 MiB, 1, 16
2026/04/26 12:26:59.433, 3, P8, 22 MHz, 405 MHz, 16.18 W, 24, 0 %, 2 MiB, 1, 16
2026/04/26 12:26:59.433, 4, P8, 22 MHz, 405 MHz, 25.43 W, 23, 0 %, 2 MiB, 1, 16
2026/04/26 12:26:59.433, 5, P8, 22 MHz, 405 MHz, 8.77 W, 23, 0 %, 2 MiB, 1, 16
2026/04/26 12:26:59.433, 6, P8, 22 MHz, 405 MHz, 17.42 W, 24, 0 %, 2 MiB, 1, 16
2026/04/26 12:26:59.433, 7, P8, 22 MHz, 405 MHz, 15.05 W, 24, 0 %, 2 MiB, 1, 16
2026/04/26 12:27:00.433, 0, P8, 22 MHz, 405 MHz, 38.04 W, 24, 0 %, 2 MiB, 1, 16
2026/04/26 12:27:00.433, 1, P8, 22 MHz, 405 MHz, 24.54 W, 24, 0 %, 2 MiB, 1, 16
2026/04/26 12:27:00.433, 2, P8, 22 MHz, 405 MHz, 19.45 W, 24, 0 %, 2 MiB, 1, 16
2026/04/26 12:27:00.434, 3, P8, 22 MHz, 405 MHz, 16.17 W, 24, 0 %, 2 MiB, 1, 16
2026/04/26 12:27:00.434, 4, P8, 22 MHz, 405 MHz, 25.53 W, 23, 0 %, 2 MiB, 1, 16
2026/04/26 12:27:00.434, 5, P8, 22 MHz, 405 MHz, 8.59 W, 23, 0 %, 2 MiB, 1, 16
2026/04/26 12:27:00.434, 6, P8, 22 MHz, 405 MHz, 17.40 W, 24, 0 %, 2 MiB, 1, 16
2026/04/26 12:27:00.434, 7, P8, 22 MHz, 405 MHz, 14.93 W, 24, 0 %, 2 MiB, 1, 16
2026/04/26 12:27:01.434, 0, P8, 22 MHz, 405 MHz, 37.87 W, 24, 0 %, 2 MiB, 1, 16
2026/04/26 12:27:01.434, 1, P8, 22 MHz, 405 MHz, 24.70 W, 24, 0 %, 2 MiB, 1, 16
2026/04/26 12:27:01.434, 2, P8, 22 MHz, 405 MHz, 19.48 W, 24, 0 %, 2 MiB, 1, 16
2026/04/26 12:27:01.434, 3, P8, 22 MHz, 405 MHz, 16.11 W, 24, 0 %, 2 MiB, 1, 16
2026/04/26 12:27:01.434, 4, P8, 22 MHz, 405 MHz, 25.92 W, 23, 0 %, 2 MiB, 1, 16
2026/04/26 12:27:01.434, 5, P8, 22 MHz, 405 MHz, 8.15 W, 23, 0 %, 2 MiB, 1, 16
2026/04/26 12:27:01.434, 6, P8, 22 MHz, 405 MHz, 17.40 W, 24, 0 %, 2 MiB, 1, 16
2026/04/26 12:27:01.434, 7, P8, 22 MHz, 405 MHz, 14.89 W, 24, 0 %, 2 MiB, 1, 16
2026/04/26 12:27:02.435, 0, P8, 22 MHz, 405 MHz, 38.06 W, 24, 0 %, 2 MiB, 1, 16
2026/04/26 12:27:02.435, 1, P8, 22 MHz, 405 MHz, 24.78 W, 24, 0 %, 2 MiB, 1, 16
2026/04/26 12:27:02.435, 2, P8, 22 MHz, 405 MHz, 19.25 W, 24, 0 %, 2 MiB, 1, 16
2026/04/26 12:27:02.435, 3, P8, 22 MHz, 405 MHz, 16.15 W, 24, 0 %, 2 MiB, 1, 16
2026/04/26 12:27:02.435, 4, P8, 22 MHz, 405 MHz, 25.80 W, 23, 0 %, 2 MiB, 1, 16
2026/04/26 12:27:02.435, 5, P8, 22 MHz, 405 MHz, 7.80 W, 23, 0 %, 2 MiB, 1, 16
2026/04/26 12:27:02.435, 6, P8, 22 MHz, 405 MHz, 17.35 W, 24, 0 %, 2 MiB, 1, 16
2026/04/26 12:27:02.435, 7, P8, 22 MHz, 405 MHz, 14.64 W, 24, 0 %, 2 MiB, 1, 16
2026/04/26 12:27:03.435, 0, P8, 22 MHz, 405 MHz, 38.26 W, 24, 0 %, 2 MiB, 1, 16
2026/04/26 12:27:03.436, 1, P8, 22 MHz, 405 MHz, 24.64 W, 24, 0 %, 2 MiB, 1, 16
2026/04/26 12:27:03.436, 2, P8, 22 MHz, 405 MHz, 19.32 W, 24, 0 %, 2 MiB, 1, 16
2026/04/26 12:27:03.436, 3, P8, 22 MHz, 405 MHz, 16.18 W, 24, 0 %, 2 MiB, 1, 16
2026/04/26 12:27:03.436, 4, P8, 22 MHz, 405 MHz, 25.40 W, 23, 0 %, 2 MiB, 1, 16
2026/04/26 12:27:03.436, 5, P8, 22 MHz, 405 MHz, 8.00 W, 23, 0 %, 2 MiB, 1, 16
2026/04/26 12:27:03.436, 6, P8, 22 MHz, 405 MHz, 17.42 W, 24, 0 %, 2 MiB, 1, 16
2026/04/26 12:27:03.436, 7, P8, 22 MHz, 405 MHz, 14.74 W, 24, 0 %, 2 MiB, 1, 16
2026/04/26 12:27:04.436, 0, P8, 22 MHz, 405 MHz, 38.21 W, 24, 0 %, 2 MiB, 1, 16
2026/04/26 12:27:04.436, 1, P8, 22 MHz, 405 MHz, 24.71 W, 24, 0 %, 2 MiB, 1, 16
2026/04/26 12:27:04.436, 2, P8, 22 MHz, 405 MHz, 19.20 W, 24, 0 %, 2 MiB, 1, 16
2026/04/26 12:27:04.436, 3, P8, 22 MHz, 405 MHz, 15.96 W, 24, 0 %, 2 MiB, 1, 16
2026/04/26 12:27:04.437, 4, P8, 22 MHz, 405 MHz, 26.21 W, 23, 0 %, 2 MiB, 1, 16
2026/04/26 12:27:04.437, 5, P8, 22 MHz, 405 MHz, 8.08 W, 23, 0 %, 2 MiB, 1, 16
2026/04/26 12:27:04.437, 6, P8, 22 MHz, 405 MHz, 17.68 W, 24, 0 %, 2 MiB, 1, 16
2026/04/26 12:27:04.437, 7, P8, 22 MHz, 405 MHz, 14.87 W, 24, 0 %, 2 MiB, 1, 16
2026/04/26 12:27:05.437, 0, P8, 22 MHz, 405 MHz, 37.91 W, 24, 0 %, 2 MiB, 1, 16
2026/04/26 12:27:05.437, 1, P8, 22 MHz, 405 MHz, 24.66 W, 24, 0 %, 2 MiB, 1, 16
2026/04/26 12:27:05.437, 2, P8, 22 MHz, 405 MHz, 19.75 W, 24, 0 %, 2 MiB, 1, 16
2026/04/26 12:27:05.437, 3, P8, 22 MHz, 405 MHz, 16.04 W, 24, 0 %, 2 MiB, 1, 16
2026/04/26 12:27:05.437, 4, P8, 22 MHz, 405 MHz, 26.19 W, 23, 0 %, 2 MiB, 1, 16
2026/04/26 12:27:05.437, 5, P8, 22 MHz, 405 MHz, 8.11 W, 23, 0 %, 2 MiB, 1, 16
2026/04/26 12:27:05.437, 6, P8, 22 MHz, 405 MHz, 17.65 W, 24, 0 %, 2 MiB, 1, 16
2026/04/26 12:27:05.437, 7, P8, 22 MHz, 405 MHz, 14.43 W, 24, 0 %, 2 MiB, 1, 16
2026/04/26 12:27:06.438, 0, P8, 22 MHz, 405 MHz, 37.98 W, 24, 0 %, 2 MiB, 1, 16
2026/04/26 12:27:06.438, 1, P8, 22 MHz, 405 MHz, 24.62 W, 24, 0 %, 2 MiB, 1, 16
2026/04/26 12:27:06.438, 2, P8, 22 MHz, 405 MHz, 19.81 W, 24, 0 %, 2 MiB, 1, 16
2026/04/26 12:27:06.438, 3, P8, 21 MHz, 405 MHz, 16.38 W, 24, 0 %, 2 MiB, 1, 16
2026/04/26 12:27:06.438, 4, P8, 22 MHz, 405 MHz, 25.95 W, 23, 0 %, 2 MiB, 1, 16
2026/04/26 12:27:06.438, 5, P8, 22 MHz, 405 MHz, 8.16 W, 23, 0 %, 2 MiB, 1, 16
2026/04/26 12:27:06.438, 6, P8, 22 MHz, 405 MHz, 17.71 W, 24, 0 %, 2 MiB, 1, 16
2026/04/26 12:27:06.438, 7, P8, 22 MHz, 405 MHz, 14.49 W, 24, 0 %, 2 MiB, 1, 16
2026/04/26 12:27:07.438, 0, P8, 22 MHz, 405 MHz, 37.97 W, 24, 0 %, 2 MiB, 1, 16
2026/04/26 12:27:07.438, 1, P8, 22 MHz, 405 MHz, 24.64 W, 24, 0 %, 2 MiB, 1, 16
2026/04/26 12:27:07.438, 2, P8, 22 MHz, 405 MHz, 19.76 W, 24, 0 %, 2 MiB, 1, 16
2026/04/26 12:27:07.439, 3, P8, 22 MHz, 405 MHz, 16.47 W, 24, 0 %, 2 MiB, 1, 16
2026/04/26 12:27:07.439, 4, P8, 22 MHz, 405 MHz, 26.15 W, 23, 0 %, 2 MiB, 1, 16
2026/04/26 12:27:07.439, 5, P8, 22 MHz, 405 MHz, 8.26 W, 23, 0 %, 2 MiB, 1, 16
2026/04/26 12:27:07.439, 6, P8, 22 MHz, 405 MHz, 17.98 W, 24, 0 %, 2 MiB, 1, 16
2026/04/26 12:27:07.439, 7, P8, 22 MHz, 405 MHz, 14.48 W, 24, 0 %, 2 MiB, 1, 16
2026/04/26 12:27:08.439, 0, P8, 22 MHz, 405 MHz, 38.09 W, 24, 0 %, 2 MiB, 1, 16
2026/04/26 12:27:08.439, 1, P8, 22 MHz, 405 MHz, 24.62 W, 24, 0 %, 2 MiB, 1, 16
2026/04/26 12:27:08.439, 2, P8, 22 MHz, 405 MHz, 19.86 W, 24, 0 %, 2 MiB, 1, 16
2026/04/26 12:27:08.439, 3, P8, 22 MHz, 405 MHz, 16.29 W, 24, 0 %, 2 MiB, 1, 16
2026/04/26 12:27:08.439, 4, P8, 22 MHz, 405 MHz, 26.02 W, 23, 0 %, 2 MiB, 1, 16
2026/04/26 12:27:08.439, 5, P8, 22 MHz, 405 MHz, 8.18 W, 23, 0 %, 2 MiB, 1, 16
2026/04/26 12:27:08.439, 6, P8, 22 MHz, 405 MHz, 18.10 W, 24, 0 %, 2 MiB, 1, 16
2026/04/26 12:27:08.439, 7, P8, 22 MHz, 405 MHz, 14.39 W, 24, 0 %, 2 MiB, 1, 16
2026/04/26 12:27:09.440, 0, P8, 22 MHz, 405 MHz, 38.32 W, 24, 0 %, 2 MiB, 1, 16
2026/04/26 12:27:09.440, 1, P8, 22 MHz, 405 MHz, 24.50 W, 24, 0 %, 2 MiB, 1, 16
2026/04/26 12:27:09.440, 2, P8, 22 MHz, 405 MHz, 19.68 W, 24, 0 %, 2 MiB, 1, 16
2026/04/26 12:27:09.440, 3, P8, 22 MHz, 405 MHz, 16.28 W, 24, 0 %, 2 MiB, 1, 16
2026/04/26 12:27:09.440, 4, P8, 22 MHz, 405 MHz, 26.27 W, 23, 0 %, 2 MiB, 1, 16
2026/04/26 12:27:09.440, 5, P8, 22 MHz, 405 MHz, 8.20 W, 23, 0 %, 2 MiB, 1, 16
2026/04/26 12:27:09.440, 6, P8, 22 MHz, 405 MHz, 18.09 W, 24, 0 %, 2 MiB, 1, 16
2026/04/26 12:27:09.440, 7, P8, 22 MHz, 405 MHz, 14.50 W, 24, 0 %, 2 MiB, 1, 16
2026/04/26 12:27:10.440, 0, P8, 22 MHz, 405 MHz, 37.72 W, 24, 0 %, 2 MiB, 1, 16
2026/04/26 12:27:10.441, 1, P8, 22 MHz, 405 MHz, 24.48 W, 24, 0 %, 2 MiB, 1, 16
2026/04/26 12:27:10.441, 2, P8, 22 MHz, 405 MHz, 19.69 W, 24, 0 %, 2 MiB, 1, 16
2026/04/26 12:27:10.441, 3, P8, 22 MHz, 405 MHz, 16.28 W, 24, 0 %, 2 MiB, 1, 16
2026/04/26 12:27:10.441, 4, P8, 22 MHz, 405 MHz, 26.15 W, 23, 0 %, 2 MiB, 1, 16
2026/04/26 12:27:10.441, 5, P8, 22 MHz, 405 MHz, 8.36 W, 23, 0 %, 2 MiB, 1, 16
2026/04/26 12:27:10.441, 6, P8, 22 MHz, 405 MHz, 18.25 W, 24, 0 %, 2 MiB, 1, 16
2026/04/26 12:27:10.441, 7, P8, 22 MHz, 405 MHz, 14.56 W, 24, 0 %, 2 MiB, 1, 16
2026/04/26 12:27:11.441, 0, P8, 22 MHz, 405 MHz, 37.90 W, 24, 0 %, 2 MiB, 1, 16
2026/04/26 12:27:11.441, 1, P8, 22 MHz, 405 MHz, 24.41 W, 24, 0 %, 2 MiB, 1, 16
2026/04/26 12:27:11.441, 2, P8, 22 MHz, 405 MHz, 19.56 W, 24, 0 %, 2 MiB, 1, 16
2026/04/26 12:27:11.441, 3, P8, 22 MHz, 405 MHz, 16.42 W, 24, 0 %, 2 MiB, 1, 16
2026/04/26 12:27:11.442, 4, P8, 22 MHz, 405 MHz, 25.76 W, 23, 0 %, 2 MiB, 1, 16
2026/04/26 12:27:11.442, 5, P8, 22 MHz, 405 MHz, 8.20 W, 23, 0 %, 2 MiB, 1, 16
2026/04/26 12:27:11.442, 6, P8, 22 MHz, 405 MHz, 17.93 W, 24, 0 %, 2 MiB, 1, 16
2026/04/26 12:27:11.442, 7, P8, 22 MHz, 405 MHz, 14.19 W, 24, 0 %, 2 MiB, 1, 16
2026/04/26 12:27:12.442, 0, P8, 22 MHz, 405 MHz, 38.19 W, 24, 0 %, 2 MiB, 1, 16
2026/04/26 12:27:12.442, 1, P8, 22 MHz, 405 MHz, 24.39 W, 24, 0 %, 2 MiB, 1, 16
2026/04/26 12:27:12.446, 2, P8, 22 MHz, 405 MHz, 19.63 W, 24, 0 %, 2 MiB, 1, 16
2026/04/26 12:27:12.446, 3, P8, 22 MHz, 405 MHz, 16.37 W, 24, 0 %, 2 MiB, 1, 16
2026/04/26 12:27:12.446, 4, P8, 22 MHz, 405 MHz, 25.57 W, 23, 0 %, 2 MiB, 1, 16
2026/04/26 12:27:12.446, 5, P8, 22 MHz, 405 MHz, 8.34 W, 23, 0 %, 2 MiB, 1, 16
2026/04/26 12:27:12.446, 6, P8, 22 MHz, 405 MHz, 17.94 W, 24, 0 %, 2 MiB, 1, 16
2026/04/26 12:27:12.446, 7, P8, 22 MHz, 405 MHz, 14.36 W, 24, 0 %, 2 MiB, 1, 16
2026/04/26 12:27:13.447, 0, P8, 22 MHz, 405 MHz, 38.04 W, 24, 0 %, 2 MiB, 1, 16
2026/04/26 12:27:13.447, 1, P8, 22 MHz, 405 MHz, 24.48 W, 24, 0 %, 2 MiB, 1, 16
2026/04/26 12:27:13.447, 2, P8, 22 MHz, 405 MHz, 19.42 W, 24, 0 %, 2 MiB, 1, 16
2026/04/26 12:27:13.447, 3, P8, 22 MHz, 405 MHz, 16.12 W, 24, 0 %, 2 MiB, 1, 16
2026/04/26 12:27:13.447, 4, P8, 22 MHz, 405 MHz, 25.29 W, 23, 0 %, 2 MiB, 1, 16
2026/04/26 12:27:13.447, 5, P8, 22 MHz, 405 MHz, 8.39 W, 23, 0 %, 2 MiB, 1, 16
2026/04/26 12:27:13.447, 6, P8, 22 MHz, 405 MHz, 17.90 W, 24, 0 %, 2 MiB, 1, 16
2026/04/26 12:27:13.447, 7, P8, 21 MHz, 405 MHz, 14.65 W, 24, 0 %, 2 MiB, 1, 16
2026/04/26 12:27:14.447, 0, P8, 22 MHz, 405 MHz, 38.15 W, 24, 0 %, 2 MiB, 1, 16
2026/04/26 12:27:14.447, 1, P8, 22 MHz, 405 MHz, 24.36 W, 24, 0 %, 2 MiB, 1, 16
2026/04/26 12:27:14.448, 2, P8, 22 MHz, 405 MHz, 19.45 W, 24, 0 %, 2 MiB, 1, 16
2026/04/26 12:27:14.448, 3, P8, 22 MHz, 405 MHz, 16.38 W, 24, 0 %, 2 MiB, 1, 16
2026/04/26 12:27:14.448, 4, P8, 22 MHz, 405 MHz, 25.39 W, 23, 0 %, 2 MiB, 1, 16
2026/04/26 12:27:14.448, 5, P8, 22 MHz, 405 MHz, 8.32 W, 23, 0 %, 2 MiB, 1, 16
2026/04/26 12:27:14.448, 6, P8, 22 MHz, 405 MHz, 18.12 W, 24, 0 %, 2 MiB, 1, 16
2026/04/26 12:27:14.448, 7, P8, 22 MHz, 405 MHz, 14.46 W, 24, 0 %, 2 MiB, 1, 16
2026/04/26 12:27:15.448, 0, P8, 22 MHz, 405 MHz, 38.46 W, 24, 0 %, 2 MiB, 1, 16
2026/04/26 12:27:15.448, 1, P8, 22 MHz, 405 MHz, 24.42 W, 24, 0 %, 2 MiB, 1, 16
2026/04/26 12:27:15.448, 2, P8, 22 MHz, 405 MHz, 19.37 W, 24, 0 %, 2 MiB, 1, 16
2026/04/26 12:27:15.448, 3, P8, 22 MHz, 405 MHz, 16.46 W, 24, 0 %, 2 MiB, 1, 16
2026/04/26 12:27:15.448, 4, P8, 22 MHz, 405 MHz, 26.43 W, 23, 0 %, 2 MiB, 1, 16
2026/04/26 12:27:15.448, 5, P8, 22 MHz, 405 MHz, 8.32 W, 23, 0 %, 2 MiB, 1, 16
2026/04/26 12:27:15.449, 6, P8, 22 MHz, 405 MHz, 18.18 W, 24, 0 %, 2 MiB, 1, 16
2026/04/26 12:27:15.449, 7, P8, 22 MHz, 405 MHz, 14.64 W, 24, 0 %, 2 MiB, 1, 16
2026/04/26 12:27:16.449, 0, P8, 22 MHz, 405 MHz, 38.62 W, 24, 0 %, 2 MiB, 1, 16
2026/04/26 12:27:16.449, 1, P8, 22 MHz, 405 MHz, 24.49 W, 24, 0 %, 2 MiB, 1, 16
2026/04/26 12:27:16.449, 2, P8, 22 MHz, 405 MHz, 19.38 W, 24, 0 %, 2 MiB, 1, 16
2026/04/26 12:27:16.449, 3, P8, 22 MHz, 405 MHz, 16.38 W, 24, 0 %, 2 MiB, 1, 16
2026/04/26 12:27:16.449, 4, P8, 22 MHz, 405 MHz, 26.55 W, 23, 0 %, 2 MiB, 1, 16
2026/04/26 12:27:16.449, 5, P8, 22 MHz, 405 MHz, 8.12 W, 23, 0 %, 2 MiB, 1, 16
2026/04/26 12:27:16.449, 6, P8, 22 MHz, 405 MHz, 17.97 W, 24, 0 %, 2 MiB, 1, 16
2026/04/26 12:27:16.449, 7, P8, 22 MHz, 405 MHz, 14.58 W, 24, 0 %, 2 MiB, 1, 16
2026/04/26 12:27:17.450, 0, P8, 22 MHz, 405 MHz, 38.51 W, 24, 0 %, 2 MiB, 1, 16
2026/04/26 12:27:17.450, 1, P8, 22 MHz, 405 MHz, 24.49 W, 24, 0 %, 2 MiB, 1, 16
2026/04/26 12:27:17.450, 2, P8, 22 MHz, 405 MHz, 19.38 W, 24, 0 %, 2 MiB, 1, 16
2026/04/26 12:27:17.450, 3, P8, 22 MHz, 405 MHz, 16.24 W, 24, 0 %, 2 MiB, 1, 16
2026/04/26 12:27:17.450, 4, P8, 22 MHz, 405 MHz, 26.12 W, 23, 0 %, 2 MiB, 1, 16
2026/04/26 12:27:17.450, 5, P8, 22 MHz, 405 MHz, 8.14 W, 23, 0 %, 2 MiB, 1, 16
2026/04/26 12:27:17.450, 6, P8, 22 MHz, 405 MHz, 17.81 W, 24, 0 %, 2 MiB, 1, 16
2026/04/26 12:27:17.450, 7, P8, 22 MHz, 405 MHz, 14.48 W, 24, 0 %, 2 MiB, 1, 16
2026/04/26 12:27:18.450, 0, P8, 22 MHz, 405 MHz, 38.55 W, 24, 0 %, 2 MiB, 1, 16
2026/04/26 12:27:18.450, 1, P8, 22 MHz, 405 MHz, 24.58 W, 24, 0 %, 2 MiB, 1, 16
2026/04/26 12:27:18.451, 2, P8, 22 MHz, 405 MHz, 19.43 W, 24, 0 %, 2 MiB, 1, 16
2026/04/26 12:27:18.451, 3, P8, 22 MHz, 405 MHz, 16.27 W, 24, 0 %, 2 MiB, 1, 16
2026/04/26 12:27:18.451, 4, P8, 22 MHz, 405 MHz, 25.95 W, 23, 0 %, 2 MiB, 1, 16
2026/04/26 12:27:18.452, 5, P8, 22 MHz, 405 MHz, 8.30 W, 23, 0 %, 2 MiB, 1, 16
2026/04/26 12:27:18.452, 6, P8, 22 MHz, 405 MHz, 17.64 W, 24, 0 %, 2 MiB, 1, 16
2026/04/26 12:27:18.452, 7, P8, 22 MHz, 405 MHz, 14.31 W, 24, 0 %, 2 MiB, 1, 16
2026/04/26 12:27:19.453, 0, P8, 22 MHz, 405 MHz, 38.57 W, 24, 0 %, 2 MiB, 1, 16
2026/04/26 12:27:19.453, 1, P8, 22 MHz, 405 MHz, 24.69 W, 24, 0 %, 2 MiB, 1, 16
2026/04/26 12:27:19.453, 2, P8, 22 MHz, 405 MHz, 19.41 W, 24, 0 %, 2 MiB, 1, 16
2026/04/26 12:27:19.453, 3, P8, 22 MHz, 405 MHz, 16.41 W, 24, 0 %, 2 MiB, 1, 16
2026/04/26 12:27:19.453, 4, P8, 22 MHz, 405 MHz, 26.15 W, 23, 0 %, 2 MiB, 1, 16
2026/04/26 12:27:19.453, 5, P8, 22 MHz, 405 MHz, 8.48 W, 23, 0 %, 2 MiB, 1, 16
2026/04/26 12:27:19.453, 6, P8, 22 MHz, 405 MHz, 17.95 W, 24, 0 %, 2 MiB, 1, 16
2026/04/26 12:27:19.453, 7, P8, 21 MHz, 405 MHz, 14.54 W, 24, 0 %, 2 MiB, 1, 16
2026/04/26 12:27:20.454, 0, P8, 22 MHz, 405 MHz, 38.50 W, 24, 0 %, 2 MiB, 1, 16
2026/04/26 12:27:20.454, 1, P8, 22 MHz, 405 MHz, 25.07 W, 24, 0 %, 2 MiB, 1, 16
2026/04/26 12:27:20.454, 2, P8, 22 MHz, 405 MHz, 18.89 W, 24, 0 %, 2 MiB, 1, 16
2026/04/26 12:27:20.454, 3, P8, 22 MHz, 405 MHz, 16.30 W, 24, 0 %, 2 MiB, 1, 16
2026/04/26 12:27:20.454, 4, P8, 22 MHz, 405 MHz, 26.50 W, 23, 0 %, 2 MiB, 1, 16
2026/04/26 12:27:20.454, 5, P8, 22 MHz, 405 MHz, 8.86 W, 23, 0 %, 2 MiB, 1, 16
2026/04/26 12:27:20.454, 6, P8, 22 MHz, 405 MHz, 18.30 W, 24, 0 %, 2 MiB, 1, 16
2026/04/26 12:27:20.454, 7, P8, 22 MHz, 405 MHz, 14.47 W, 24, 0 %, 2 MiB, 1, 16
2026/04/26 12:27:21.454, 0, P8, 22 MHz, 405 MHz, 38.56 W, 24, 0 %, 2 MiB, 1, 16
2026/04/26 12:27:21.455, 1, P8, 22 MHz, 405 MHz, 24.85 W, 24, 0 %, 2 MiB, 1, 16
2026/04/26 12:27:21.455, 2, P8, 22 MHz, 405 MHz, 19.03 W, 24, 0 %, 2 MiB, 1, 16
2026/04/26 12:27:21.455, 3, P8, 22 MHz, 405 MHz, 16.47 W, 24, 0 %, 2 MiB, 1, 16
2026/04/26 12:27:21.455, 4, P8, 22 MHz, 405 MHz, 26.30 W, 23, 0 %, 2 MiB, 1, 16
2026/04/26 12:27:21.455, 5, P8, 22 MHz, 405 MHz, 8.36 W, 23, 0 %, 2 MiB, 1, 16
2026/04/26 12:27:21.455, 6, P8, 22 MHz, 405 MHz, 17.41 W, 24, 0 %, 2 MiB, 1, 16
2026/04/26 12:27:21.455, 7, P8, 22 MHz, 405 MHz, 14.45 W, 24, 0 %, 2 MiB, 1, 16
2026/04/26 12:27:22.455, 0, P8, 22 MHz, 405 MHz, 38.77 W, 24, 0 %, 2 MiB, 1, 16
2026/04/26 12:27:22.455, 1, P8, 22 MHz, 405 MHz, 24.60 W, 24, 0 %, 2 MiB, 1, 16
2026/04/26 12:27:22.455, 2, P8, 22 MHz, 405 MHz, 19.15 W, 24, 0 %, 2 MiB, 1, 16
2026/04/26 12:27:22.455, 3, P8, 22 MHz, 405 MHz, 16.37 W, 24, 0 %, 2 MiB, 1, 16
2026/04/26 12:27:22.456, 4, P8, 22 MHz, 405 MHz, 26.03 W, 23, 0 %, 2 MiB, 1, 16
2026/04/26 12:27:22.456, 5, P8, 22 MHz, 405 MHz, 8.36 W, 23, 0 %, 2 MiB, 1, 16
2026/04/26 12:27:22.456, 6, P8, 22 MHz, 405 MHz, 17.45 W, 24, 0 %, 2 MiB, 1, 16
2026/04/26 12:27:22.456, 7, P8, 22 MHz, 405 MHz, 14.54 W, 24, 0 %, 2 MiB, 1, 16
2026/04/26 12:27:23.456, 0, P8, 22 MHz, 405 MHz, 38.04 W, 24, 0 %, 2 MiB, 1, 16
2026/04/26 12:27:23.456, 1, P8, 22 MHz, 405 MHz, 24.69 W, 24, 0 %, 2 MiB, 1, 16
2026/04/26 12:27:23.456, 2, P8, 22 MHz, 405 MHz, 19.15 W, 24, 0 %, 2 MiB, 1, 16
2026/04/26 12:27:23.456, 3, P8, 22 MHz, 405 MHz, 16.33 W, 24, 0 %, 2 MiB, 1, 16
2026/04/26 12:27:23.456, 4, P8, 22 MHz, 405 MHz, 25.84 W, 23, 0 %, 2 MiB, 1, 16
2026/04/26 12:27:23.456, 5, P8, 22 MHz, 405 MHz, 8.39 W, 23, 0 %, 2 MiB, 1, 16
2026/04/26 12:27:23.456, 6, P8, 22 MHz, 405 MHz, 17.94 W, 24, 0 %, 2 MiB, 1, 16
2026/04/26 12:27:23.457, 7, P8, 22 MHz, 405 MHz, 14.68 W, 24, 0 %, 2 MiB, 1, 16
2026/04/26 12:27:24.457, 0, P8, 22 MHz, 405 MHz, 38.22 W, 24, 0 %, 2 MiB, 1, 16
2026/04/26 12:27:24.457, 1, P8, 22 MHz, 405 MHz, 24.92 W, 24, 0 %, 2 MiB, 1, 16
2026/04/26 12:27:24.457, 2, P8, 22 MHz, 405 MHz, 19.21 W, 24, 0 %, 2 MiB, 1, 16
2026/04/26 12:27:24.457, 3, P8, 22 MHz, 405 MHz, 16.36 W, 24, 0 %, 2 MiB, 1, 16
2026/04/26 12:27:24.457, 4, P8, 22 MHz, 405 MHz, 25.85 W, 23, 0 %, 2 MiB, 1, 16
2026/04/26 12:27:24.457, 5, P8, 22 MHz, 405 MHz, 8.40 W, 23, 0 %, 2 MiB, 1, 16
2026/04/26 12:27:24.457, 6, P8, 22 MHz, 405 MHz, 17.61 W, 24, 0 %, 2 MiB, 1, 16
2026/04/26 12:27:24.457, 7, P8, 22 MHz, 405 MHz, 14.43 W, 24, 0 %, 2 MiB, 1, 16
2026/04/26 12:27:25.458, 0, P8, 22 MHz, 405 MHz, 38.34 W, 24, 0 %, 2 MiB, 1, 16
2026/04/26 12:27:25.458, 1, P8, 22 MHz, 405 MHz, 25.13 W, 24, 0 %, 2 MiB, 1, 16
2026/04/26 12:27:25.458, 2, P8, 22 MHz, 405 MHz, 19.24 W, 24, 0 %, 2 MiB, 1, 16
2026/04/26 12:27:25.458, 3, P8, 22 MHz, 405 MHz, 16.28 W, 24, 0 %, 2 MiB, 1, 16
2026/04/26 12:27:25.458, 4, P8, 22 MHz, 405 MHz, 25.72 W, 23, 0 %, 2 MiB, 1, 16
2026/04/26 12:27:25.458, 5, P8, 22 MHz, 405 MHz, 8.39 W, 23, 0 %, 2 MiB, 1, 16
2026/04/26 12:27:25.458, 6, P8, 22 MHz, 405 MHz, 17.79 W, 24, 0 %, 2 MiB, 1, 16
2026/04/26 12:27:25.458, 7, P8, 22 MHz, 405 MHz, 14.61 W, 24, 0 %, 2 MiB, 1, 16
2026/04/26 12:27:26.458, 0, P8, 22 MHz, 405 MHz, 38.29 W, 24, 0 %, 2 MiB, 1, 16
2026/04/26 12:27:26.458, 1, P8, 22 MHz, 405 MHz, 24.99 W, 24, 0 %, 2 MiB, 1, 16
2026/04/26 12:27:26.459, 2, P8, 22 MHz, 405 MHz, 19.25 W, 24, 0 %, 2 MiB, 1, 16
2026/04/26 12:27:26.459, 3, P8, 22 MHz, 405 MHz, 16.23 W, 24, 0 %, 2 MiB, 1, 16
2026/04/26 12:27:26.459, 4, P8, 22 MHz, 405 MHz, 26.17 W, 23, 0 %, 2 MiB, 1, 16
2026/04/26 12:27:26.459, 5, P8, 22 MHz, 405 MHz, 8.32 W, 23, 0 %, 2 MiB, 1, 16
2026/04/26 12:27:26.459, 6, P8, 22 MHz, 405 MHz, 18.02 W, 24, 0 %, 2 MiB, 1, 16
2026/04/26 12:27:26.459, 7, P8, 21 MHz, 405 MHz, 14.73 W, 24, 0 %, 2 MiB, 1, 16
2026/04/26 12:27:27.459, 0, P8, 22 MHz, 405 MHz, 38.33 W, 24, 0 %, 2 MiB, 1, 16
2026/04/26 12:27:27.459, 1, P8, 22 MHz, 405 MHz, 24.86 W, 24, 0 %, 2 MiB, 1, 16
2026/04/26 12:27:27.459, 2, P8, 22 MHz, 405 MHz, 19.22 W, 24, 0 %, 2 MiB, 1, 16
2026/04/26 12:27:27.459, 3, P8, 22 MHz, 405 MHz, 16.30 W, 24, 0 %, 2 MiB, 1, 16
2026/04/26 12:27:27.459, 4, P8, 22 MHz, 405 MHz, 25.70 W, 23, 0 %, 2 MiB, 1, 16
2026/04/26 12:27:27.459, 5, P8, 22 MHz, 405 MHz, 7.88 W, 23, 0 %, 2 MiB, 1, 16
2026/04/26 12:27:27.459, 6, P8, 22 MHz, 405 MHz, 17.71 W, 24, 0 %, 2 MiB, 1, 16
2026/04/26 12:27:27.460, 7, P8, 22 MHz, 405 MHz, 14.60 W, 24, 0 %, 2 MiB, 1, 16
2026/04/26 12:27:28.460, 0, P8, 22 MHz, 405 MHz, 38.49 W, 24, 0 %, 2 MiB, 1, 16
2026/04/26 12:27:28.460, 1, P8, 22 MHz, 405 MHz, 24.85 W, 24, 0 %, 2 MiB, 1, 16
2026/04/26 12:27:28.460, 2, P8, 22 MHz, 405 MHz, 19.15 W, 24, 0 %, 2 MiB, 1, 16
2026/04/26 12:27:28.460, 3, P8, 22 MHz, 405 MHz, 16.56 W, 24, 0 %, 2 MiB, 1, 16
2026/04/26 12:27:28.460, 4, P8, 22 MHz, 405 MHz, 26.18 W, 23, 0 %, 2 MiB, 1, 16
2026/04/26 12:27:28.460, 5, P8, 22 MHz, 405 MHz, 7.97 W, 23, 0 %, 2 MiB, 1, 16
2026/04/26 12:27:28.460, 6, P8, 22 MHz, 405 MHz, 17.72 W, 24, 0 %, 2 MiB, 1, 16
2026/04/26 12:27:28.460, 7, P8, 22 MHz, 405 MHz, 14.73 W, 24, 0 %, 2 MiB, 1, 16
2026/04/26 12:27:29.460, 0, P8, 21 MHz, 405 MHz, 38.63 W, 24, 0 %, 2 MiB, 1, 16
2026/04/26 12:27:29.460, 1, P8, 22 MHz, 405 MHz, 24.72 W, 24, 0 %, 2 MiB, 1, 16
2026/04/26 12:27:29.460, 2, P8, 22 MHz, 405 MHz, 19.49 W, 24, 0 %, 2 MiB, 1, 16
2026/04/26 12:27:29.460, 3, P8, 22 MHz, 405 MHz, 16.55 W, 24, 0 %, 2 MiB, 1, 16
2026/04/26 12:27:29.461, 4, P8, 22 MHz, 405 MHz, 26.07 W, 23, 0 %, 2 MiB, 1, 16
2026/04/26 12:27:29.461, 5, P8, 22 MHz, 405 MHz, 8.09 W, 23, 0 %, 2 MiB, 1, 16
2026/04/26 12:27:29.461, 6, P8, 21 MHz, 405 MHz, 17.68 W, 24, 0 %, 2 MiB, 1, 16
2026/04/26 12:27:29.461, 7, P8, 22 MHz, 405 MHz, 14.72 W, 24, 0 %, 2 MiB, 1, 16
2026/04/26 12:27:30.461, 0, P8, 22 MHz, 405 MHz, 38.16 W, 24, 0 %, 2 MiB, 1, 16
2026/04/26 12:27:30.461, 1, P8, 21 MHz, 405 MHz, 24.70 W, 24, 0 %, 2 MiB, 1, 16
2026/04/26 12:27:30.461, 2, P8, 22 MHz, 405 MHz, 19.04 W, 24, 0 %, 2 MiB, 1, 16
2026/04/26 12:27:30.461, 3, P8, 22 MHz, 405 MHz, 16.74 W, 24, 0 %, 2 MiB, 1, 16
2026/04/26 12:27:30.461, 4, P8, 22 MHz, 405 MHz, 26.06 W, 23, 0 %, 2 MiB, 1, 16
2026/04/26 12:27:30.461, 5, P8, 22 MHz, 405 MHz, 8.35 W, 23, 0 %, 2 MiB, 1, 16
2026/04/26 12:27:30.461, 6, P8, 22 MHz, 405 MHz, 17.59 W, 24, 0 %, 2 MiB, 1, 16
2026/04/26 12:27:30.461, 7, P8, 22 MHz, 405 MHz, 14.71 W, 24, 0 %, 2 MiB, 1, 16
2026/04/26 12:27:31.462, 0, P8, 22 MHz, 405 MHz, 38.25 W, 24, 0 %, 2 MiB, 1, 16
2026/04/26 12:27:31.462, 1, P8, 22 MHz, 405 MHz, 24.45 W, 24, 0 %, 2 MiB, 1, 16
2026/04/26 12:27:31.462, 2, P8, 22 MHz, 405 MHz, 19.22 W, 24, 0 %, 2 MiB, 1, 16
2026/04/26 12:27:31.462, 3, P8, 22 MHz, 405 MHz, 16.71 W, 24, 0 %, 2 MiB, 1, 16
2026/04/26 12:27:31.462, 4, P8, 22 MHz, 405 MHz, 25.93 W, 23, 0 %, 2 MiB, 1, 16
2026/04/26 12:27:31.462, 5, P8, 22 MHz, 405 MHz, 8.38 W, 23, 0 %, 2 MiB, 1, 16
2026/04/26 12:27:31.462, 6, P8, 22 MHz, 405 MHz, 17.84 W, 24, 0 %, 2 MiB, 1, 16
2026/04/26 12:27:31.462, 7, P8, 22 MHz, 405 MHz, 14.94 W, 24, 0 %, 2 MiB, 1, 16
2026/04/26 12:27:32.462, 0, P8, 22 MHz, 405 MHz, 38.45 W, 24, 0 %, 2 MiB, 1, 16
2026/04/26 12:27:32.462, 1, P8, 22 MHz, 405 MHz, 24.30 W, 24, 0 %, 2 MiB, 1, 16
2026/04/26 12:27:32.463, 2, P8, 22 MHz, 405 MHz, 19.27 W, 24, 0 %, 2 MiB, 1, 16
2026/04/26 12:27:32.463, 3, P8, 22 MHz, 405 MHz, 16.52 W, 24, 0 %, 2 MiB, 1, 16
2026/04/26 12:27:32.463, 4, P8, 22 MHz, 405 MHz, 25.69 W, 23, 0 %, 2 MiB, 1, 16
2026/04/26 12:27:32.463, 5, P8, 21 MHz, 405 MHz, 8.22 W, 23, 0 %, 2 MiB, 1, 16
2026/04/26 12:27:32.463, 6, P8, 22 MHz, 405 MHz, 17.80 W, 24, 0 %, 2 MiB, 1, 16
2026/04/26 12:27:32.463, 7, P8, 22 MHz, 405 MHz, 15.03 W, 24, 0 %, 2 MiB, 1, 16
2026/04/26 12:27:33.463, 0, P8, 22 MHz, 405 MHz, 38.10 W, 24, 0 %, 2 MiB, 1, 16
2026/04/26 12:27:33.463, 1, P8, 22 MHz, 405 MHz, 24.45 W, 24, 0 %, 2 MiB, 1, 16
2026/04/26 12:27:33.463, 2, P8, 22 MHz, 405 MHz, 19.09 W, 24, 0 %, 2 MiB, 1, 16
2026/04/26 12:27:33.463, 3, P8, 22 MHz, 405 MHz, 16.75 W, 24, 0 %, 2 MiB, 1, 16
2026/04/26 12:27:33.463, 4, P8, 22 MHz, 405 MHz, 25.31 W, 23, 0 %, 2 MiB, 1, 16
2026/04/26 12:27:33.463, 5, P8, 22 MHz, 405 MHz, 7.97 W, 23, 0 %, 2 MiB, 1, 16
2026/04/26 12:27:33.463, 6, P8, 22 MHz, 405 MHz, 17.69 W, 24, 0 %, 2 MiB, 1, 16
2026/04/26 12:27:33.463, 7, P8, 21 MHz, 405 MHz, 15.04 W, 24, 0 %, 2 MiB, 1, 16
2026/04/26 12:27:34.464, 0, P8, 22 MHz, 405 MHz, 38.26 W, 24, 0 %, 2 MiB, 1, 16
2026/04/26 12:27:34.464, 1, P8, 22 MHz, 405 MHz, 24.28 W, 24, 0 %, 2 MiB, 1, 16
2026/04/26 12:27:34.464, 2, P8, 22 MHz, 405 MHz, 18.83 W, 24, 0 %, 2 MiB, 1, 16
2026/04/26 12:27:34.464, 3, P8, 22 MHz, 405 MHz, 16.71 W, 24, 0 %, 2 MiB, 1, 16
2026/04/26 12:27:34.464, 4, P8, 21 MHz, 405 MHz, 25.72 W, 23, 0 %, 2 MiB, 1, 16
2026/04/26 12:27:34.464, 5, P8, 22 MHz, 405 MHz, 7.99 W, 23, 0 %, 2 MiB, 1, 16
2026/04/26 12:27:34.464, 6, P8, 22 MHz, 405 MHz, 17.62 W, 24, 0 %, 2 MiB, 1, 16
2026/04/26 12:27:34.464, 7, P8, 22 MHz, 405 MHz, 14.98 W, 24, 0 %, 2 MiB, 1, 16
2026/04/26 12:27:35.464, 0, P8, 22 MHz, 405 MHz, 38.30 W, 24, 0 %, 2 MiB, 1, 16
2026/04/26 12:27:35.464, 1, P8, 22 MHz, 405 MHz, 24.37 W, 24, 0 %, 2 MiB, 1, 16
2026/04/26 12:27:35.465, 2, P8, 22 MHz, 405 MHz, 19.03 W, 24, 0 %, 2 MiB, 1, 16
2026/04/26 12:27:35.465, 3, P8, 22 MHz, 405 MHz, 16.69 W, 24, 0 %, 2 MiB, 1, 16
2026/04/26 12:27:35.465, 4, P8, 22 MHz, 405 MHz, 26.50 W, 23, 0 %, 2 MiB, 1, 16
2026/04/26 12:27:35.465, 5, P8, 22 MHz, 405 MHz, 8.00 W, 23, 0 %, 2 MiB, 1, 16
2026/04/26 12:27:35.465, 6, P8, 22 MHz, 405 MHz, 17.87 W, 24, 0 %, 2 MiB, 1, 16
2026/04/26 12:27:35.465, 7, P8, 22 MHz, 405 MHz, 15.06 W, 24, 0 %, 2 MiB, 1, 16
2026/04/26 12:27:36.465, 0, P8, 21 MHz, 405 MHz, 38.29 W, 24, 0 %, 2 MiB, 1, 16
2026/04/26 12:27:36.465, 1, P8, 22 MHz, 405 MHz, 24.40 W, 24, 0 %, 2 MiB, 1, 16
2026/04/26 12:27:36.465, 2, P8, 22 MHz, 405 MHz, 19.00 W, 24, 0 %, 2 MiB, 1, 16
2026/04/26 12:27:36.465, 3, P8, 22 MHz, 405 MHz, 16.77 W, 24, 0 %, 2 MiB, 1, 16
2026/04/26 12:27:36.465, 4, P8, 22 MHz, 405 MHz, 26.80 W, 23, 0 %, 2 MiB, 1, 16
2026/04/26 12:27:36.465, 5, P8, 22 MHz, 405 MHz, 8.03 W, 23, 0 %, 2 MiB, 1, 16
2026/04/26 12:27:36.466, 6, P8, 22 MHz, 405 MHz, 17.82 W, 24, 0 %, 2 MiB, 1, 16
2026/04/26 12:27:36.466, 7, P8, 22 MHz, 405 MHz, 14.88 W, 24, 0 %, 2 MiB, 1, 16
2026/04/26 12:27:37.466, 0, P8, 22 MHz, 405 MHz, 38.33 W, 24, 0 %, 2 MiB, 1, 16
2026/04/26 12:27:37.466, 1, P8, 22 MHz, 405 MHz, 24.49 W, 24, 0 %, 2 MiB, 1, 16
2026/04/26 12:27:37.466, 2, P8, 22 MHz, 405 MHz, 19.12 W, 24, 0 %, 2 MiB, 1, 16
2026/04/26 12:27:37.466, 3, P8, 22 MHz, 405 MHz, 16.43 W, 24, 0 %, 2 MiB, 1, 16
2026/04/26 12:27:37.466, 4, P8, 22 MHz, 405 MHz, 27.02 W, 23, 0 %, 2 MiB, 1, 16
2026/04/26 12:27:37.466, 5, P8, 22 MHz, 405 MHz, 7.91 W, 23, 0 %, 2 MiB, 1, 16
2026/04/26 12:27:37.466, 6, P8, 22 MHz, 405 MHz, 17.40 W, 24, 0 %, 2 MiB, 1, 16
2026/04/26 12:27:37.466, 7, P8, 22 MHz, 405 MHz, 14.31 W, 24, 0 %, 2 MiB, 1, 16
2026/04/26 12:27:38.466, 0, P8, 22 MHz, 405 MHz, 38.29 W, 24, 0 %, 2 MiB, 1, 16
2026/04/26 12:27:38.467, 1, P8, 22 MHz, 405 MHz, 24.59 W, 24, 0 %, 2 MiB, 1, 16
2026/04/26 12:27:38.467, 2, P8, 22 MHz, 405 MHz, 18.78 W, 24, 0 %, 2 MiB, 1, 16
2026/04/26 12:27:38.467, 3, P8, 22 MHz, 405 MHz, 16.70 W, 24, 0 %, 2 MiB, 1, 16
2026/04/26 12:27:38.467, 4, P8, 22 MHz, 405 MHz, 26.93 W, 23, 0 %, 2 MiB, 1, 16
2026/04/26 12:27:38.467, 5, P8, 22 MHz, 405 MHz, 8.06 W, 23, 0 %, 2 MiB, 1, 16
2026/04/26 12:27:38.467, 6, P8, 22 MHz, 405 MHz, 17.47 W, 24, 0 %, 2 MiB, 1, 16
2026/04/26 12:27:38.467, 7, P8, 22 MHz, 405 MHz, 14.67 W, 24, 0 %, 2 MiB, 1, 16
2026/04/26 12:27:39.467, 0, P8, 22 MHz, 405 MHz, 38.41 W, 24, 0 %, 2 MiB, 1, 16
2026/04/26 12:27:39.467, 1, P8, 22 MHz, 405 MHz, 24.59 W, 24, 0 %, 2 MiB, 1, 16
2026/04/26 12:27:39.467, 2, P8, 22 MHz, 405 MHz, 18.85 W, 24, 0 %, 2 MiB, 1, 16
2026/04/26 12:27:39.467, 3, P8, 22 MHz, 405 MHz, 16.73 W, 24, 0 %, 2 MiB, 1, 16
2026/04/26 12:27:39.467, 4, P8, 22 MHz, 405 MHz, 26.63 W, 23, 0 %, 2 MiB, 1, 16
2026/04/26 12:27:39.467, 5, P8, 22 MHz, 405 MHz, 8.28 W, 23, 0 %, 2 MiB, 1, 16
2026/04/26 12:27:39.468, 6, P8, 22 MHz, 405 MHz, 17.64 W, 24, 0 %, 2 MiB, 1, 16
2026/04/26 12:27:39.468, 7, P8, 22 MHz, 405 MHz, 14.73 W, 24, 0 %, 2 MiB, 1, 16
2026/04/26 12:27:40.468, 0, P8, 22 MHz, 405 MHz, 38.37 W, 24, 0 %, 2 MiB, 1, 16
2026/04/26 12:27:40.468, 1, P8, 22 MHz, 405 MHz, 24.53 W, 24, 0 %, 2 MiB, 1, 16
2026/04/26 12:27:40.468, 2, P8, 22 MHz, 405 MHz, 19.03 W, 24, 0 %, 2 MiB, 1, 16
2026/04/26 12:27:40.468, 3, P8, 22 MHz, 405 MHz, 16.67 W, 24, 0 %, 2 MiB, 1, 16
2026/04/26 12:27:40.468, 4, P8, 22 MHz, 405 MHz, 25.89 W, 23, 0 %, 2 MiB, 1, 16
2026/04/26 12:27:40.468, 5, P8, 22 MHz, 405 MHz, 8.11 W, 23, 0 %, 2 MiB, 1, 16
2026/04/26 12:27:40.468, 6, P8, 22 MHz, 405 MHz, 17.19 W, 24, 0 %, 2 MiB, 1, 16
2026/04/26 12:27:40.468, 7, P8, 22 MHz, 405 MHz, 14.63 W, 24, 0 %, 2 MiB, 1, 16
2026/04/26 12:27:41.468, 0, P8, 22 MHz, 405 MHz, 38.34 W, 24, 0 %, 2 MiB, 1, 16
2026/04/26 12:27:41.469, 1, P8, 22 MHz, 405 MHz, 24.66 W, 24, 0 %, 2 MiB, 1, 16
2026/04/26 12:27:41.469, 2, P8, 22 MHz, 405 MHz, 19.10 W, 24, 0 %, 2 MiB, 1, 16
2026/04/26 12:27:41.469, 3, P8, 22 MHz, 405 MHz, 16.32 W, 24, 0 %, 2 MiB, 1, 16
2026/04/26 12:27:41.469, 4, P8, 22 MHz, 405 MHz, 25.78 W, 23, 0 %, 2 MiB, 1, 16
2026/04/26 12:27:41.469, 5, P8, 22 MHz, 405 MHz, 8.27 W, 23, 0 %, 2 MiB, 1, 16
2026/04/26 12:27:41.469, 6, P8, 22 MHz, 405 MHz, 17.27 W, 24, 0 %, 2 MiB, 1, 16
2026/04/26 12:27:41.469, 7, P8, 22 MHz, 405 MHz, 14.82 W, 24, 0 %, 2 MiB, 1, 16
2026/04/26 12:27:42.469, 0, P8, 22 MHz, 405 MHz, 38.37 W, 24, 0 %, 2 MiB, 1, 16
2026/04/26 12:27:42.469, 1, P8, 22 MHz, 405 MHz, 24.73 W, 24, 0 %, 2 MiB, 1, 16
2026/04/26 12:27:42.469, 2, P8, 22 MHz, 405 MHz, 19.05 W, 24, 0 %, 2 MiB, 1, 16
2026/04/26 12:27:42.469, 3, P8, 22 MHz, 405 MHz, 16.61 W, 24, 0 %, 2 MiB, 1, 16
2026/04/26 12:27:42.469, 4, P8, 22 MHz, 405 MHz, 26.15 W, 23, 0 %, 2 MiB, 1, 16
2026/04/26 12:27:42.470, 5, P8, 22 MHz, 405 MHz, 8.22 W, 23, 0 %, 2 MiB, 1, 16
2026/04/26 12:27:42.470, 6, P8, 22 MHz, 405 MHz, 17.90 W, 24, 0 %, 2 MiB, 1, 16
2026/04/26 12:27:42.470, 7, P8, 22 MHz, 405 MHz, 14.42 W, 24, 0 %, 2 MiB, 1, 16
2026/04/26 12:27:43.470, 0, P8, 22 MHz, 405 MHz, 38.47 W, 24, 0 %, 2 MiB, 1, 16
2026/04/26 12:27:43.470, 1, P8, 22 MHz, 405 MHz, 24.55 W, 24, 0 %, 2 MiB, 1, 16
2026/04/26 12:27:43.470, 2, P8, 22 MHz, 405 MHz, 19.10 W, 24, 0 %, 2 MiB, 1, 16
2026/04/26 12:27:43.470, 3, P8, 22 MHz, 405 MHz, 16.86 W, 24, 0 %, 2 MiB, 1, 16
2026/04/26 12:27:43.470, 4, P8, 22 MHz, 405 MHz, 25.35 W, 23, 0 %, 2 MiB, 1, 16
2026/04/26 12:27:43.470, 5, P8, 22 MHz, 405 MHz, 8.14 W, 23, 0 %, 2 MiB, 1, 16
2026/04/26 12:27:43.470, 6, P8, 21 MHz, 405 MHz, 17.60 W, 24, 0 %, 2 MiB, 1, 16
2026/04/26 12:27:43.470, 7, P8, 22 MHz, 405 MHz, 14.41 W, 24, 0 %, 2 MiB, 1, 16
2026/04/26 12:27:44.470, 0, P8, 22 MHz, 405 MHz, 38.23 W, 24, 0 %, 2 MiB, 1, 16
2026/04/26 12:27:44.470, 1, P8, 21 MHz, 405 MHz, 24.41 W, 24, 0 %, 2 MiB, 1, 16
2026/04/26 12:27:44.471, 2, P8, 22 MHz, 405 MHz, 19.15 W, 24, 0 %, 2 MiB, 1, 16
2026/04/26 12:27:44.471, 3, P8, 22 MHz, 405 MHz, 17.22 W, 24, 0 %, 2 MiB, 1, 16
2026/04/26 12:27:44.475, 4, P8, 22 MHz, 405 MHz, 24.31 W, 23, 0 %, 2 MiB, 1, 16
2026/04/26 12:27:44.475, 5, P8, 22 MHz, 405 MHz, 7.92 W, 23, 0 %, 2 MiB, 1, 16
2026/04/26 12:27:44.475, 6, P8, 22 MHz, 405 MHz, 16.72 W, 24, 0 %, 2 MiB, 1, 16
2026/04/26 12:27:44.475, 7, P8, 22 MHz, 405 MHz, 14.43 W, 24, 0 %, 2 MiB, 1, 16
2026/04/26 12:27:45.476, 0, P8, 22 MHz, 405 MHz, 38.37 W, 24, 0 %, 2 MiB, 1, 16
2026/04/26 12:27:45.476, 1, P8, 22 MHz, 405 MHz, 24.44 W, 24, 0 %, 2 MiB, 1, 16
2026/04/26 12:27:45.476, 2, P8, 22 MHz, 405 MHz, 19.25 W, 24, 0 %, 2 MiB, 1, 16
2026/04/26 12:27:45.476, 3, P8, 22 MHz, 405 MHz, 16.96 W, 24, 0 %, 2 MiB, 1, 16
2026/04/26 12:27:45.476, 4, P8, 22 MHz, 405 MHz, 24.98 W, 23, 0 %, 2 MiB, 1, 16
2026/04/26 12:27:45.476, 5, P8, 22 MHz, 405 MHz, 7.84 W, 23, 0 %, 2 MiB, 1, 16
2026/04/26 12:27:45.476, 6, P8, 22 MHz, 405 MHz, 17.14 W, 24, 0 %, 2 MiB, 1, 16
2026/04/26 12:27:45.476, 7, P8, 22 MHz, 405 MHz, 14.27 W, 24, 0 %, 2 MiB, 1, 16
2026/04/26 12:27:46.476, 0, P8, 22 MHz, 405 MHz, 38.46 W, 24, 0 %, 2 MiB, 1, 16
2026/04/26 12:27:46.476, 1, P8, 22 MHz, 405 MHz, 24.46 W, 24, 0 %, 2 MiB, 1, 16
2026/04/26 12:27:46.477, 2, P8, 22 MHz, 405 MHz, 19.19 W, 24, 0 %, 2 MiB, 1, 16
2026/04/26 12:27:46.477, 3, P8, 22 MHz, 405 MHz, 16.83 W, 24, 0 %, 2 MiB, 1, 16
2026/04/26 12:27:46.477, 4, P8, 22 MHz, 405 MHz, 26.21 W, 22, 0 %, 2 MiB, 1, 16
2026/04/26 12:27:46.477, 5, P8, 22 MHz, 405 MHz, 7.61 W, 23, 0 %, 2 MiB, 1, 16
2026/04/26 12:27:46.477, 6, P8, 22 MHz, 405 MHz, 17.22 W, 24, 0 %, 2 MiB, 1, 16
2026/04/26 12:27:46.477, 7, P8, 22 MHz, 405 MHz, 14.46 W, 24, 0 %, 2 MiB, 1, 16
2026/04/26 12:27:47.477, 0, P8, 22 MHz, 405 MHz, 38.56 W, 24, 0 %, 2 MiB, 1, 16
2026/04/26 12:27:47.477, 1, P8, 22 MHz, 405 MHz, 24.43 W, 24, 0 %, 2 MiB, 1, 16
2026/04/26 12:27:47.477, 2, P8, 22 MHz, 405 MHz, 19.23 W, 24, 0 %, 2 MiB, 1, 16
2026/04/26 12:27:47.477, 3, P8, 22 MHz, 405 MHz, 16.65 W, 24, 0 %, 2 MiB, 1, 16
2026/04/26 12:27:47.477, 4, P8, 21 MHz, 405 MHz, 26.31 W, 23, 0 %, 2 MiB, 1, 16
2026/04/26 12:27:47.480, 5, P8, 22 MHz, 405 MHz, 7.93 W, 23, 0 %, 2 MiB, 1, 16
2026/04/26 12:27:47.487, 6, P8, 22 MHz, 405 MHz, 17.31 W, 24, 0 %, 2 MiB, 1, 16
2026/04/26 12:27:47.487, 7, P8, 22 MHz, 405 MHz, 14.55 W, 24, 0 %, 2 MiB, 1, 16
2026/04/26 12:27:48.487, 0, P8, 22 MHz, 405 MHz, 38.40 W, 24, 0 %, 2 MiB, 1, 16
2026/04/26 12:27:48.487, 1, P8, 22 MHz, 405 MHz, 24.43 W, 24, 0 %, 2 MiB, 1, 16
2026/04/26 12:27:48.487, 2, P8, 22 MHz, 405 MHz, 19.34 W, 24, 0 %, 2 MiB, 1, 16
2026/04/26 12:27:48.488, 3, P8, 22 MHz, 405 MHz, 16.77 W, 24, 0 %, 2 MiB, 1, 16
2026/04/26 12:27:48.488, 4, P8, 22 MHz, 405 MHz, 26.79 W, 23, 0 %, 2 MiB, 1, 16
2026/04/26 12:27:48.488, 5, P8, 22 MHz, 405 MHz, 7.79 W, 23, 0 %, 2 MiB, 1, 16
2026/04/26 12:27:48.488, 6, P8, 22 MHz, 405 MHz, 17.20 W, 24, 0 %, 2 MiB, 1, 16
2026/04/26 12:27:48.488, 7, P8, 22 MHz, 405 MHz, 14.47 W, 24, 0 %, 2 MiB, 1, 16
2026/04/26 12:27:49.488, 0, P8, 22 MHz, 405 MHz, 38.16 W, 24, 0 %, 2 MiB, 1, 16
2026/04/26 12:27:49.488, 1, P8, 22 MHz, 405 MHz, 24.68 W, 24, 0 %, 2 MiB, 1, 16
2026/04/26 12:27:49.488, 2, P8, 22 MHz, 405 MHz, 19.69 W, 24, 0 %, 2 MiB, 1, 16
2026/04/26 12:27:49.488, 3, P8, 22 MHz, 405 MHz, 16.63 W, 24, 0 %, 2 MiB, 1, 16
2026/04/26 12:27:49.488, 4, P8, 22 MHz, 405 MHz, 27.13 W, 23, 0 %, 2 MiB, 1, 16
2026/04/26 12:27:49.488, 5, P8, 22 MHz, 405 MHz, 7.61 W, 23, 0 %, 2 MiB, 1, 16
2026/04/26 12:27:49.488, 6, P8, 22 MHz, 405 MHz, 17.01 W, 24, 0 %, 2 MiB, 1, 16
2026/04/26 12:27:49.488, 7, P8, 22 MHz, 405 MHz, 14.57 W, 24, 0 %, 2 MiB, 1, 16
2026/04/26 12:27:50.489, 0, P8, 22 MHz, 405 MHz, 38.24 W, 24, 0 %, 2 MiB, 1, 16
2026/04/26 12:27:50.489, 1, P8, 22 MHz, 405 MHz, 24.48 W, 24, 0 %, 2 MiB, 1, 16
2026/04/26 12:27:50.489, 2, P8, 22 MHz, 405 MHz, 19.61 W, 24, 0 %, 2 MiB, 1, 16
2026/04/26 12:27:50.489, 3, P8, 22 MHz, 405 MHz, 16.33 W, 24, 0 %, 2 MiB, 1, 16
2026/04/26 12:27:50.489, 4, P8, 22 MHz, 405 MHz, 26.90 W, 23, 0 %, 2 MiB, 1, 16
2026/04/26 12:27:50.489, 5, P8, 22 MHz, 405 MHz, 7.34 W, 23, 0 %, 2 MiB, 1, 16
2026/04/26 12:27:50.489, 6, P8, 21 MHz, 405 MHz, 16.85 W, 24, 0 %, 2 MiB, 1, 16
2026/04/26 12:27:50.491, 7, P8, 22 MHz, 405 MHz, 14.48 W, 24, 0 %, 2 MiB, 1, 16
2026/04/26 12:27:51.498, 0, P8, 22 MHz, 405 MHz, 38.39 W, 24, 0 %, 2 MiB, 1, 16
2026/04/26 12:27:51.498, 1, P8, 22 MHz, 405 MHz, 24.40 W, 24, 0 %, 2 MiB, 1, 16
2026/04/26 12:27:51.498, 2, P8, 22 MHz, 405 MHz, 19.58 W, 24, 0 %, 2 MiB, 1, 16
2026/04/26 12:27:51.498, 3, P8, 22 MHz, 405 MHz, 16.78 W, 24, 0 %, 2 MiB, 1, 16
2026/04/26 12:27:51.498, 4, P8, 22 MHz, 405 MHz, 26.41 W, 23, 0 %, 2 MiB, 1, 16
2026/04/26 12:27:51.498, 5, P8, 22 MHz, 405 MHz, 7.35 W, 23, 0 %, 2 MiB, 1, 16
2026/04/26 12:27:51.498, 6, P8, 22 MHz, 405 MHz, 17.23 W, 24, 0 %, 2 MiB, 1, 16
2026/04/26 12:27:51.499, 7, P8, 22 MHz, 405 MHz, 14.94 W, 24, 0 %, 2 MiB, 1, 16
2026/04/26 12:27:52.499, 0, P8, 22 MHz, 405 MHz, 37.93 W, 24, 0 %, 2 MiB, 1, 16
2026/04/26 12:27:52.499, 1, P8, 22 MHz, 405 MHz, 24.50 W, 24, 0 %, 2 MiB, 1, 16
2026/04/26 12:27:52.499, 2, P8, 22 MHz, 405 MHz, 19.75 W, 24, 0 %, 2 MiB, 1, 16
2026/04/26 12:27:52.499, 3, P8, 22 MHz, 405 MHz, 16.85 W, 24, 0 %, 2 MiB, 1, 16
2026/04/26 12:27:52.499, 4, P8, 22 MHz, 405 MHz, 26.68 W, 23, 0 %, 2 MiB, 1, 16
2026/04/26 12:27:52.499, 5, P8, 22 MHz, 405 MHz, 7.34 W, 23, 0 %, 2 MiB, 1, 16
2026/04/26 12:27:52.499, 6, P8, 22 MHz, 405 MHz, 17.44 W, 24, 0 %, 2 MiB, 1, 16
2026/04/26 12:27:52.499, 7, P8, 22 MHz, 405 MHz, 14.92 W, 24, 0 %, 2 MiB, 1, 16
2026/04/26 12:27:53.499, 0, P8, 22 MHz, 405 MHz, 38.10 W, 24, 0 %, 2 MiB, 1, 16
2026/04/26 12:27:53.500, 1, P8, 22 MHz, 405 MHz, 24.28 W, 24, 0 %, 2 MiB, 1, 16
2026/04/26 12:27:53.500, 2, P8, 22 MHz, 405 MHz, 19.59 W, 24, 0 %, 2 MiB, 1, 16
2026/04/26 12:27:53.500, 3, P8, 22 MHz, 405 MHz, 17.12 W, 24, 0 %, 2 MiB, 1, 16
2026/04/26 12:27:53.500, 4, P8, 22 MHz, 405 MHz, 26.83 W, 23, 0 %, 2 MiB, 1, 16
2026/04/26 12:27:53.500, 5, P8, 22 MHz, 405 MHz, 7.31 W, 23, 0 %, 2 MiB, 1, 16
2026/04/26 12:27:53.500, 6, P8, 22 MHz, 405 MHz, 17.48 W, 24, 0 %, 2 MiB, 1, 16
2026/04/26 12:27:53.500, 7, P8, 22 MHz, 405 MHz, 14.59 W, 24, 0 %, 2 MiB, 1, 16
2026/04/26 12:27:54.500, 0, P8, 22 MHz, 405 MHz, 38.41 W, 24, 0 %, 2 MiB, 1, 16
2026/04/26 12:27:54.500, 1, P8, 22 MHz, 405 MHz, 24.17 W, 24, 0 %, 2 MiB, 1, 16
2026/04/26 12:27:54.500, 2, P8, 22 MHz, 405 MHz, 19.69 W, 24, 0 %, 2 MiB, 1, 16
2026/04/26 12:27:54.500, 3, P8, 22 MHz, 405 MHz, 17.07 W, 24, 0 %, 2 MiB, 1, 16
2026/04/26 12:27:54.500, 4, P8, 22 MHz, 405 MHz, 27.03 W, 23, 0 %, 2 MiB, 1, 16
2026/04/26 12:27:54.500, 5, P8, 22 MHz, 405 MHz, 7.35 W, 23, 0 %, 2 MiB, 1, 16
2026/04/26 12:27:54.501, 6, P8, 22 MHz, 405 MHz, 17.74 W, 24, 0 %, 2 MiB, 1, 16
2026/04/26 12:27:54.501, 7, P8, 22 MHz, 405 MHz, 14.61 W, 24, 0 %, 2 MiB, 1, 16
2026/04/26 12:27:55.501, 0, P8, 22 MHz, 405 MHz, 38.25 W, 24, 0 %, 2 MiB, 1, 16
2026/04/26 12:27:55.501, 1, P8, 22 MHz, 405 MHz, 24.06 W, 24, 0 %, 2 MiB, 1, 16
2026/04/26 12:27:55.501, 2, P8, 22 MHz, 405 MHz, 19.60 W, 24, 0 %, 2 MiB, 1, 16
2026/04/26 12:27:55.501, 3, P8, 22 MHz, 405 MHz, 16.70 W, 24, 0 %, 2 MiB, 1, 16
2026/04/26 12:27:55.501, 4, P8, 22 MHz, 405 MHz, 26.93 W, 23, 0 %, 2 MiB, 1, 16
2026/04/26 12:27:55.501, 5, P8, 22 MHz, 405 MHz, 7.41 W, 23, 0 %, 2 MiB, 1, 16
2026/04/26 12:27:55.501, 6, P8, 22 MHz, 405 MHz, 17.77 W, 24, 0 %, 2 MiB, 1, 16
2026/04/26 12:27:55.501, 7, P8, 22 MHz, 405 MHz, 14.68 W, 24, 0 %, 2 MiB, 1, 16
2026/04/26 12:27:56.501, 0, P8, 22 MHz, 405 MHz, 38.31 W, 24, 0 %, 2 MiB, 1, 16
2026/04/26 12:27:56.502, 1, P8, 22 MHz, 405 MHz, 24.04 W, 24, 0 %, 2 MiB, 1, 16
2026/04/26 12:27:56.502, 2, P8, 22 MHz, 405 MHz, 19.60 W, 24, 0 %, 2 MiB, 1, 16
2026/04/26 12:27:56.502, 3, P8, 22 MHz, 405 MHz, 16.83 W, 24, 0 %, 2 MiB, 1, 16
2026/04/26 12:27:56.502, 4, P8, 22 MHz, 405 MHz, 27.39 W, 23, 0 %, 2 MiB, 1, 16
2026/04/26 12:27:56.502, 5, P8, 22 MHz, 405 MHz, 7.54 W, 23, 0 %, 2 MiB, 1, 16
2026/04/26 12:27:56.502, 6, P8, 22 MHz, 405 MHz, 17.86 W, 24, 0 %, 2 MiB, 1, 16
2026/04/26 12:27:56.502, 7, P8, 22 MHz, 405 MHz, 14.85 W, 24, 0 %, 2 MiB, 1, 16
2026/04/26 12:27:57.502, 0, P8, 22 MHz, 405 MHz, 38.29 W, 24, 0 %, 2 MiB, 1, 16
2026/04/26 12:27:57.502, 1, P8, 22 MHz, 405 MHz, 24.17 W, 24, 0 %, 2 MiB, 1, 16
2026/04/26 12:27:57.502, 2, P8, 22 MHz, 405 MHz, 19.60 W, 24, 0 %, 2 MiB, 1, 16
2026/04/26 12:27:57.502, 3, P8, 22 MHz, 405 MHz, 16.78 W, 24, 0 %, 2 MiB, 1, 16
2026/04/26 12:27:57.502, 4, P8, 22 MHz, 405 MHz, 27.03 W, 23, 0 %, 2 MiB, 1, 16
2026/04/26 12:27:57.502, 5, P8, 22 MHz, 405 MHz, 7.80 W, 23, 0 %, 2 MiB, 1, 16
2026/04/26 12:27:57.503, 6, P8, 22 MHz, 405 MHz, 17.73 W, 24, 0 %, 2 MiB, 1, 16
2026/04/26 12:27:57.503, 7, P8, 22 MHz, 405 MHz, 14.87 W, 24, 0 %, 2 MiB, 1, 16
2026/04/26 12:27:58.503, 0, P8, 22 MHz, 405 MHz, 38.27 W, 24, 0 %, 2 MiB, 1, 16
2026/04/26 12:27:58.503, 1, P8, 22 MHz, 405 MHz, 24.45 W, 24, 0 %, 2 MiB, 1, 16
2026/04/26 12:27:58.503, 2, P8, 22 MHz, 405 MHz, 19.69 W, 24, 0 %, 2 MiB, 1, 16
2026/04/26 12:27:58.503, 3, P8, 22 MHz, 405 MHz, 16.65 W, 24, 0 %, 2 MiB, 1, 16
2026/04/26 12:27:58.503, 4, P8, 22 MHz, 405 MHz, 26.67 W, 23, 0 %, 2 MiB, 1, 16
2026/04/26 12:27:58.503, 5, P8, 22 MHz, 405 MHz, 7.70 W, 23, 0 %, 2 MiB, 1, 16
2026/04/26 12:27:58.503, 6, P8, 22 MHz, 405 MHz, 17.72 W, 24, 0 %, 2 MiB, 1, 16
2026/04/26 12:27:58.503, 7, P8, 22 MHz, 405 MHz, 14.70 W, 24, 0 %, 2 MiB, 1, 16
2026/04/26 12:27:59.503, 0, P8, 22 MHz, 405 MHz, 38.18 W, 24, 0 %, 2 MiB, 1, 16
2026/04/26 12:27:59.504, 1, P8, 22 MHz, 405 MHz, 24.46 W, 24, 0 %, 2 MiB, 1, 16
2026/04/26 12:27:59.504, 2, P8, 22 MHz, 405 MHz, 19.63 W, 24, 0 %, 2 MiB, 1, 16
2026/04/26 12:27:59.504, 3, P8, 22 MHz, 405 MHz, 16.52 W, 24, 0 %, 2 MiB, 1, 16
2026/04/26 12:27:59.504, 4, P8, 22 MHz, 405 MHz, 26.22 W, 23, 0 %, 2 MiB, 1, 16
2026/04/26 12:27:59.504, 5, P8, 22 MHz, 405 MHz, 7.91 W, 23, 0 %, 2 MiB, 1, 16
2026/04/26 12:27:59.504, 6, P8, 22 MHz, 405 MHz, 17.63 W, 24, 0 %, 2 MiB, 1, 16
2026/04/26 12:27:59.504, 7, P8, 22 MHz, 405 MHz, 14.72 W, 24, 0 %, 2 MiB, 1, 16
2026/04/26 12:28:00.504, 0, P8, 22 MHz, 405 MHz, 38.14 W, 24, 0 %, 2 MiB, 1, 16
2026/04/26 12:28:00.504, 1, P8, 22 MHz, 405 MHz, 24.23 W, 24, 0 %, 2 MiB, 1, 16
2026/04/26 12:28:00.504, 2, P8, 22 MHz, 405 MHz, 19.45 W, 24, 0 %, 2 MiB, 1, 16
2026/04/26 12:28:00.504, 3, P8, 22 MHz, 405 MHz, 16.19 W, 24, 0 %, 2 MiB, 1, 16
2026/04/26 12:28:00.504, 4, P8, 22 MHz, 405 MHz, 25.51 W, 23, 0 %, 2 MiB, 1, 16
2026/04/26 12:28:00.504, 5, P8, 22 MHz, 405 MHz, 7.81 W, 23, 0 %, 2 MiB, 1, 16
2026/04/26 12:28:00.504, 6, P8, 22 MHz, 405 MHz, 17.24 W, 24, 0 %, 2 MiB, 1, 16
2026/04/26 12:28:00.504, 7, P8, 22 MHz, 405 MHz, 14.62 W, 24, 0 %, 2 MiB, 1, 16
2026/04/26 12:28:01.505, 0, P8, 22 MHz, 405 MHz, 38.13 W, 24, 0 %, 2 MiB, 1, 16
2026/04/26 12:28:01.505, 1, P8, 22 MHz, 405 MHz, 24.42 W, 24, 0 %, 2 MiB, 1, 16
2026/04/26 12:28:01.505, 2, P8, 22 MHz, 405 MHz, 19.64 W, 24, 0 %, 2 MiB, 1, 16
2026/04/26 12:28:01.505, 3, P8, 22 MHz, 405 MHz, 16.21 W, 24, 0 %, 2 MiB, 1, 16
2026/04/26 12:28:01.505, 4, P8, 22 MHz, 405 MHz, 25.80 W, 23, 0 %, 2 MiB, 1, 16
2026/04/26 12:28:01.505, 5, P8, 22 MHz, 405 MHz, 7.65 W, 23, 0 %, 2 MiB, 1, 16
2026/04/26 12:28:01.505, 6, P8, 22 MHz, 405 MHz, 17.29 W, 24, 0 %, 2 MiB, 1, 16
2026/04/26 12:28:01.505, 7, P8, 22 MHz, 405 MHz, 14.54 W, 24, 0 %, 2 MiB, 1, 16
2026/04/26 12:28:02.505, 0, P8, 22 MHz, 405 MHz, 38.18 W, 24, 0 %, 2 MiB, 1, 16
2026/04/26 12:28:02.505, 1, P8, 22 MHz, 405 MHz, 24.57 W, 24, 0 %, 2 MiB, 1, 16
2026/04/26 12:28:02.506, 2, P8, 22 MHz, 405 MHz, 19.43 W, 24, 0 %, 2 MiB, 1, 16
2026/04/26 12:28:02.506, 3, P8, 22 MHz, 405 MHz, 16.25 W, 24, 0 %, 2 MiB, 1, 16
2026/04/26 12:28:02.506, 4, P8, 22 MHz, 405 MHz, 27.11 W, 23, 0 %, 2 MiB, 1, 16
2026/04/26 12:28:02.506, 5, P8, 22 MHz, 405 MHz, 7.70 W, 23, 0 %, 2 MiB, 1, 16
2026/04/26 12:28:02.506, 6, P8, 22 MHz, 405 MHz, 17.22 W, 24, 0 %, 2 MiB, 1, 16
2026/04/26 12:28:02.506, 7, P8, 22 MHz, 405 MHz, 14.61 W, 24, 0 %, 2 MiB, 1, 16
2026/04/26 12:28:03.506, 0, P8, 22 MHz, 405 MHz, 38.73 W, 24, 0 %, 2 MiB, 1, 16
2026/04/26 12:28:03.506, 1, P8, 22 MHz, 405 MHz, 24.14 W, 24, 0 %, 2 MiB, 1, 16
2026/04/26 12:28:03.506, 2, P8, 22 MHz, 405 MHz, 19.47 W, 24, 0 %, 2 MiB, 1, 16
2026/04/26 12:28:03.506, 3, P8, 22 MHz, 405 MHz, 16.21 W, 24, 0 %, 2 MiB, 1, 16
2026/04/26 12:28:03.506, 4, P8, 22 MHz, 405 MHz, 26.12 W, 23, 0 %, 2 MiB, 1, 16
2026/04/26 12:28:03.506, 5, P8, 22 MHz, 405 MHz, 7.96 W, 23, 0 %, 2 MiB, 1, 16
2026/04/26 12:28:03.506, 6, P8, 22 MHz, 405 MHz, 17.22 W, 24, 0 %, 2 MiB, 1, 16
2026/04/26 12:28:03.506, 7, P8, 22 MHz, 405 MHz, 14.61 W, 24, 0 %, 2 MiB, 1, 16
2026/04/26 12:28:04.507, 0, P8, 22 MHz, 405 MHz, 38.68 W, 24, 0 %, 2 MiB, 1, 16
2026/04/26 12:28:04.507, 1, P8, 22 MHz, 405 MHz, 24.10 W, 24, 0 %, 2 MiB, 1, 16
2026/04/26 12:28:04.507, 2, P8, 22 MHz, 405 MHz, 19.63 W, 24, 0 %, 2 MiB, 1, 16
2026/04/26 12:28:04.507, 3, P8, 22 MHz, 405 MHz, 16.11 W, 24, 0 %, 2 MiB, 1, 16
2026/04/26 12:28:04.507, 4, P8, 22 MHz, 405 MHz, 26.80 W, 23, 0 %, 2 MiB, 1, 16
2026/04/26 12:28:04.507, 5, P8, 22 MHz, 405 MHz, 7.89 W, 23, 0 %, 2 MiB, 1, 16
2026/04/26 12:28:04.507, 6, P8, 22 MHz, 405 MHz, 17.43 W, 24, 0 %, 2 MiB, 1, 16
2026/04/26 12:28:04.507, 7, P8, 22 MHz, 405 MHz, 14.77 W, 24, 0 %, 2 MiB, 1, 16
2026/04/26 12:28:05.507, 0, P8, 22 MHz, 405 MHz, 38.22 W, 24, 0 %, 2 MiB, 1, 16
2026/04/26 12:28:05.507, 1, P8, 22 MHz, 405 MHz, 24.16 W, 24, 0 %, 2 MiB, 1, 16
2026/04/26 12:28:05.507, 2, P8, 22 MHz, 405 MHz, 19.59 W, 24, 0 %, 2 MiB, 1, 16
2026/04/26 12:28:05.507, 3, P8, 22 MHz, 405 MHz, 16.31 W, 24, 0 %, 2 MiB, 1, 16
2026/04/26 12:28:05.508, 4, P8, 22 MHz, 405 MHz, 27.60 W, 23, 0 %, 2 MiB, 1, 16
2026/04/26 12:28:05.508, 5, P8, 22 MHz, 405 MHz, 7.55 W, 23, 0 %, 2 MiB, 1, 16
2026/04/26 12:28:05.508, 6, P8, 22 MHz, 405 MHz, 17.77 W, 24, 0 %, 2 MiB, 1, 16
2026/04/26 12:28:05.508, 7, P8, 22 MHz, 405 MHz, 14.88 W, 24, 0 %, 2 MiB, 1, 16
2026/04/26 12:28:06.508, 0, P8, 22 MHz, 405 MHz, 38.25 W, 24, 0 %, 2 MiB, 1, 16
2026/04/26 12:28:06.508, 1, P8, 22 MHz, 405 MHz, 24.19 W, 24, 0 %, 2 MiB, 1, 16
2026/04/26 12:28:06.508, 2, P8, 22 MHz, 405 MHz, 19.50 W, 24, 0 %, 2 MiB, 1, 16
2026/04/26 12:28:06.508, 3, P8, 22 MHz, 405 MHz, 16.49 W, 24, 0 %, 2 MiB, 1, 16
2026/04/26 12:28:06.508, 4, P8, 22 MHz, 405 MHz, 27.32 W, 23, 0 %, 2 MiB, 1, 16
2026/04/26 12:28:06.508, 5, P8, 22 MHz, 405 MHz, 7.48 W, 23, 0 %, 2 MiB, 1, 16
2026/04/26 12:28:06.508, 6, P8, 22 MHz, 405 MHz, 17.23 W, 24, 0 %, 2 MiB, 1, 16
2026/04/26 12:28:06.508, 7, P8, 22 MHz, 405 MHz, 14.62 W, 24, 0 %, 2 MiB, 1, 16
2026/04/26 12:28:07.508, 0, P8, 22 MHz, 405 MHz, 38.00 W, 24, 0 %, 2 MiB, 1, 16
2026/04/26 12:28:07.509, 1, P8, 22 MHz, 405 MHz, 24.35 W, 24, 0 %, 2 MiB, 1, 16
2026/04/26 12:28:07.509, 2, P8, 21 MHz, 405 MHz, 19.43 W, 24, 0 %, 2 MiB, 1, 16
2026/04/26 12:28:07.509, 3, P8, 22 MHz, 405 MHz, 16.56 W, 24, 0 %, 2 MiB, 1, 16
2026/04/26 12:28:07.509, 4, P8, 22 MHz, 405 MHz, 27.32 W, 23, 0 %, 2 MiB, 1, 16
2026/04/26 12:28:07.509, 5, P8, 22 MHz, 405 MHz, 7.52 W, 23, 0 %, 2 MiB, 1, 16
2026/04/26 12:28:07.509, 6, P8, 22 MHz, 405 MHz, 17.82 W, 24, 0 %, 2 MiB, 1, 16
2026/04/26 12:28:07.509, 7, P8, 22 MHz, 405 MHz, 14.71 W, 24, 0 %, 2 MiB, 1, 16
2026/04/26 12:28:08.509, 0, P8, 22 MHz, 405 MHz, 38.01 W, 24, 0 %, 2 MiB, 1, 16
2026/04/26 12:28:08.509, 1, P8, 22 MHz, 405 MHz, 24.64 W, 24, 0 %, 2 MiB, 1, 16
2026/04/26 12:28:08.509, 2, P8, 22 MHz, 405 MHz, 19.38 W, 24, 0 %, 2 MiB, 1, 16
2026/04/26 12:28:08.509, 3, P8, 22 MHz, 405 MHz, 16.23 W, 24, 0 %, 2 MiB, 1, 16
2026/04/26 12:28:08.510, 4, P8, 22 MHz, 405 MHz, 27.77 W, 23, 0 %, 2 MiB, 1, 16
2026/04/26 12:28:08.510, 5, P8, 22 MHz, 405 MHz, 7.77 W, 23, 0 %, 2 MiB, 1, 16
2026/04/26 12:28:08.510, 6, P8, 22 MHz, 405 MHz, 17.66 W, 24, 0 %, 2 MiB, 1, 16
2026/04/26 12:28:08.510, 7, P8, 22 MHz, 405 MHz, 14.78 W, 24, 0 %, 2 MiB, 1, 16
2026/04/26 12:28:09.510, 0, P8, 22 MHz, 405 MHz, 38.34 W, 24, 0 %, 2 MiB, 1, 16
2026/04/26 12:28:09.510, 1, P8, 22 MHz, 405 MHz, 24.68 W, 24, 0 %, 2 MiB, 1, 16
2026/04/26 12:28:09.510, 2, P8, 22 MHz, 405 MHz, 19.28 W, 24, 0 %, 2 MiB, 1, 16
2026/04/26 12:28:09.510, 3, P8, 22 MHz, 405 MHz, 16.24 W, 24, 0 %, 2 MiB, 1, 16
2026/04/26 12:28:09.510, 4, P8, 22 MHz, 405 MHz, 27.49 W, 23, 0 %, 2 MiB, 1, 16
2026/04/26 12:28:09.510, 5, P8, 22 MHz, 405 MHz, 7.76 W, 23, 0 %, 2 MiB, 1, 16
2026/04/26 12:28:09.510, 6, P8, 22 MHz, 405 MHz, 17.55 W, 24, 0 %, 2 MiB, 1, 16
2026/04/26 12:28:09.510, 7, P8, 22 MHz, 405 MHz, 14.68 W, 24, 0 %, 2 MiB, 1, 16
2026/04/26 12:28:10.511, 0, P8, 22 MHz, 405 MHz, 38.19 W, 24, 0 %, 2 MiB, 1, 16
2026/04/26 12:28:10.511, 1, P8, 22 MHz, 405 MHz, 24.73 W, 24, 0 %, 2 MiB, 1, 16
2026/04/26 12:28:10.511, 2, P8, 22 MHz, 405 MHz, 19.66 W, 24, 0 %, 2 MiB, 1, 16
2026/04/26 12:28:10.511, 3, P8, 22 MHz, 405 MHz, 16.23 W, 24, 0 %, 2 MiB, 1, 16
2026/04/26 12:28:10.511, 4, P8, 22 MHz, 405 MHz, 26.82 W, 23, 0 %, 2 MiB, 1, 16
2026/04/26 12:28:10.511, 5, P8, 22 MHz, 405 MHz, 7.61 W, 23, 0 %, 2 MiB, 1, 16
2026/04/26 12:28:10.511, 6, P8, 22 MHz, 405 MHz, 17.30 W, 24, 0 %, 2 MiB, 1, 16
2026/04/26 12:28:10.511, 7, P8, 22 MHz, 405 MHz, 14.61 W, 24, 0 %, 2 MiB, 1, 16
2026/04/26 12:28:11.511, 0, P8, 22 MHz, 405 MHz, 37.90 W, 24, 0 %, 2 MiB, 1, 16
2026/04/26 12:28:11.511, 1, P8, 22 MHz, 405 MHz, 24.74 W, 24, 0 %, 2 MiB, 1, 16
2026/04/26 12:28:11.511, 2, P8, 22 MHz, 405 MHz, 19.58 W, 24, 0 %, 2 MiB, 1, 16
2026/04/26 12:28:11.511, 3, P8, 22 MHz, 405 MHz, 16.20 W, 24, 0 %, 2 MiB, 1, 16
2026/04/26 12:28:11.511, 4, P8, 22 MHz, 405 MHz, 26.38 W, 23, 0 %, 2 MiB, 1, 16
2026/04/26 12:28:11.512, 5, P8, 22 MHz, 405 MHz, 7.62 W, 23, 0 %, 2 MiB, 1, 16
2026/04/26 12:28:11.512, 6, P8, 22 MHz, 405 MHz, 17.38 W, 24, 0 %, 2 MiB, 1, 16
2026/04/26 12:28:11.512, 7, P8, 22 MHz, 405 MHz, 14.69 W, 24, 0 %, 2 MiB, 1, 16
2026/04/26 12:28:12.512, 0, P8, 22 MHz, 405 MHz, 38.06 W, 24, 0 %, 2 MiB, 1, 16
2026/04/26 12:28:12.512, 1, P8, 22 MHz, 405 MHz, 24.62 W, 24, 0 %, 2 MiB, 1, 16
2026/04/26 12:28:12.512, 2, P8, 22 MHz, 405 MHz, 19.74 W, 24, 0 %, 2 MiB, 1, 16
2026/04/26 12:28:12.512, 3, P8, 22 MHz, 405 MHz, 16.43 W, 24, 0 %, 2 MiB, 1, 16
2026/04/26 12:28:12.512, 4, P8, 22 MHz, 405 MHz, 26.65 W, 23, 0 %, 2 MiB, 1, 16
2026/04/26 12:28:12.512, 5, P8, 22 MHz, 405 MHz, 7.70 W, 23, 0 %, 2 MiB, 1, 16
2026/04/26 12:28:12.512, 6, P8, 22 MHz, 405 MHz, 17.32 W, 24, 0 %, 2 MiB, 1, 16
2026/04/26 12:28:12.512, 7, P8, 22 MHz, 405 MHz, 14.65 W, 24, 0 %, 2 MiB, 1, 16
2026/04/26 12:28:13.513, 0, P8, 22 MHz, 405 MHz, 37.81 W, 24, 0 %, 2 MiB, 1, 16
2026/04/26 12:28:13.513, 1, P8, 22 MHz, 405 MHz, 24.53 W, 24, 0 %, 2 MiB, 1, 16
2026/04/26 12:28:13.513, 2, P8, 22 MHz, 405 MHz, 19.67 W, 24, 0 %, 2 MiB, 1, 16
2026/04/26 12:28:13.513, 3, P8, 22 MHz, 405 MHz, 16.19 W, 24, 0 %, 2 MiB, 1, 16
2026/04/26 12:28:13.513, 4, P8, 22 MHz, 405 MHz, 26.84 W, 23, 0 %, 2 MiB, 1, 16
2026/04/26 12:28:13.513, 5, P8, 22 MHz, 405 MHz, 7.87 W, 23, 0 %, 2 MiB, 1, 16
2026/04/26 12:28:13.513, 6, P8, 22 MHz, 405 MHz, 17.25 W, 24, 0 %, 2 MiB, 1, 16
2026/04/26 12:28:13.514, 7, P8, 22 MHz, 405 MHz, 14.74 W, 24, 0 %, 2 MiB, 1, 16
2026/04/26 12:28:14.514, 0, P8, 22 MHz, 405 MHz, 37.99 W, 24, 0 %, 2 MiB, 1, 16
2026/04/26 12:28:14.514, 1, P8, 22 MHz, 405 MHz, 24.83 W, 24, 0 %, 2 MiB, 1, 16
2026/04/26 12:28:14.514, 2, P8, 21 MHz, 405 MHz, 19.54 W, 24, 0 %, 2 MiB, 1, 16
2026/04/26 12:28:14.514, 3, P8, 22 MHz, 405 MHz, 16.12 W, 24, 0 %, 2 MiB, 1, 16
2026/04/26 12:28:14.514, 4, P8, 22 MHz, 405 MHz, 27.02 W, 23, 0 %, 2 MiB, 1, 16
2026/04/26 12:28:14.514, 5, P8, 22 MHz, 405 MHz, 8.11 W, 23, 0 %, 2 MiB, 1, 16
2026/04/26 12:28:14.514, 6, P8, 22 MHz, 405 MHz, 17.40 W, 24, 0 %, 2 MiB, 1, 16
2026/04/26 12:28:14.514, 7, P8, 22 MHz, 405 MHz, 14.89 W, 24, 0 %, 2 MiB, 1, 16
2026/04/26 12:28:15.514, 0, P8, 22 MHz, 405 MHz, 38.11 W, 24, 0 %, 2 MiB, 1, 16
2026/04/26 12:28:15.514, 1, P8, 22 MHz, 405 MHz, 24.86 W, 24, 0 %, 2 MiB, 1, 16
2026/04/26 12:28:15.514, 2, P8, 22 MHz, 405 MHz, 19.38 W, 24, 0 %, 2 MiB, 1, 16
2026/04/26 12:28:15.515, 3, P8, 22 MHz, 405 MHz, 16.41 W, 24, 0 %, 2 MiB, 1, 16
2026/04/26 12:28:15.515, 4, P8, 22 MHz, 405 MHz, 27.14 W, 23, 0 %, 2 MiB, 1, 16
2026/04/26 12:28:15.515, 5, P8, 22 MHz, 405 MHz, 7.96 W, 23, 0 %, 2 MiB, 1, 16
2026/04/26 12:28:15.515, 6, P8, 22 MHz, 405 MHz, 17.60 W, 24, 0 %, 2 MiB, 1, 16
2026/04/26 12:28:15.515, 7, P8, 22 MHz, 405 MHz, 14.89 W, 24, 0 %, 2 MiB, 1, 16
2026/04/26 12:28:16.515, 0, P8, 22 MHz, 405 MHz, 38.30 W, 24, 0 %, 2 MiB, 1, 16
2026/04/26 12:28:16.515, 1, P8, 22 MHz, 405 MHz, 24.69 W, 24, 0 %, 2 MiB, 1, 16
2026/04/26 12:28:16.515, 2, P8, 22 MHz, 405 MHz, 19.29 W, 24, 0 %, 2 MiB, 1, 16
2026/04/26 12:28:16.515, 3, P8, 22 MHz, 405 MHz, 16.43 W, 24, 0 %, 2 MiB, 1, 16
2026/04/26 12:28:16.515, 4, P8, 22 MHz, 405 MHz, 26.70 W, 23, 0 %, 2 MiB, 1, 16
2026/04/26 12:28:16.515, 5, P8, 22 MHz, 405 MHz, 7.62 W, 23, 0 %, 2 MiB, 1, 16
2026/04/26 12:28:16.515, 6, P8, 22 MHz, 405 MHz, 17.08 W, 24, 0 %, 2 MiB, 1, 16
2026/04/26 12:28:16.515, 7, P8, 22 MHz, 405 MHz, 14.82 W, 24, 0 %, 2 MiB, 1, 16
2026/04/26 12:28:17.516, 0, P8, 22 MHz, 405 MHz, 38.35 W, 24, 0 %, 2 MiB, 1, 16
2026/04/26 12:28:17.516, 1, P8, 22 MHz, 405 MHz, 24.56 W, 24, 0 %, 2 MiB, 1, 16
2026/04/26 12:28:17.516, 2, P8, 22 MHz, 405 MHz, 19.29 W, 24, 0 %, 2 MiB, 1, 16
2026/04/26 12:28:17.516, 3, P8, 22 MHz, 405 MHz, 16.35 W, 24, 0 %, 2 MiB, 1, 16
2026/04/26 12:28:17.516, 4, P8, 22 MHz, 405 MHz, 26.27 W, 23, 0 %, 2 MiB, 1, 16
2026/04/26 12:28:17.516, 5, P8, 22 MHz, 405 MHz, 7.63 W, 23, 0 %, 2 MiB, 1, 16
2026/04/26 12:28:17.516, 6, P8, 22 MHz, 405 MHz, 17.37 W, 24, 0 %, 2 MiB, 1, 16
2026/04/26 12:28:17.516, 7, P8, 22 MHz, 405 MHz, 14.73 W, 24, 0 %, 2 MiB, 1, 16
2026/04/26 12:28:18.516, 0, P8, 22 MHz, 405 MHz, 38.13 W, 24, 0 %, 2 MiB, 1, 16
2026/04/26 12:28:18.516, 1, P8, 22 MHz, 405 MHz, 24.56 W, 24, 0 %, 2 MiB, 1, 16
2026/04/26 12:28:18.517, 2, P8, 22 MHz, 405 MHz, 19.00 W, 24, 0 %, 2 MiB, 1, 16
2026/04/26 12:28:18.517, 3, P8, 22 MHz, 405 MHz, 16.23 W, 24, 0 %, 2 MiB, 1, 16
2026/04/26 12:28:18.517, 4, P8, 22 MHz, 405 MHz, 26.28 W, 22, 0 %, 2 MiB, 1, 16
2026/04/26 12:28:18.517, 5, P8, 22 MHz, 405 MHz, 7.93 W, 23, 0 %, 2 MiB, 1, 16
2026/04/26 12:28:18.517, 6, P8, 22 MHz, 405 MHz, 17.85 W, 24, 0 %, 2 MiB, 1, 16
2026/04/26 12:28:18.517, 7, P8, 22 MHz, 405 MHz, 14.80 W, 24, 0 %, 2 MiB, 1, 16
2026/04/26 12:28:19.517, 0, P8, 22 MHz, 405 MHz, 38.54 W, 24, 0 %, 2 MiB, 1, 16
2026/04/26 12:28:19.517, 1, P8, 22 MHz, 405 MHz, 24.61 W, 24, 0 %, 2 MiB, 1, 16
2026/04/26 12:28:19.517, 2, P8, 22 MHz, 405 MHz, 19.09 W, 24, 0 %, 2 MiB, 1, 16
2026/04/26 12:28:19.517, 3, P8, 22 MHz, 405 MHz, 16.47 W, 24, 0 %, 2 MiB, 1, 16
2026/04/26 12:28:19.517, 4, P8, 22 MHz, 405 MHz, 26.31 W, 23, 0 %, 2 MiB, 1, 16
2026/04/26 12:28:19.517, 5, P8, 22 MHz, 405 MHz, 7.86 W, 23, 0 %, 2 MiB, 1, 16
2026/04/26 12:28:19.517, 6, P8, 22 MHz, 405 MHz, 17.45 W, 24, 0 %, 2 MiB, 1, 16
2026/04/26 12:28:19.518, 7, P8, 22 MHz, 405 MHz, 14.94 W, 24, 0 %, 2 MiB, 1, 16
2026/04/26 12:28:20.518, 0, P8, 22 MHz, 405 MHz, 38.33 W, 24, 0 %, 2 MiB, 1, 16
2026/04/26 12:28:20.518, 1, P8, 22 MHz, 405 MHz, 24.61 W, 24, 0 %, 2 MiB, 1, 16
2026/04/26 12:28:20.518, 2, P8, 22 MHz, 405 MHz, 19.28 W, 24, 0 %, 2 MiB, 1, 16
2026/04/26 12:28:20.518, 3, P8, 22 MHz, 405 MHz, 16.23 W, 24, 0 %, 2 MiB, 1, 16
2026/04/26 12:28:20.518, 4, P8, 22 MHz, 405 MHz, 26.43 W, 23, 0 %, 2 MiB, 1, 16
2026/04/26 12:28:20.518, 5, P8, 22 MHz, 405 MHz, 8.03 W, 23, 0 %, 2 MiB, 1, 16
2026/04/26 12:28:20.518, 6, P8, 22 MHz, 405 MHz, 17.49 W, 24, 0 %, 2 MiB, 1, 16
2026/04/26 12:28:20.518, 7, P8, 22 MHz, 405 MHz, 14.96 W, 24, 0 %, 2 MiB, 1, 16
2026/04/26 12:28:21.518, 0, P8, 22 MHz, 405 MHz, 37.92 W, 24, 0 %, 2 MiB, 1, 16
2026/04/26 12:28:21.519, 1, P8, 22 MHz, 405 MHz, 24.86 W, 24, 0 %, 2 MiB, 1, 16
2026/04/26 12:28:21.519, 2, P8, 21 MHz, 405 MHz, 19.25 W, 24, 0 %, 2 MiB, 1, 16
2026/04/26 12:28:21.519, 3, P8, 22 MHz, 405 MHz, 16.02 W, 24, 0 %, 2 MiB, 1, 16
2026/04/26 12:28:21.519, 4, P8, 22 MHz, 405 MHz, 26.87 W, 23, 0 %, 2 MiB, 1, 16
2026/04/26 12:28:21.519, 5, P8, 22 MHz, 405 MHz, 7.94 W, 23, 0 %, 2 MiB, 1, 16
2026/04/26 12:28:21.519, 6, P8, 22 MHz, 405 MHz, 17.34 W, 24, 0 %, 2 MiB, 1, 16
2026/04/26 12:28:21.519, 7, P8, 22 MHz, 405 MHz, 14.86 W, 24, 0 %, 2 MiB, 1, 16
2026/04/26 12:28:22.519, 0, P8, 22 MHz, 405 MHz, 38.28 W, 24, 0 %, 2 MiB, 1, 16
2026/04/26 12:28:22.519, 1, P8, 22 MHz, 405 MHz, 24.82 W, 24, 0 %, 2 MiB, 1, 16
2026/04/26 12:28:22.519, 2, P8, 22 MHz, 405 MHz, 19.18 W, 24, 0 %, 2 MiB, 1, 16
2026/04/26 12:28:22.519, 3, P8, 22 MHz, 405 MHz, 16.09 W, 24, 0 %, 2 MiB, 1, 16
2026/04/26 12:28:22.520, 4, P8, 22 MHz, 405 MHz, 26.98 W, 23, 0 %, 2 MiB, 1, 16
2026/04/26 12:28:22.520, 5, P8, 22 MHz, 405 MHz, 7.84 W, 23, 0 %, 2 MiB, 1, 16
2026/04/26 12:28:22.520, 6, P8, 22 MHz, 405 MHz, 17.33 W, 24, 0 %, 2 MiB, 1, 16
2026/04/26 12:28:22.520, 7, P8, 22 MHz, 405 MHz, 14.90 W, 24, 0 %, 2 MiB, 1, 16
2026/04/26 12:28:23.520, 0, P8, 22 MHz, 405 MHz, 38.44 W, 24, 0 %, 2 MiB, 1, 16
2026/04/26 12:28:23.520, 1, P8, 22 MHz, 405 MHz, 24.71 W, 24, 0 %, 2 MiB, 1, 16
2026/04/26 12:28:23.520, 2, P8, 22 MHz, 405 MHz, 19.23 W, 24, 0 %, 2 MiB, 1, 16
2026/04/26 12:28:23.520, 3, P8, 22 MHz, 405 MHz, 16.21 W, 24, 0 %, 2 MiB, 1, 16
2026/04/26 12:28:23.520, 4, P8, 22 MHz, 405 MHz, 26.88 W, 22, 0 %, 2 MiB, 1, 16
2026/04/26 12:28:23.520, 5, P8, 22 MHz, 405 MHz, 8.02 W, 23, 0 %, 2 MiB, 1, 16
2026/04/26 12:28:23.520, 6, P8, 22 MHz, 405 MHz, 17.37 W, 24, 0 %, 2 MiB, 1, 16
2026/04/26 12:28:23.520, 7, P8, 22 MHz, 405 MHz, 14.89 W, 24, 0 %, 2 MiB, 1, 16
2026/04/26 12:28:24.521, 0, P8, 22 MHz, 405 MHz, 38.43 W, 24, 0 %, 2 MiB, 1, 16
2026/04/26 12:28:24.521, 1, P8, 22 MHz, 405 MHz, 24.92 W, 24, 0 %, 2 MiB, 1, 16
2026/04/26 12:28:24.521, 2, P8, 22 MHz, 405 MHz, 19.13 W, 24, 0 %, 2 MiB, 1, 16
2026/04/26 12:28:24.521, 3, P8, 22 MHz, 405 MHz, 16.31 W, 24, 0 %, 2 MiB, 1, 16
2026/04/26 12:28:24.521, 4, P8, 22 MHz, 405 MHz, 27.03 W, 23, 0 %, 2 MiB, 1, 16
2026/04/26 12:28:24.521, 5, P8, 22 MHz, 405 MHz, 8.24 W, 23, 0 %, 2 MiB, 1, 16
2026/04/26 12:28:24.521, 6, P8, 22 MHz, 405 MHz, 17.34 W, 24, 0 %, 2 MiB, 1, 16
2026/04/26 12:28:24.521, 7, P8, 22 MHz, 405 MHz, 15.12 W, 24, 0 %, 2 MiB, 1, 16
2026/04/26 12:28:25.521, 0, P8, 22 MHz, 405 MHz, 38.25 W, 24, 0 %, 2 MiB, 1, 16
2026/04/26 12:28:25.521, 1, P8, 22 MHz, 405 MHz, 24.68 W, 24, 0 %, 2 MiB, 1, 16
2026/04/26 12:28:25.521, 2, P8, 22 MHz, 405 MHz, 19.25 W, 24, 0 %, 2 MiB, 1, 16
2026/04/26 12:28:25.521, 3, P8, 22 MHz, 405 MHz, 16.02 W, 24, 0 %, 2 MiB, 1, 16
2026/04/26 12:28:25.522, 4, P8, 22 MHz, 405 MHz, 27.25 W, 23, 0 %, 2 MiB, 1, 16
2026/04/26 12:28:25.522, 5, P8, 22 MHz, 405 MHz, 8.38 W, 23, 0 %, 2 MiB, 1, 16
2026/04/26 12:28:25.522, 6, P8, 22 MHz, 405 MHz, 17.17 W, 24, 0 %, 2 MiB, 1, 16
2026/04/26 12:28:25.522, 7, P8, 22 MHz, 405 MHz, 14.70 W, 24, 0 %, 2 MiB, 1, 16
2026/04/26 12:28:26.522, 0, P8, 22 MHz, 405 MHz, 38.35 W, 24, 0 %, 2 MiB, 1, 16
2026/04/26 12:28:26.522, 1, P8, 22 MHz, 405 MHz, 24.60 W, 24, 0 %, 2 MiB, 1, 16
2026/04/26 12:28:26.522, 2, P8, 22 MHz, 405 MHz, 19.00 W, 24, 0 %, 2 MiB, 1, 16
2026/04/26 12:28:26.523, 3, P8, 22 MHz, 405 MHz, 16.51 W, 24, 0 %, 2 MiB, 1, 16
2026/04/26 12:28:26.523, 4, P8, 22 MHz, 405 MHz, 26.90 W, 22, 0 %, 2 MiB, 1, 16
2026/04/26 12:28:26.523, 5, P8, 22 MHz, 405 MHz, 8.27 W, 23, 0 %, 2 MiB, 1, 16
2026/04/26 12:28:26.523, 6, P8, 22 MHz, 405 MHz, 17.26 W, 24, 0 %, 2 MiB, 1, 16
2026/04/26 12:28:26.523, 7, P8, 22 MHz, 405 MHz, 14.38 W, 24, 0 %, 2 MiB, 1, 16
2026/04/26 12:28:27.523, 0, P8, 22 MHz, 405 MHz, 38.41 W, 24, 0 %, 2 MiB, 1, 16
2026/04/26 12:28:27.523, 1, P8, 22 MHz, 405 MHz, 24.47 W, 24, 0 %, 2 MiB, 1, 16
2026/04/26 12:28:27.524, 2, P8, 22 MHz, 405 MHz, 19.13 W, 24, 0 %, 2 MiB, 1, 16
2026/04/26 12:28:27.524, 3, P8, 22 MHz, 405 MHz, 16.35 W, 24, 0 %, 2 MiB, 1, 16
2026/04/26 12:28:27.524, 4, P8, 22 MHz, 405 MHz, 27.27 W, 23, 0 %, 2 MiB, 1, 16
2026/04/26 12:28:27.524, 5, P8, 22 MHz, 405 MHz, 8.09 W, 23, 0 %, 2 MiB, 1, 16
2026/04/26 12:28:27.524, 6, P8, 22 MHz, 405 MHz, 18.29 W, 24, 0 %, 2 MiB, 1, 16
2026/04/26 12:28:27.524, 7, P8, 22 MHz, 405 MHz, 14.87 W, 24, 0 %, 2 MiB, 1, 16
2026/04/26 12:28:28.524, 0, P8, 22 MHz, 405 MHz, 38.23 W, 24, 0 %, 2 MiB, 1, 16
2026/04/26 12:28:28.524, 1, P8, 22 MHz, 405 MHz, 24.45 W, 24, 0 %, 2 MiB, 1, 16
2026/04/26 12:28:28.524, 2, P8, 22 MHz, 405 MHz, 19.22 W, 24, 0 %, 2 MiB, 1, 16
2026/04/26 12:28:28.524, 3, P8, 22 MHz, 405 MHz, 16.52 W, 24, 0 %, 2 MiB, 1, 16
2026/04/26 12:28:28.524, 4, P8, 22 MHz, 405 MHz, 27.32 W, 23, 0 %, 2 MiB, 1, 16
2026/04/26 12:28:28.524, 5, P8, 22 MHz, 405 MHz, 7.79 W, 23, 0 %, 2 MiB, 1, 16
2026/04/26 12:28:28.524, 6, P8, 22 MHz, 405 MHz, 18.33 W, 24, 0 %, 2 MiB, 1, 16
2026/04/26 12:28:28.525, 7, P8, 22 MHz, 405 MHz, 15.05 W, 24, 0 %, 2 MiB, 1, 16
2026/04/26 12:28:29.525, 0, P8, 22 MHz, 405 MHz, 38.08 W, 24, 0 %, 2 MiB, 1, 16
2026/04/26 12:28:29.525, 1, P8, 22 MHz, 405 MHz, 24.38 W, 24, 0 %, 2 MiB, 1, 16
2026/04/26 12:28:29.525, 2, P8, 22 MHz, 405 MHz, 19.23 W, 24, 0 %, 2 MiB, 1, 16
2026/04/26 12:28:29.525, 3, P8, 22 MHz, 405 MHz, 16.25 W, 24, 0 %, 2 MiB, 1, 16
2026/04/26 12:28:29.525, 4, P8, 22 MHz, 405 MHz, 27.27 W, 23, 0 %, 2 MiB, 1, 16
2026/04/26 12:28:29.525, 5, P8, 22 MHz, 405 MHz, 8.09 W, 23, 0 %, 2 MiB, 1, 16
2026/04/26 12:28:29.525, 6, P8, 22 MHz, 405 MHz, 18.33 W, 24, 0 %, 2 MiB, 1, 16
2026/04/26 12:28:29.525, 7, P8, 22 MHz, 405 MHz, 15.00 W, 24, 0 %, 2 MiB, 1, 16
2026/04/26 12:28:30.525, 0, P8, 22 MHz, 405 MHz, 38.22 W, 24, 0 %, 2 MiB, 1, 16
2026/04/26 12:28:30.525, 1, P8, 22 MHz, 405 MHz, 24.20 W, 24, 0 %, 2 MiB, 1, 16
2026/04/26 12:28:30.525, 2, P8, 22 MHz, 405 MHz, 19.45 W, 24, 0 %, 2 MiB, 1, 16
2026/04/26 12:28:30.525, 3, P8, 22 MHz, 405 MHz, 16.48 W, 24, 0 %, 2 MiB, 1, 16
2026/04/26 12:28:30.526, 4, P8, 22 MHz, 405 MHz, 26.65 W, 23, 0 %, 2 MiB, 1, 16
2026/04/26 12:28:30.526, 5, P8, 22 MHz, 405 MHz, 8.44 W, 23, 0 %, 2 MiB, 1, 16
2026/04/26 12:28:30.526, 6, P8, 22 MHz, 405 MHz, 18.15 W, 24, 0 %, 2 MiB, 1, 16
2026/04/26 12:28:30.526, 7, P8, 22 MHz, 405 MHz, 14.75 W, 24, 0 %, 2 MiB, 1, 16
2026/04/26 12:28:31.526, 0, P8, 22 MHz, 405 MHz, 37.74 W, 24, 0 %, 2 MiB, 1, 16
2026/04/26 12:28:31.526, 1, P8, 22 MHz, 405 MHz, 24.34 W, 24, 0 %, 2 MiB, 1, 16
2026/04/26 12:28:31.526, 2, P8, 22 MHz, 405 MHz, 19.08 W, 24, 0 %, 2 MiB, 1, 16
2026/04/26 12:28:31.526, 3, P8, 21 MHz, 405 MHz, 16.67 W, 24, 0 %, 2 MiB, 1, 16
2026/04/26 12:28:31.526, 4, P8, 22 MHz, 405 MHz, 26.03 W, 22, 0 %, 2 MiB, 1, 16
2026/04/26 12:28:31.526, 5, P8, 22 MHz, 405 MHz, 8.44 W, 23, 0 %, 2 MiB, 1, 16
2026/04/26 12:28:31.526, 6, P8, 22 MHz, 405 MHz, 18.28 W, 24, 0 %, 2 MiB, 1, 16
2026/04/26 12:28:31.526, 7, P8, 22 MHz, 405 MHz, 14.85 W, 24, 0 %, 2 MiB, 1, 16
2026/04/26 12:28:32.527, 0, P8, 22 MHz, 405 MHz, 38.14 W, 24, 0 %, 2 MiB, 1, 16
2026/04/26 12:28:32.527, 1, P8, 22 MHz, 405 MHz, 24.42 W, 24, 0 %, 2 MiB, 1, 16
2026/04/26 12:28:32.527, 2, P8, 22 MHz, 405 MHz, 19.30 W, 24, 0 %, 2 MiB, 1, 16
2026/04/26 12:28:32.527, 3, P8, 22 MHz, 405 MHz, 16.75 W, 24, 0 %, 2 MiB, 1, 16
2026/04/26 12:28:32.527, 4, P8, 22 MHz, 405 MHz, 25.87 W, 23, 0 %, 2 MiB, 1, 16
2026/04/26 12:28:32.527, 5, P8, 22 MHz, 405 MHz, 8.32 W, 23, 0 %, 2 MiB, 1, 16
2026/04/26 12:28:32.527, 6, P8, 22 MHz, 405 MHz, 18.58 W, 24, 0 %, 2 MiB, 1, 16
2026/04/26 12:28:32.527, 7, P8, 22 MHz, 405 MHz, 14.98 W, 24, 0 %, 2 MiB, 1, 16
2026/04/26 12:28:33.527, 0, P8, 22 MHz, 405 MHz, 38.49 W, 24, 0 %, 2 MiB, 1, 16
2026/04/26 12:28:33.527, 1, P8, 22 MHz, 405 MHz, 24.42 W, 24, 0 %, 2 MiB, 1, 16
2026/04/26 12:28:33.527, 2, P8, 22 MHz, 405 MHz, 19.32 W, 24, 0 %, 2 MiB, 1, 16
2026/04/26 12:28:33.527, 3, P8, 22 MHz, 405 MHz, 16.46 W, 24, 0 %, 2 MiB, 1, 16
2026/04/26 12:28:33.527, 4, P8, 22 MHz, 405 MHz, 25.84 W, 23, 0 %, 2 MiB, 1, 16
2026/04/26 12:28:33.528, 5, P8, 22 MHz, 405 MHz, 8.22 W, 23, 0 %, 2 MiB, 1, 16
2026/04/26 12:28:33.528, 6, P8, 22 MHz, 405 MHz, 18.53 W, 24, 0 %, 2 MiB, 1, 16
2026/04/26 12:28:33.528, 7, P8, 22 MHz, 405 MHz, 14.61 W, 24, 0 %, 2 MiB, 1, 16
2026/04/26 12:28:34.528, 0, P8, 22 MHz, 405 MHz, 38.25 W, 24, 0 %, 2 MiB, 1, 16
2026/04/26 12:28:34.528, 1, P8, 22 MHz, 405 MHz, 24.60 W, 24, 0 %, 2 MiB, 1, 16
2026/04/26 12:28:34.528, 2, P8, 22 MHz, 405 MHz, 19.43 W, 24, 0 %, 2 MiB, 1, 16
2026/04/26 12:28:34.528, 3, P8, 22 MHz, 405 MHz, 16.22 W, 24, 0 %, 2 MiB, 1, 16
2026/04/26 12:28:34.528, 4, P8, 22 MHz, 405 MHz, 26.16 W, 22, 0 %, 2 MiB, 1, 16
2026/04/26 12:28:34.528, 5, P8, 22 MHz, 405 MHz, 8.08 W, 23, 0 %, 2 MiB, 1, 16
2026/04/26 12:28:34.528, 6, P8, 22 MHz, 405 MHz, 18.39 W, 24, 0 %, 2 MiB, 1, 16
2026/04/26 12:28:34.528, 7, P8, 22 MHz, 405 MHz, 14.67 W, 24, 0 %, 2 MiB, 1, 16
2026/04/26 12:28:35.528, 0, P8, 22 MHz, 405 MHz, 38.24 W, 24, 0 %, 2 MiB, 1, 16
2026/04/26 12:28:35.529, 1, P8, 22 MHz, 405 MHz, 24.39 W, 24, 0 %, 2 MiB, 1, 16
2026/04/26 12:28:35.529, 2, P8, 22 MHz, 405 MHz, 19.25 W, 24, 0 %, 2 MiB, 1, 16
2026/04/26 12:28:35.529, 3, P8, 22 MHz, 405 MHz, 16.38 W, 24, 0 %, 2 MiB, 1, 16
2026/04/26 12:28:35.529, 4, P8, 22 MHz, 405 MHz, 26.22 W, 23, 0 %, 2 MiB, 1, 16
2026/04/26 12:28:35.529, 5, P8, 22 MHz, 405 MHz, 8.13 W, 23, 0 %, 2 MiB, 1, 16
2026/04/26 12:28:35.529, 6, P8, 22 MHz, 405 MHz, 18.38 W, 24, 0 %, 2 MiB, 1, 16
2026/04/26 12:28:35.529, 7, P8, 22 MHz, 405 MHz, 14.59 W, 24, 0 %, 2 MiB, 1, 16
2026/04/26 12:28:36.529, 0, P8, 22 MHz, 405 MHz, 38.26 W, 24, 0 %, 2 MiB, 1, 16
2026/04/26 12:28:36.529, 1, P8, 22 MHz, 405 MHz, 24.28 W, 23, 0 %, 2 MiB, 1, 16
2026/04/26 12:28:36.535, 2, P8, 22 MHz, 405 MHz, 19.05 W, 24, 0 %, 2 MiB, 1, 16
2026/04/26 12:28:36.535, 3, P8, 22 MHz, 405 MHz, 16.25 W, 24, 0 %, 2 MiB, 1, 16
2026/04/26 12:28:36.535, 4, P8, 22 MHz, 405 MHz, 26.01 W, 22, 0 %, 2 MiB, 1, 16
2026/04/26 12:28:36.535, 5, P8, 22 MHz, 405 MHz, 8.35 W, 23, 0 %, 2 MiB, 1, 16
2026/04/26 12:28:36.536, 6, P8, 22 MHz, 405 MHz, 17.96 W, 24, 0 %, 2 MiB, 1, 16
2026/04/26 12:28:36.536, 7, P8, 22 MHz, 405 MHz, 14.54 W, 24, 0 %, 2 MiB, 1, 16
2026/04/26 12:28:37.536, 0, P8, 22 MHz, 405 MHz, 38.26 W, 24, 0 %, 2 MiB, 1, 16
2026/04/26 12:28:37.536, 1, P8, 22 MHz, 405 MHz, 24.34 W, 24, 0 %, 2 MiB, 1, 16
2026/04/26 12:28:37.536, 2, P8, 22 MHz, 405 MHz, 19.14 W, 24, 0 %, 2 MiB, 1, 16
2026/04/26 12:28:37.536, 3, P8, 22 MHz, 405 MHz, 16.38 W, 24, 0 %, 2 MiB, 1, 16
2026/04/26 12:28:37.536, 4, P8, 22 MHz, 405 MHz, 24.75 W, 22, 0 %, 2 MiB, 1, 16
2026/04/26 12:28:37.536, 5, P8, 22 MHz, 405 MHz, 8.74 W, 23, 0 %, 2 MiB, 1, 16
2026/04/26 12:28:37.536, 6, P8, 22 MHz, 405 MHz, 18.12 W, 24, 0 %, 2 MiB, 1, 16
2026/04/26 12:28:37.536, 7, P8, 22 MHz, 405 MHz, 14.41 W, 24, 0 %, 2 MiB, 1, 16
2026/04/26 12:28:38.537, 0, P8, 22 MHz, 405 MHz, 38.29 W, 24, 0 %, 2 MiB, 1, 16
2026/04/26 12:28:38.537, 1, P8, 22 MHz, 405 MHz, 24.40 W, 24, 0 %, 2 MiB, 1, 16
2026/04/26 12:28:38.537, 2, P8, 22 MHz, 405 MHz, 19.11 W, 24, 0 %, 2 MiB, 1, 16
2026/04/26 12:28:38.537, 3, P8, 22 MHz, 405 MHz, 16.51 W, 24, 0 %, 2 MiB, 1, 16
2026/04/26 12:28:38.537, 4, P8, 22 MHz, 405 MHz, 25.32 W, 23, 0 %, 2 MiB, 1, 16
2026/04/26 12:28:38.537, 5, P8, 22 MHz, 405 MHz, 8.47 W, 23, 0 %, 2 MiB, 1, 16
2026/04/26 12:28:38.537, 6, P8, 22 MHz, 405 MHz, 18.29 W, 24, 0 %, 2 MiB, 1, 16
2026/04/26 12:28:38.537, 7, P8, 22 MHz, 405 MHz, 14.50 W, 24, 0 %, 2 MiB, 1, 16
2026/04/26 12:28:39.537, 0, P8, 22 MHz, 405 MHz, 38.46 W, 24, 0 %, 2 MiB, 1, 16
2026/04/26 12:28:39.537, 1, P8, 22 MHz, 405 MHz, 24.39 W, 24, 0 %, 2 MiB, 1, 16
2026/04/26 12:28:39.537, 2, P8, 22 MHz, 405 MHz, 19.29 W, 24, 0 %, 2 MiB, 1, 16
2026/04/26 12:28:39.537, 3, P8, 22 MHz, 405 MHz, 16.49 W, 24, 0 %, 2 MiB, 1, 16
2026/04/26 12:28:39.537, 4, P8, 22 MHz, 405 MHz, 25.66 W, 22, 0 %, 2 MiB, 1, 16
2026/04/26 12:28:39.537, 5, P8, 22 MHz, 405 MHz, 8.37 W, 23, 0 %, 2 MiB, 1, 16
2026/04/26 12:28:39.538, 6, P8, 22 MHz, 405 MHz, 17.99 W, 24, 0 %, 2 MiB, 1, 16
2026/04/26 12:28:39.538, 7, P8, 22 MHz, 405 MHz, 14.28 W, 24, 0 %, 2 MiB, 1, 16
2026/04/26 12:28:40.538, 0, P8, 22 MHz, 405 MHz, 38.10 W, 24, 0 %, 2 MiB, 1, 16
2026/04/26 12:28:40.538, 1, P8, 22 MHz, 405 MHz, 24.39 W, 24, 0 %, 2 MiB, 1, 16
2026/04/26 12:28:40.538, 2, P8, 22 MHz, 405 MHz, 19.29 W, 24, 0 %, 2 MiB, 1, 16
2026/04/26 12:28:40.538, 3, P8, 22 MHz, 405 MHz, 16.78 W, 24, 0 %, 2 MiB, 1, 16
2026/04/26 12:28:40.538, 4, P8, 22 MHz, 405 MHz, 26.35 W, 23, 0 %, 2 MiB, 1, 16
2026/04/26 12:28:40.538, 5, P8, 22 MHz, 405 MHz, 8.21 W, 23, 0 %, 2 MiB, 1, 16
2026/04/26 12:28:40.538, 6, P8, 22 MHz, 405 MHz, 18.13 W, 24, 0 %, 2 MiB, 1, 16
2026/04/26 12:28:40.538, 7, P8, 22 MHz, 405 MHz, 14.42 W, 24, 0 %, 2 MiB, 1, 16
2026/04/26 12:28:41.539, 0, P8, 22 MHz, 405 MHz, 38.51 W, 24, 0 %, 2 MiB, 1, 16
2026/04/26 12:28:41.539, 1, P8, 22 MHz, 405 MHz, 24.37 W, 24, 0 %, 2 MiB, 1, 16
2026/04/26 12:28:41.539, 2, P8, 22 MHz, 405 MHz, 19.25 W, 24, 0 %, 2 MiB, 1, 16
2026/04/26 12:28:41.539, 3, P8, 22 MHz, 405 MHz, 16.42 W, 24, 0 %, 2 MiB, 1, 16
2026/04/26 12:28:41.539, 4, P8, 22 MHz, 405 MHz, 26.78 W, 22, 0 %, 2 MiB, 1, 16
2026/04/26 12:28:41.539, 5, P8, 22 MHz, 405 MHz, 8.21 W, 23, 0 %, 2 MiB, 1, 16
2026/04/26 12:28:41.539, 6, P8, 22 MHz, 405 MHz, 18.16 W, 24, 0 %, 2 MiB, 1, 16
2026/04/26 12:28:41.539, 7, P8, 22 MHz, 405 MHz, 14.53 W, 24, 0 %, 2 MiB, 1, 16
2026/04/26 12:28:42.539, 0, P8, 22 MHz, 405 MHz, 38.42 W, 24, 0 %, 2 MiB, 1, 16
2026/04/26 12:28:42.539, 1, P8, 22 MHz, 405 MHz, 24.36 W, 24, 0 %, 2 MiB, 1, 16
2026/04/26 12:28:42.540, 2, P8, 22 MHz, 405 MHz, 19.18 W, 24, 0 %, 2 MiB, 1, 16
2026/04/26 12:28:42.540, 3, P8, 22 MHz, 405 MHz, 16.43 W, 24, 0 %, 2 MiB, 1, 16
2026/04/26 12:28:42.540, 4, P8, 22 MHz, 405 MHz, 26.32 W, 23, 0 %, 2 MiB, 1, 16
2026/04/26 12:28:42.540, 5, P8, 22 MHz, 405 MHz, 8.46 W, 23, 0 %, 2 MiB, 1, 16
2026/04/26 12:28:42.540, 6, P8, 22 MHz, 405 MHz, 18.18 W, 24, 0 %, 2 MiB, 1, 16
2026/04/26 12:28:42.540, 7, P8, 22 MHz, 405 MHz, 14.42 W, 24, 0 %, 2 MiB, 1, 16
2026/04/26 12:28:43.540, 0, P8, 22 MHz, 405 MHz, 38.26 W, 24, 0 %, 2 MiB, 1, 16
2026/04/26 12:28:43.540, 1, P8, 22 MHz, 405 MHz, 24.55 W, 24, 0 %, 2 MiB, 1, 16
2026/04/26 12:28:43.540, 2, P8, 22 MHz, 405 MHz, 18.96 W, 24, 0 %, 2 MiB, 1, 16
2026/04/26 12:28:43.540, 3, P8, 22 MHz, 405 MHz, 16.54 W, 24, 0 %, 2 MiB, 1, 16
2026/04/26 12:28:43.540, 4, P8, 22 MHz, 405 MHz, 26.45 W, 23, 0 %, 2 MiB, 1, 16
2026/04/26 12:28:43.540, 5, P8, 22 MHz, 405 MHz, 8.46 W, 23, 0 %, 2 MiB, 1, 16
2026/04/26 12:28:43.540, 6, P8, 22 MHz, 405 MHz, 18.28 W, 24, 0 %, 2 MiB, 1, 16
2026/04/26 12:28:43.540, 7, P8, 22 MHz, 405 MHz, 14.48 W, 24, 0 %, 2 MiB, 1, 16
2026/04/26 12:28:44.541, 0, P8, 22 MHz, 405 MHz, 38.19 W, 24, 0 %, 2 MiB, 1, 16
2026/04/26 12:28:44.541, 1, P8, 22 MHz, 405 MHz, 24.83 W, 24, 0 %, 2 MiB, 1, 16
2026/04/26 12:28:44.541, 2, P8, 22 MHz, 405 MHz, 18.96 W, 24, 0 %, 2 MiB, 1, 16
2026/04/26 12:28:44.541, 3, P8, 22 MHz, 405 MHz, 16.83 W, 24, 0 %, 2 MiB, 1, 16
2026/04/26 12:28:44.541, 4, P8, 22 MHz, 405 MHz, 26.86 W, 22, 0 %, 2 MiB, 1, 16
2026/04/26 12:28:44.541, 5, P8, 22 MHz, 405 MHz, 8.09 W, 23, 0 %, 2 MiB, 1, 16
2026/04/26 12:28:44.541, 6, P8, 22 MHz, 405 MHz, 18.49 W, 24, 0 %, 2 MiB, 1, 16
2026/04/26 12:28:44.541, 7, P8, 22 MHz, 405 MHz, 14.85 W, 24, 0 %, 2 MiB, 1, 16
2026/04/26 12:28:45.541, 0, P8, 22 MHz, 405 MHz, 38.00 W, 24, 0 %, 2 MiB, 1, 16
2026/04/26 12:28:45.541, 1, P8, 22 MHz, 405 MHz, 24.75 W, 24, 0 %, 2 MiB, 1, 16
2026/04/26 12:28:45.541, 2, P8, 22 MHz, 405 MHz, 18.91 W, 24, 0 %, 2 MiB, 1, 16
2026/04/26 12:28:45.541, 3, P8, 21 MHz, 405 MHz, 16.65 W, 24, 0 %, 2 MiB, 1, 16
2026/04/26 12:28:45.541, 4, P8, 22 MHz, 405 MHz, 26.92 W, 23, 0 %, 2 MiB, 1, 16
2026/04/26 12:28:45.542, 5, P8, 22 MHz, 405 MHz, 7.91 W, 23, 0 %, 2 MiB, 1, 16
2026/04/26 12:28:45.542, 6, P8, 22 MHz, 405 MHz, 18.43 W, 24, 0 %, 2 MiB, 1, 16
2026/04/26 12:28:45.542, 7, P8, 22 MHz, 405 MHz, 14.86 W, 24, 0 %, 2 MiB, 1, 16
2026/04/26 12:28:46.542, 0, P8, 22 MHz, 405 MHz, 38.28 W, 24, 0 %, 2 MiB, 1, 16
2026/04/26 12:28:46.542, 1, P8, 22 MHz, 405 MHz, 24.77 W, 24, 0 %, 2 MiB, 1, 16
2026/04/26 12:28:46.542, 2, P8, 22 MHz, 405 MHz, 18.98 W, 24, 0 %, 2 MiB, 1, 16
2026/04/26 12:28:46.542, 3, P8, 22 MHz, 405 MHz, 16.63 W, 24, 0 %, 2 MiB, 1, 16
2026/04/26 12:28:46.542, 4, P8, 22 MHz, 405 MHz, 27.15 W, 23, 0 %, 2 MiB, 1, 16
2026/04/26 12:28:46.542, 5, P8, 22 MHz, 405 MHz, 7.99 W, 23, 0 %, 2 MiB, 1, 16
2026/04/26 12:28:46.542, 6, P8, 22 MHz, 405 MHz, 18.28 W, 24, 0 %, 2 MiB, 1, 16
2026/04/26 12:28:46.542, 7, P8, 22 MHz, 405 MHz, 14.73 W, 24, 0 %, 2 MiB, 1, 16
2026/04/26 12:28:47.542, 0, P8, 22 MHz, 405 MHz, 38.46 W, 24, 0 %, 2 MiB, 1, 16
2026/04/26 12:28:47.543, 1, P8, 22 MHz, 405 MHz, 24.51 W, 24, 0 %, 2 MiB, 1, 16
2026/04/26 12:28:47.543, 2, P8, 22 MHz, 405 MHz, 19.02 W, 24, 0 %, 2 MiB, 1, 16
2026/04/26 12:28:47.543, 3, P8, 22 MHz, 405 MHz, 16.84 W, 24, 0 %, 2 MiB, 1, 16
2026/04/26 12:28:47.543, 4, P8, 22 MHz, 405 MHz, 27.29 W, 22, 0 %, 2 MiB, 1, 16
2026/04/26 12:28:47.543, 5, P8, 22 MHz, 405 MHz, 8.06 W, 23, 0 %, 2 MiB, 1, 16
2026/04/26 12:28:47.543, 6, P8, 22 MHz, 405 MHz, 18.30 W, 24, 0 %, 2 MiB, 1, 16
2026/04/26 12:28:47.543, 7, P8, 22 MHz, 405 MHz, 14.65 W, 24, 0 %, 2 MiB, 1, 16
2026/04/26 12:28:48.543, 0, P8, 22 MHz, 405 MHz, 38.67 W, 24, 0 %, 2 MiB, 1, 16
2026/04/26 12:28:48.543, 1, P8, 22 MHz, 405 MHz, 24.50 W, 24, 0 %, 2 MiB, 1, 16
2026/04/26 12:28:48.543, 2, P8, 22 MHz, 405 MHz, 19.14 W, 24, 0 %, 2 MiB, 1, 16
2026/04/26 12:28:48.543, 3, P8, 22 MHz, 405 MHz, 17.19 W, 24, 0 %, 2 MiB, 1, 16
2026/04/26 12:28:48.543, 4, P8, 22 MHz, 405 MHz, 27.17 W, 23, 0 %, 2 MiB, 1, 16
2026/04/26 12:28:48.543, 5, P8, 22 MHz, 405 MHz, 8.05 W, 23, 0 %, 2 MiB, 1, 16
2026/04/26 12:28:48.543, 6, P8, 22 MHz, 405 MHz, 18.18 W, 24, 0 %, 2 MiB, 1, 16
2026/04/26 12:28:48.543, 7, P8, 22 MHz, 405 MHz, 14.53 W, 24, 0 %, 2 MiB, 1, 16
2026/04/26 12:28:49.544, 0, P8, 22 MHz, 405 MHz, 38.68 W, 24, 0 %, 2 MiB, 1, 16
2026/04/26 12:28:49.544, 1, P8, 22 MHz, 405 MHz, 24.45 W, 24, 0 %, 2 MiB, 1, 16
2026/04/26 12:28:49.544, 2, P8, 22 MHz, 405 MHz, 19.63 W, 24, 0 %, 2 MiB, 1, 16
2026/04/26 12:28:49.544, 3, P8, 22 MHz, 405 MHz, 16.99 W, 24, 0 %, 2 MiB, 1, 16
2026/04/26 12:28:49.544, 4, P8, 22 MHz, 405 MHz, 26.69 W, 22, 0 %, 2 MiB, 1, 16
2026/04/26 12:28:49.544, 5, P8, 22 MHz, 405 MHz, 8.09 W, 23, 0 %, 2 MiB, 1, 16
2026/04/26 12:28:49.544, 6, P8, 22 MHz, 405 MHz, 18.01 W, 24, 0 %, 2 MiB, 1, 16
2026/04/26 12:28:49.544, 7, P8, 22 MHz, 405 MHz, 14.68 W, 24, 0 %, 2 MiB, 1, 16
2026/04/26 12:28:50.544, 0, P8, 22 MHz, 405 MHz, 38.42 W, 24, 0 %, 2 MiB, 1, 16
2026/04/26 12:28:50.544, 1, P8, 22 MHz, 405 MHz, 24.49 W, 24, 0 %, 2 MiB, 1, 16
2026/04/26 12:28:50.545, 2, P8, 22 MHz, 405 MHz, 19.34 W, 24, 0 %, 2 MiB, 1, 16
2026/04/26 12:28:50.545, 3, P8, 22 MHz, 405 MHz, 16.87 W, 24, 0 %, 2 MiB, 1, 16
2026/04/26 12:28:50.545, 4, P8, 22 MHz, 405 MHz, 27.01 W, 23, 0 %, 2 MiB, 1, 16
2026/04/26 12:28:50.545, 5, P8, 22 MHz, 405 MHz, 8.09 W, 23, 0 %, 2 MiB, 1, 16
2026/04/26 12:28:50.545, 6, P8, 22 MHz, 405 MHz, 18.09 W, 24, 0 %, 2 MiB, 1, 16
2026/04/26 12:28:50.545, 7, P8, 22 MHz, 405 MHz, 14.66 W, 24, 0 %, 2 MiB, 1, 16
2026/04/26 12:28:51.545, 0, P8, 22 MHz, 405 MHz, 38.36 W, 24, 0 %, 2 MiB, 1, 16
2026/04/26 12:28:51.545, 1, P8, 22 MHz, 405 MHz, 24.51 W, 24, 0 %, 2 MiB, 1, 16
2026/04/26 12:28:51.545, 2, P8, 22 MHz, 405 MHz, 19.28 W, 24, 0 %, 2 MiB, 1, 16
2026/04/26 12:28:51.545, 3, P8, 22 MHz, 405 MHz, 17.32 W, 24, 0 %, 2 MiB, 1, 16
2026/04/26 12:28:51.545, 4, P8, 22 MHz, 405 MHz, 26.60 W, 22, 0 %, 2 MiB, 1, 16
2026/04/26 12:28:51.545, 5, P8, 22 MHz, 405 MHz, 8.11 W, 23, 0 %, 2 MiB, 1, 16
2026/04/26 12:28:51.545, 6, P8, 22 MHz, 405 MHz, 17.96 W, 24, 0 %, 2 MiB, 1, 16
2026/04/26 12:28:51.545, 7, P8, 22 MHz, 405 MHz, 14.71 W, 24, 0 %, 2 MiB, 1, 16
2026/04/26 12:28:52.546, 0, P8, 22 MHz, 405 MHz, 38.75 W, 24, 0 %, 2 MiB, 1, 16
2026/04/26 12:28:52.546, 1, P8, 22 MHz, 405 MHz, 24.81 W, 24, 0 %, 2 MiB, 1, 16
2026/04/26 12:28:52.546, 2, P8, 22 MHz, 405 MHz, 19.21 W, 24, 0 %, 2 MiB, 1, 16
2026/04/26 12:28:52.546, 3, P8, 22 MHz, 405 MHz, 16.93 W, 24, 0 %, 2 MiB, 1, 16
2026/04/26 12:28:52.546, 4, P8, 22 MHz, 405 MHz, 26.70 W, 22, 0 %, 2 MiB, 1, 16
2026/04/26 12:28:52.546, 5, P8, 22 MHz, 405 MHz, 8.58 W, 23, 0 %, 2 MiB, 1, 16
2026/04/26 12:28:52.546, 6, P8, 22 MHz, 405 MHz, 17.81 W, 24, 0 %, 2 MiB, 1, 16
2026/04/26 12:28:52.546, 7, P8, 22 MHz, 405 MHz, 14.79 W, 24, 0 %, 2 MiB, 1, 16
2026/04/26 12:28:53.547, 0, P8, 22 MHz, 405 MHz, 38.51 W, 24, 0 %, 2 MiB, 1, 16
2026/04/26 12:28:53.547, 1, P8, 22 MHz, 405 MHz, 24.81 W, 24, 0 %, 2 MiB, 1, 16
2026/04/26 12:28:53.547, 2, P8, 22 MHz, 405 MHz, 19.33 W, 24, 0 %, 2 MiB, 1, 16
2026/04/26 12:28:53.547, 3, P8, 22 MHz, 405 MHz, 16.89 W, 24, 0 %, 2 MiB, 1, 16
2026/04/26 12:28:53.547, 4, P8, 22 MHz, 405 MHz, 27.03 W, 23, 0 %, 2 MiB, 1, 16
2026/04/26 12:28:53.547, 5, P8, 22 MHz, 405 MHz, 8.34 W, 23, 0 %, 2 MiB, 1, 16
2026/04/26 12:28:53.547, 6, P8, 22 MHz, 405 MHz, 18.01 W, 24, 0 %, 2 MiB, 1, 16
2026/04/26 12:28:53.547, 7, P8, 22 MHz, 405 MHz, 14.76 W, 24, 0 %, 2 MiB, 1, 16
2026/04/26 12:28:54.547, 0, P8, 22 MHz, 405 MHz, 38.36 W, 24, 0 %, 2 MiB, 1, 16
2026/04/26 12:28:54.547, 1, P8, 22 MHz, 405 MHz, 24.76 W, 24, 0 %, 2 MiB, 1, 16
2026/04/26 12:28:54.547, 2, P8, 22 MHz, 405 MHz, 19.19 W, 24, 0 %, 2 MiB, 1, 16
2026/04/26 12:28:54.548, 3, P8, 22 MHz, 405 MHz, 16.77 W, 24, 0 %, 2 MiB, 1, 16
2026/04/26 12:28:54.548, 4, P8, 22 MHz, 405 MHz, 27.17 W, 23, 0 %, 2 MiB, 1, 16
2026/04/26 12:28:54.548, 5, P8, 22 MHz, 405 MHz, 8.02 W, 23, 0 %, 2 MiB, 1, 16
2026/04/26 12:28:54.548, 6, P8, 22 MHz, 405 MHz, 17.77 W, 24, 0 %, 2 MiB, 1, 16
2026/04/26 12:28:54.548, 7, P8, 22 MHz, 405 MHz, 14.68 W, 24, 0 %, 2 MiB, 1, 16
2026/04/26 12:28:55.548, 0, P8, 22 MHz, 405 MHz, 38.42 W, 24, 0 %, 2 MiB, 1, 16
2026/04/26 12:28:55.548, 1, P8, 22 MHz, 405 MHz, 24.63 W, 24, 0 %, 2 MiB, 1, 16
2026/04/26 12:28:55.548, 2, P8, 22 MHz, 405 MHz, 19.14 W, 24, 0 %, 2 MiB, 1, 16
2026/04/26 12:28:55.548, 3, P8, 22 MHz, 405 MHz, 16.77 W, 24, 0 %, 2 MiB, 1, 16
2026/04/26 12:28:55.548, 4, P8, 22 MHz, 405 MHz, 27.14 W, 23, 0 %, 2 MiB, 1, 16
2026/04/26 12:28:55.548, 5, P8, 22 MHz, 405 MHz, 8.06 W, 23, 0 %, 2 MiB, 1, 16
2026/04/26 12:28:55.548, 6, P8, 22 MHz, 405 MHz, 17.79 W, 24, 0 %, 2 MiB, 1, 16
2026/04/26 12:28:55.549, 7, P8, 22 MHz, 405 MHz, 14.61 W, 24, 0 %, 2 MiB, 1, 16
2026/04/26 12:28:56.549, 0, P8, 22 MHz, 405 MHz, 38.07 W, 24, 0 %, 2 MiB, 1, 16
2026/04/26 12:28:56.549, 1, P8, 22 MHz, 405 MHz, 24.72 W, 24, 0 %, 2 MiB, 1, 16
2026/04/26 12:28:56.549, 2, P8, 22 MHz, 405 MHz, 19.23 W, 24, 0 %, 2 MiB, 1, 16
2026/04/26 12:28:56.549, 3, P8, 22 MHz, 405 MHz, 17.02 W, 24, 0 %, 2 MiB, 1, 16
2026/04/26 12:28:56.549, 4, P8, 22 MHz, 405 MHz, 26.99 W, 23, 0 %, 2 MiB, 1, 16
2026/04/26 12:28:56.549, 5, P8, 22 MHz, 405 MHz, 8.44 W, 23, 0 %, 2 MiB, 1, 16
2026/04/26 12:28:56.549, 6, P8, 22 MHz, 405 MHz, 17.62 W, 24, 0 %, 2 MiB, 1, 16
2026/04/26 12:28:56.549, 7, P8, 22 MHz, 405 MHz, 14.55 W, 24, 0 %, 2 MiB, 1, 16
2026/04/26 12:28:57.549, 0, P8, 22 MHz, 405 MHz, 38.12 W, 24, 0 %, 2 MiB, 1, 16
2026/04/26 12:28:57.549, 1, P8, 22 MHz, 405 MHz, 24.77 W, 24, 0 %, 2 MiB, 1, 16
2026/04/26 12:28:57.549, 2, P8, 22 MHz, 405 MHz, 19.50 W, 24, 0 %, 2 MiB, 1, 16
2026/04/26 12:28:57.550, 3, P8, 22 MHz, 405 MHz, 16.70 W, 24, 0 %, 2 MiB, 1, 16
2026/04/26 12:28:57.550, 4, P8, 22 MHz, 405 MHz, 27.40 W, 22, 0 %, 2 MiB, 1, 16
2026/04/26 12:28:57.550, 5, P8, 22 MHz, 405 MHz, 8.47 W, 23, 0 %, 2 MiB, 1, 16
2026/04/26 12:28:57.550, 6, P8, 22 MHz, 405 MHz, 17.69 W, 24, 0 %, 2 MiB, 1, 16
2026/04/26 12:28:57.550, 7, P8, 22 MHz, 405 MHz, 14.75 W, 24, 0 %, 2 MiB, 1, 16
2026/04/26 12:28:58.550, 0, P8, 22 MHz, 405 MHz, 38.30 W, 24, 0 %, 2 MiB, 1, 16
2026/04/26 12:28:58.550, 1, P8, 22 MHz, 405 MHz, 24.46 W, 24, 0 %, 2 MiB, 1, 16
2026/04/26 12:28:58.550, 2, P8, 22 MHz, 405 MHz, 19.55 W, 24, 0 %, 2 MiB, 1, 16
2026/04/26 12:28:58.550, 3, P8, 22 MHz, 405 MHz, 16.62 W, 24, 0 %, 2 MiB, 1, 16
2026/04/26 12:28:58.550, 4, P8, 22 MHz, 405 MHz, 27.34 W, 23, 0 %, 2 MiB, 1, 16
2026/04/26 12:28:58.550, 5, P8, 22 MHz, 405 MHz, 8.22 W, 23, 0 %, 2 MiB, 1, 16
2026/04/26 12:28:58.550, 6, P8, 22 MHz, 405 MHz, 17.83 W, 24, 0 %, 2 MiB, 1, 16
2026/04/26 12:28:58.550, 7, P8, 21 MHz, 405 MHz, 14.73 W, 24, 0 %, 2 MiB, 1, 16
2026/04/26 12:28:59.551, 0, P8, 22 MHz, 405 MHz, 38.03 W, 24, 0 %, 2 MiB, 1, 16
2026/04/26 12:28:59.551, 1, P8, 22 MHz, 405 MHz, 24.58 W, 24, 0 %, 2 MiB, 1, 16
2026/04/26 12:28:59.551, 2, P8, 22 MHz, 405 MHz, 19.50 W, 24, 0 %, 2 MiB, 1, 16
2026/04/26 12:28:59.551, 3, P8, 22 MHz, 405 MHz, 16.53 W, 24, 0 %, 2 MiB, 1, 16
2026/04/26 12:28:59.551, 4, P8, 22 MHz, 405 MHz, 27.58 W, 23, 0 %, 2 MiB, 1, 16
2026/04/26 12:28:59.551, 5, P8, 22 MHz, 405 MHz, 8.35 W, 23, 0 %, 2 MiB, 1, 16
2026/04/26 12:28:59.551, 6, P8, 22 MHz, 405 MHz, 17.93 W, 24, 0 %, 2 MiB, 1, 16
2026/04/26 12:28:59.551, 7, P8, 21 MHz, 405 MHz, 14.70 W, 24, 0 %, 2 MiB, 1, 16
2026/04/26 12:29:00.551, 0, P8, 22 MHz, 405 MHz, 38.03 W, 24, 0 %, 2 MiB, 1, 16
2026/04/26 12:29:00.551, 1, P8, 22 MHz, 405 MHz, 24.36 W, 24, 0 %, 2 MiB, 1, 16
2026/04/26 12:29:00.551, 2, P8, 22 MHz, 405 MHz, 19.21 W, 24, 0 %, 2 MiB, 1, 16
2026/04/26 12:29:00.551, 3, P8, 22 MHz, 405 MHz, 16.75 W, 24, 0 %, 2 MiB, 1, 16
2026/04/26 12:29:00.552, 4, P8, 22 MHz, 405 MHz, 27.74 W, 23, 0 %, 2 MiB, 1, 16
2026/04/26 12:29:00.552, 5, P8, 22 MHz, 405 MHz, 8.48 W, 23, 0 %, 2 MiB, 1, 16
2026/04/26 12:29:00.552, 6, P8, 22 MHz, 405 MHz, 18.03 W, 24, 0 %, 2 MiB, 1, 16
2026/04/26 12:29:00.552, 7, P8, 22 MHz, 405 MHz, 14.59 W, 24, 0 %, 2 MiB, 1, 16
2026/04/26 12:29:01.552, 0, P8, 22 MHz, 405 MHz, 38.42 W, 24, 0 %, 2 MiB, 1, 16
2026/04/26 12:29:01.552, 1, P8, 22 MHz, 405 MHz, 24.50 W, 24, 0 %, 2 MiB, 1, 16
2026/04/26 12:29:01.552, 2, P8, 22 MHz, 405 MHz, 19.34 W, 24, 0 %, 2 MiB, 1, 16
2026/04/26 12:29:01.552, 3, P8, 22 MHz, 405 MHz, 16.73 W, 24, 0 %, 2 MiB, 1, 16
2026/04/26 12:29:01.552, 4, P8, 22 MHz, 405 MHz, 27.31 W, 23, 0 %, 2 MiB, 1, 16
2026/04/26 12:29:01.552, 5, P8, 22 MHz, 405 MHz, 8.47 W, 23, 0 %, 2 MiB, 1, 16
2026/04/26 12:29:01.552, 6, P8, 22 MHz, 405 MHz, 17.92 W, 24, 0 %, 2 MiB, 1, 16
2026/04/26 12:29:01.552, 7, P8, 22 MHz, 405 MHz, 14.58 W, 24, 0 %, 2 MiB, 1, 16
2026/04/26 12:29:02.553, 0, P8, 22 MHz, 405 MHz, 38.35 W, 24, 0 %, 2 MiB, 1, 16
2026/04/26 12:29:02.553, 1, P8, 22 MHz, 405 MHz, 24.67 W, 24, 0 %, 2 MiB, 1, 16
2026/04/26 12:29:02.553, 2, P8, 22 MHz, 405 MHz, 19.46 W, 24, 0 %, 2 MiB, 1, 16
2026/04/26 12:29:02.553, 3, P8, 22 MHz, 405 MHz, 16.69 W, 24, 0 %, 2 MiB, 1, 16
2026/04/26 12:29:02.553, 4, P8, 22 MHz, 405 MHz, 26.59 W, 23, 0 %, 2 MiB, 1, 16
2026/04/26 12:29:02.553, 5, P8, 22 MHz, 405 MHz, 8.39 W, 23, 0 %, 2 MiB, 1, 16
2026/04/26 12:29:02.553, 6, P8, 22 MHz, 405 MHz, 17.62 W, 24, 0 %, 2 MiB, 1, 16
2026/04/26 12:29:02.553, 7, P8, 22 MHz, 405 MHz, 14.37 W, 24, 0 %, 2 MiB, 1, 16
2026/04/26 12:29:03.553, 0, P8, 22 MHz, 405 MHz, 38.45 W, 24, 0 %, 2 MiB, 1, 16
2026/04/26 12:29:03.553, 1, P8, 22 MHz, 405 MHz, 24.76 W, 24, 0 %, 2 MiB, 1, 16
2026/04/26 12:29:03.553, 2, P8, 22 MHz, 405 MHz, 19.42 W, 24, 0 %, 2 MiB, 1, 16
2026/04/26 12:29:03.554, 3, P8, 22 MHz, 405 MHz, 16.57 W, 24, 0 %, 2 MiB, 1, 16
2026/04/26 12:29:03.554, 4, P8, 22 MHz, 405 MHz, 26.57 W, 23, 0 %, 2 MiB, 1, 16
2026/04/26 12:29:03.554, 5, P8, 22 MHz, 405 MHz, 8.41 W, 23, 0 %, 2 MiB, 1, 16
2026/04/26 12:29:03.554, 6, P8, 22 MHz, 405 MHz, 17.90 W, 24, 0 %, 2 MiB, 1, 16
2026/04/26 12:29:03.554, 7, P8, 22 MHz, 405 MHz, 14.43 W, 24, 0 %, 2 MiB, 1, 16
2026/04/26 12:29:04.554, 0, P8, 22 MHz, 405 MHz, 38.63 W, 24, 0 %, 2 MiB, 1, 16
2026/04/26 12:29:04.554, 1, P8, 22 MHz, 405 MHz, 24.61 W, 24, 0 %, 2 MiB, 1, 16
2026/04/26 12:29:04.554, 2, P8, 22 MHz, 405 MHz, 19.39 W, 24, 0 %, 2 MiB, 1, 16
2026/04/26 12:29:04.554, 3, P8, 22 MHz, 405 MHz, 16.81 W, 24, 0 %, 2 MiB, 1, 16
2026/04/26 12:29:04.554, 4, P8, 22 MHz, 405 MHz, 26.78 W, 23, 0 %, 2 MiB, 1, 16
2026/04/26 12:29:04.554, 5, P8, 21 MHz, 405 MHz, 8.03 W, 23, 0 %, 2 MiB, 1, 16
2026/04/26 12:29:04.554, 6, P8, 22 MHz, 405 MHz, 18.13 W, 24, 0 %, 2 MiB, 1, 16
2026/04/26 12:29:04.554, 7, P8, 22 MHz, 405 MHz, 14.59 W, 24, 0 %, 2 MiB, 1, 16
2026/04/26 12:29:05.555, 0, P8, 22 MHz, 405 MHz, 38.49 W, 24, 0 %, 2 MiB, 1, 16
2026/04/26 12:29:05.555, 1, P8, 22 MHz, 405 MHz, 24.69 W, 24, 0 %, 2 MiB, 1, 16
2026/04/26 12:29:05.555, 2, P8, 22 MHz, 405 MHz, 19.25 W, 24, 0 %, 2 MiB, 1, 16
2026/04/26 12:29:05.555, 3, P8, 22 MHz, 405 MHz, 16.65 W, 24, 0 %, 2 MiB, 1, 16
2026/04/26 12:29:05.555, 4, P8, 22 MHz, 405 MHz, 26.78 W, 22, 0 %, 2 MiB, 1, 16
2026/04/26 12:29:05.555, 5, P8, 22 MHz, 405 MHz, 8.22 W, 23, 0 %, 2 MiB, 1, 16
2026/04/26 12:29:05.555, 6, P8, 22 MHz, 405 MHz, 17.93 W, 24, 0 %, 2 MiB, 1, 16
2026/04/26 12:29:05.555, 7, P8, 22 MHz, 405 MHz, 14.55 W, 24, 0 %, 2 MiB, 1, 16
2026/04/26 12:29:06.555, 0, P8, 22 MHz, 405 MHz, 38.36 W, 24, 0 %, 2 MiB, 1, 16
2026/04/26 12:29:06.555, 1, P8, 22 MHz, 405 MHz, 24.74 W, 24, 0 %, 2 MiB, 1, 16
2026/04/26 12:29:06.555, 2, P8, 22 MHz, 405 MHz, 19.21 W, 24, 0 %, 2 MiB, 1, 16
2026/04/26 12:29:06.556, 3, P8, 22 MHz, 405 MHz, 16.61 W, 24, 0 %, 2 MiB, 1, 16
2026/04/26 12:29:06.556, 4, P8, 22 MHz, 405 MHz, 27.43 W, 23, 0 %, 2 MiB, 1, 16
2026/04/26 12:29:06.556, 5, P8, 22 MHz, 405 MHz, 8.02 W, 23, 0 %, 2 MiB, 1, 16
2026/04/26 12:29:06.556, 6, P8, 22 MHz, 405 MHz, 17.95 W, 24, 0 %, 2 MiB, 1, 16
2026/04/26 12:29:06.556, 7, P8, 22 MHz, 405 MHz, 14.89 W, 24, 0 %, 2 MiB, 1, 16
2026/04/26 12:29:07.556, 0, P8, 22 MHz, 405 MHz, 38.25 W, 24, 0 %, 2 MiB, 1, 16
2026/04/26 12:29:07.556, 1, P8, 22 MHz, 405 MHz, 24.55 W, 24, 0 %, 2 MiB, 1, 16
2026/04/26 12:29:07.556, 2, P8, 22 MHz, 405 MHz, 19.21 W, 24, 0 %, 2 MiB, 1, 16
2026/04/26 12:29:07.556, 3, P8, 22 MHz, 405 MHz, 16.77 W, 24, 0 %, 2 MiB, 1, 16
2026/04/26 12:29:07.556, 4, P8, 22 MHz, 405 MHz, 27.61 W, 23, 0 %, 2 MiB, 1, 16
2026/04/26 12:29:07.556, 5, P8, 22 MHz, 405 MHz, 7.71 W, 23, 0 %, 2 MiB, 1, 16
2026/04/26 12:29:07.556, 6, P8, 22 MHz, 405 MHz, 18.00 W, 24, 0 %, 2 MiB, 1, 16
2026/04/26 12:29:07.556, 7, P8, 22 MHz, 405 MHz, 14.94 W, 24, 0 %, 2 MiB, 1, 16
2026/04/26 12:29:08.557, 0, P8, 22 MHz, 405 MHz, 38.19 W, 24, 0 %, 2 MiB, 1, 16
2026/04/26 12:29:08.557, 1, P8, 21 MHz, 405 MHz, 24.53 W, 24, 0 %, 2 MiB, 1, 16
2026/04/26 12:29:08.557, 2, P8, 22 MHz, 405 MHz, 19.30 W, 24, 0 %, 2 MiB, 1, 16
2026/04/26 12:29:08.557, 3, P8, 22 MHz, 405 MHz, 16.95 W, 24, 0 %, 2 MiB, 1, 16
2026/04/26 12:29:08.557, 4, P8, 22 MHz, 405 MHz, 27.89 W, 22, 0 %, 2 MiB, 1, 16
2026/04/26 12:29:08.557, 5, P8, 22 MHz, 405 MHz, 7.84 W, 23, 0 %, 2 MiB, 1, 16
2026/04/26 12:29:08.557, 6, P8, 22 MHz, 405 MHz, 17.87 W, 24, 0 %, 2 MiB, 1, 16
2026/04/26 12:29:08.557, 7, P8, 22 MHz, 405 MHz, 14.91 W, 24, 0 %, 2 MiB, 1, 16
2026/04/26 12:29:09.557, 0, P8, 22 MHz, 405 MHz, 38.19 W, 24, 0 %, 2 MiB, 1, 16
2026/04/26 12:29:09.558, 1, P8, 22 MHz, 405 MHz, 24.48 W, 24, 0 %, 2 MiB, 1, 16
2026/04/26 12:29:09.558, 2, P8, 22 MHz, 405 MHz, 19.92 W, 24, 0 %, 2 MiB, 1, 16
2026/04/26 12:29:09.558, 3, P8, 22 MHz, 405 MHz, 17.04 W, 24, 0 %, 2 MiB, 1, 16
2026/04/26 12:29:09.558, 4, P8, 22 MHz, 405 MHz, 28.01 W, 23, 0 %, 2 MiB, 1, 16
2026/04/26 12:29:09.558, 5, P8, 22 MHz, 405 MHz, 7.69 W, 23, 0 %, 2 MiB, 1, 16
2026/04/26 12:29:09.558, 6, P8, 22 MHz, 405 MHz, 18.10 W, 24, 0 %, 2 MiB, 1, 16
2026/04/26 12:29:09.558, 7, P8, 22 MHz, 405 MHz, 14.56 W, 24, 0 %, 2 MiB, 1, 16
2026/04/26 12:29:10.558, 0, P8, 22 MHz, 405 MHz, 38.62 W, 24, 0 %, 2 MiB, 1, 16
2026/04/26 12:29:10.558, 1, P8, 22 MHz, 405 MHz, 24.42 W, 24, 0 %, 2 MiB, 1, 16
2026/04/26 12:29:10.558, 2, P8, 22 MHz, 405 MHz, 19.71 W, 24, 0 %, 2 MiB, 1, 16
2026/04/26 12:29:10.558, 3, P8, 22 MHz, 405 MHz, 16.82 W, 24, 0 %, 2 MiB, 1, 16
2026/04/26 12:29:10.558, 4, P8, 22 MHz, 405 MHz, 27.75 W, 23, 0 %, 2 MiB, 1, 16
2026/04/26 12:29:10.558, 5, P8, 22 MHz, 405 MHz, 7.55 W, 23, 0 %, 2 MiB, 1, 16
2026/04/26 12:29:10.559, 6, P8, 22 MHz, 405 MHz, 18.26 W, 24, 0 %, 2 MiB, 1, 16
2026/04/26 12:29:10.559, 7, P8, 22 MHz, 405 MHz, 14.63 W, 24, 0 %, 2 MiB, 1, 16
2026/04/26 12:29:11.559, 0, P8, 22 MHz, 405 MHz, 38.40 W, 24, 0 %, 2 MiB, 1, 16
2026/04/26 12:29:11.559, 1, P8, 22 MHz, 405 MHz, 24.28 W, 24, 0 %, 2 MiB, 1, 16
2026/04/26 12:29:11.559, 2, P8, 22 MHz, 405 MHz, 19.41 W, 24, 0 %, 2 MiB, 1, 16
2026/04/26 12:29:11.559, 3, P8, 22 MHz, 405 MHz, 16.84 W, 24, 0 %, 2 MiB, 1, 16
2026/04/26 12:29:11.559, 4, P8, 22 MHz, 405 MHz, 27.51 W, 23, 0 %, 2 MiB, 1, 16
2026/04/26 12:29:11.559, 5, P8, 22 MHz, 405 MHz, 7.67 W, 23, 0 %, 2 MiB, 1, 16
2026/04/26 12:29:11.559, 6, P8, 22 MHz, 405 MHz, 18.19 W, 24, 0 %, 2 MiB, 1, 16
2026/04/26 12:29:11.559, 7, P8, 22 MHz, 405 MHz, 14.58 W, 24, 0 %, 2 MiB, 1, 16
2026/04/26 12:29:12.559, 0, P8, 22 MHz, 405 MHz, 38.27 W, 24, 0 %, 2 MiB, 1, 16
2026/04/26 12:29:12.560, 1, P8, 22 MHz, 405 MHz, 24.25 W, 24, 0 %, 2 MiB, 1, 16
2026/04/26 12:29:12.560, 2, P8, 22 MHz, 405 MHz, 19.29 W, 24, 0 %, 2 MiB, 1, 16
2026/04/26 12:29:12.560, 3, P8, 22 MHz, 405 MHz, 17.42 W, 24, 0 %, 2 MiB, 1, 16
2026/04/26 12:29:12.560, 4, P8, 22 MHz, 405 MHz, 27.43 W, 23, 0 %, 2 MiB, 1, 16
2026/04/26 12:29:12.560, 5, P8, 22 MHz, 405 MHz, 8.32 W, 23, 0 %, 2 MiB, 1, 16
2026/04/26 12:29:12.560, 6, P8, 22 MHz, 405 MHz, 18.19 W, 24, 0 %, 2 MiB, 1, 16
2026/04/26 12:29:12.560, 7, P8, 22 MHz, 405 MHz, 14.56 W, 24, 0 %, 2 MiB, 1, 16
2026/04/26 12:29:13.560, 0, P8, 22 MHz, 405 MHz, 38.34 W, 24, 0 %, 2 MiB, 1, 16
2026/04/26 12:29:13.560, 1, P8, 22 MHz, 405 MHz, 24.47 W, 24, 0 %, 2 MiB, 1, 16
2026/04/26 12:29:13.560, 2, P8, 22 MHz, 405 MHz, 19.19 W, 24, 0 %, 2 MiB, 1, 16
2026/04/26 12:29:13.560, 3, P8, 22 MHz, 405 MHz, 17.15 W, 24, 0 %, 2 MiB, 1, 16
2026/04/26 12:29:13.560, 4, P8, 22 MHz, 405 MHz, 27.39 W, 22, 0 %, 2 MiB, 1, 16
2026/04/26 12:29:13.560, 5, P8, 22 MHz, 405 MHz, 8.30 W, 23, 0 %, 2 MiB, 1, 16
2026/04/26 12:29:13.561, 6, P8, 22 MHz, 405 MHz, 18.39 W, 24, 0 %, 2 MiB, 1, 16
2026/04/26 12:29:13.561, 7, P8, 21 MHz, 405 MHz, 14.52 W, 24, 0 %, 2 MiB, 1, 16
2026/04/26 12:29:14.561, 0, P8, 22 MHz, 405 MHz, 38.46 W, 24, 0 %, 2 MiB, 1, 16
2026/04/26 12:29:14.561, 1, P8, 22 MHz, 405 MHz, 24.44 W, 24, 0 %, 2 MiB, 1, 16
2026/04/26 12:29:14.561, 2, P8, 22 MHz, 405 MHz, 19.32 W, 24, 0 %, 2 MiB, 1, 16
2026/04/26 12:29:14.561, 3, P8, 22 MHz, 405 MHz, 16.89 W, 24, 0 %, 2 MiB, 1, 16
2026/04/26 12:29:14.561, 4, P8, 22 MHz, 405 MHz, 27.65 W, 23, 0 %, 2 MiB, 1, 16
2026/04/26 12:29:14.561, 5, P8, 22 MHz, 405 MHz, 8.19 W, 23, 0 %, 2 MiB, 1, 16
2026/04/26 12:29:14.561, 6, P8, 22 MHz, 405 MHz, 18.37 W, 24, 0 %, 2 MiB, 1, 16
2026/04/26 12:29:14.561, 7, P8, 22 MHz, 405 MHz, 14.60 W, 24, 0 %, 2 MiB, 1, 16
2026/04/26 12:29:15.562, 0, P8, 21 MHz, 405 MHz, 38.31 W, 24, 0 %, 2 MiB, 1, 16
2026/04/26 12:29:15.562, 1, P8, 21 MHz, 405 MHz, 24.61 W, 24, 0 %, 2 MiB, 1, 16
2026/04/26 12:29:15.562, 2, P8, 22 MHz, 405 MHz, 19.49 W, 24, 0 %, 2 MiB, 1, 16
2026/04/26 12:29:15.562, 3, P8, 22 MHz, 405 MHz, 16.94 W, 24, 0 %, 2 MiB, 1, 16
2026/04/26 12:29:15.562, 4, P8, 22 MHz, 405 MHz, 27.01 W, 23, 0 %, 2 MiB, 1, 16
2026/04/26 12:29:15.562, 5, P8, 22 MHz, 405 MHz, 8.23 W, 23, 0 %, 2 MiB, 1, 16
2026/04/26 12:29:15.562, 6, P8, 21 MHz, 405 MHz, 17.59 W, 24, 0 %, 2 MiB, 1, 16
2026/04/26 12:29:15.562, 7, P8, 22 MHz, 405 MHz, 14.64 W, 24, 0 %, 2 MiB, 1, 16
2026/04/26 12:29:16.562, 0, P8, 22 MHz, 405 MHz, 38.68 W, 24, 0 %, 2 MiB, 1, 16
2026/04/26 12:29:16.563, 1, P8, 22 MHz, 405 MHz, 24.67 W, 24, 0 %, 2 MiB, 1, 16
2026/04/26 12:29:16.563, 2, P8, 22 MHz, 405 MHz, 19.22 W, 24, 0 %, 2 MiB, 1, 16
2026/04/26 12:29:16.563, 3, P8, 22 MHz, 405 MHz, 16.90 W, 24, 0 %, 2 MiB, 1, 16
2026/04/26 12:29:16.563, 4, P8, 22 MHz, 405 MHz, 27.17 W, 22, 0 %, 2 MiB, 1, 16
2026/04/26 12:29:16.563, 5, P8, 22 MHz, 405 MHz, 8.23 W, 23, 0 %, 2 MiB, 1, 16
2026/04/26 12:29:16.563, 6, P8, 22 MHz, 405 MHz, 17.64 W, 24, 0 %, 2 MiB, 1, 16
2026/04/26 12:29:16.563, 7, P8, 22 MHz, 405 MHz, 14.79 W, 24, 0 %, 2 MiB, 1, 16
2026/04/26 12:29:17.563, 0, P8, 22 MHz, 405 MHz, 38.89 W, 24, 0 %, 2 MiB, 1, 16
2026/04/26 12:29:17.563, 1, P8, 22 MHz, 405 MHz, 24.56 W, 24, 0 %, 2 MiB, 1, 16
2026/04/26 12:29:17.563, 2, P8, 22 MHz, 405 MHz, 19.11 W, 24, 0 %, 2 MiB, 1, 16
2026/04/26 12:29:17.563, 3, P8, 22 MHz, 405 MHz, 16.96 W, 24, 0 %, 2 MiB, 1, 16
2026/04/26 12:29:17.563, 4, P8, 22 MHz, 405 MHz, 26.64 W, 23, 0 %, 2 MiB, 1, 16
2026/04/26 12:29:17.563, 5, P8, 22 MHz, 405 MHz, 8.22 W, 23, 0 %, 2 MiB, 1, 16
2026/04/26 12:29:17.563, 6, P8, 22 MHz, 405 MHz, 17.55 W, 24, 0 %, 2 MiB, 1, 16
2026/04/26 12:29:17.563, 7, P8, 22 MHz, 405 MHz, 14.42 W, 24, 0 %, 2 MiB, 1, 16
2026/04/26 12:29:18.564, 0, P8, 22 MHz, 405 MHz, 38.89 W, 24, 0 %, 2 MiB, 1, 16
2026/04/26 12:29:18.564, 1, P8, 22 MHz, 405 MHz, 24.28 W, 24, 0 %, 2 MiB, 1, 16
2026/04/26 12:29:18.564, 2, P8, 22 MHz, 405 MHz, 19.11 W, 24, 0 %, 2 MiB, 1, 16
2026/04/26 12:29:18.564, 3, P8, 22 MHz, 405 MHz, 16.76 W, 24, 0 %, 2 MiB, 1, 16
2026/04/26 12:29:18.564, 4, P8, 22 MHz, 405 MHz, 26.50 W, 22, 0 %, 2 MiB, 1, 16
2026/04/26 12:29:18.564, 5, P8, 21 MHz, 405 MHz, 8.27 W, 23, 0 %, 2 MiB, 1, 16
2026/04/26 12:29:18.564, 6, P8, 22 MHz, 405 MHz, 17.70 W, 24, 0 %, 2 MiB, 1, 16
2026/04/26 12:29:18.564, 7, P8, 22 MHz, 405 MHz, 14.52 W, 24, 0 %, 2 MiB, 1, 16
2026/04/26 12:29:19.564, 0, P8, 22 MHz, 405 MHz, 38.77 W, 24, 0 %, 2 MiB, 1, 16
2026/04/26 12:29:19.564, 1, P8, 22 MHz, 405 MHz, 24.70 W, 24, 0 %, 2 MiB, 1, 16
2026/04/26 12:29:19.564, 2, P8, 22 MHz, 405 MHz, 19.27 W, 24, 0 %, 2 MiB, 1, 16
2026/04/26 12:29:19.564, 3, P8, 22 MHz, 405 MHz, 16.76 W, 24, 0 %, 2 MiB, 1, 16
2026/04/26 12:29:19.565, 4, P8, 21 MHz, 405 MHz, 27.00 W, 23, 0 %, 2 MiB, 1, 16
2026/04/26 12:29:19.565, 5, P8, 22 MHz, 405 MHz, 8.20 W, 23, 0 %, 2 MiB, 1, 16
2026/04/26 12:29:19.565, 6, P8, 22 MHz, 405 MHz, 17.85 W, 24, 0 %, 2 MiB, 1, 16
2026/04/26 12:29:19.565, 7, P8, 22 MHz, 405 MHz, 14.57 W, 24, 0 %, 2 MiB, 1, 16
2026/04/26 12:29:20.565, 0, P8, 22 MHz, 405 MHz, 38.78 W, 24, 0 %, 2 MiB, 1, 16
2026/04/26 12:29:20.565, 1, P8, 22 MHz, 405 MHz, 24.56 W, 24, 0 %, 2 MiB, 1, 16
2026/04/26 12:29:20.565, 2, P8, 22 MHz, 405 MHz, 19.24 W, 24, 0 %, 2 MiB, 1, 16
2026/04/26 12:29:20.565, 3, P8, 22 MHz, 405 MHz, 16.76 W, 24, 0 %, 2 MiB, 1, 16
2026/04/26 12:29:20.565, 4, P8, 22 MHz, 405 MHz, 27.20 W, 23, 0 %, 2 MiB, 1, 16
2026/04/26 12:29:20.565, 5, P8, 22 MHz, 405 MHz, 7.91 W, 23, 0 %, 2 MiB, 1, 16
2026/04/26 12:29:20.565, 6, P8, 22 MHz, 405 MHz, 18.04 W, 24, 0 %, 2 MiB, 1, 16
2026/04/26 12:29:20.565, 7, P8, 22 MHz, 405 MHz, 14.43 W, 24, 0 %, 2 MiB, 1, 16
2026/04/26 12:29:21.565, 0, P8, 22 MHz, 405 MHz, 38.63 W, 24, 0 %, 2 MiB, 1, 16
2026/04/26 12:29:21.567, 1, P8, 22 MHz, 405 MHz, 24.30 W, 24, 0 %, 2 MiB, 1, 16
2026/04/26 12:29:21.574, 2, P8, 22 MHz, 405 MHz, 19.28 W, 24, 0 %, 2 MiB, 1, 16
2026/04/26 12:29:21.575, 3, P8, 22 MHz, 405 MHz, 16.91 W, 24, 0 %, 2 MiB, 1, 16
2026/04/26 12:29:21.575, 4, P8, 22 MHz, 405 MHz, 27.18 W, 22, 0 %, 2 MiB, 1, 16
2026/04/26 12:29:21.575, 5, P8, 22 MHz, 405 MHz, 8.15 W, 23, 0 %, 2 MiB, 1, 16
2026/04/26 12:29:21.575, 6, P8, 22 MHz, 405 MHz, 17.85 W, 24, 0 %, 2 MiB, 1, 16
2026/04/26 12:29:21.575, 7, P8, 22 MHz, 405 MHz, 14.57 W, 24, 0 %, 2 MiB, 1, 16
2026/04/26 12:29:22.575, 0, P8, 21 MHz, 405 MHz, 38.44 W, 24, 0 %, 2 MiB, 1, 16
2026/04/26 12:29:22.575, 1, P8, 21 MHz, 405 MHz, 24.41 W, 24, 0 %, 2 MiB, 1, 16
2026/04/26 12:29:22.575, 2, P8, 22 MHz, 405 MHz, 19.24 W, 24, 0 %, 2 MiB, 1, 16
2026/04/26 12:29:22.575, 3, P8, 22 MHz, 405 MHz, 16.91 W, 24, 0 %, 2 MiB, 1, 16
2026/04/26 12:29:22.575, 4, P8, 22 MHz, 405 MHz, 26.88 W, 23, 0 %, 2 MiB, 1, 16
2026/04/26 12:29:22.575, 5, P8, 22 MHz, 405 MHz, 8.37 W, 23, 0 %, 2 MiB, 1, 16
2026/04/26 12:29:22.575, 6, P8, 22 MHz, 405 MHz, 18.08 W, 24, 0 %, 2 MiB, 1, 16
2026/04/26 12:29:22.575, 7, P8, 22 MHz, 405 MHz, 14.90 W, 24, 0 %, 2 MiB, 1, 16
2026/04/26 12:29:23.576, 0, P8, 22 MHz, 405 MHz, 38.16 W, 24, 0 %, 2 MiB, 1, 16
2026/04/26 12:29:23.576, 1, P8, 22 MHz, 405 MHz, 24.42 W, 24, 0 %, 2 MiB, 1, 16
2026/04/26 12:29:23.576, 2, P8, 22 MHz, 405 MHz, 18.83 W, 24, 0 %, 2 MiB, 1, 16
2026/04/26 12:29:23.576, 3, P8, 22 MHz, 405 MHz, 16.74 W, 24, 0 %, 2 MiB, 1, 16
2026/04/26 12:29:23.576, 4, P8, 22 MHz, 405 MHz, 26.90 W, 22, 0 %, 2 MiB, 1, 16
2026/04/26 12:29:23.576, 5, P8, 22 MHz, 405 MHz, 7.94 W, 23, 0 %, 2 MiB, 1, 16
2026/04/26 12:29:23.576, 6, P8, 22 MHz, 405 MHz, 18.12 W, 24, 0 %, 2 MiB, 1, 16
2026/04/26 12:29:23.576, 7, P8, 22 MHz, 405 MHz, 14.53 W, 24, 0 %, 2 MiB, 1, 16
2026/04/26 12:29:24.576, 0, P8, 22 MHz, 405 MHz, 37.97 W, 24, 0 %, 2 MiB, 1, 16
2026/04/26 12:29:24.577, 1, P8, 22 MHz, 405 MHz, 24.44 W, 24, 0 %, 2 MiB, 1, 16
2026/04/26 12:29:24.577, 2, P8, 22 MHz, 405 MHz, 18.98 W, 24, 0 %, 2 MiB, 1, 16
2026/04/26 12:29:24.577, 3, P8, 22 MHz, 405 MHz, 16.80 W, 24, 0 %, 2 MiB, 1, 16
2026/04/26 12:29:24.585, 4, P8, 22 MHz, 405 MHz, 26.97 W, 22, 0 %, 2 MiB, 1, 16
2026/04/26 12:29:24.585, 5, P8, 22 MHz, 405 MHz, 8.11 W, 23, 0 %, 2 MiB, 1, 16
2026/04/26 12:29:24.585, 6, P8, 22 MHz, 405 MHz, 17.81 W, 24, 0 %, 2 MiB, 1, 16
2026/04/26 12:29:24.585, 7, P8, 22 MHz, 405 MHz, 14.75 W, 24, 0 %, 2 MiB, 1, 16
2026/04/26 12:29:25.586, 0, P8, 22 MHz, 405 MHz, 38.03 W, 24, 0 %, 2 MiB, 1, 16
2026/04/26 12:29:25.586, 1, P8, 22 MHz, 405 MHz, 24.70 W, 24, 0 %, 2 MiB, 1, 16
2026/04/26 12:29:25.586, 2, P8, 22 MHz, 405 MHz, 18.86 W, 24, 0 %, 2 MiB, 1, 16
2026/04/26 12:29:25.586, 3, P8, 22 MHz, 405 MHz, 16.80 W, 24, 0 %, 2 MiB, 1, 16
2026/04/26 12:29:25.586, 4, P8, 22 MHz, 405 MHz, 26.79 W, 23, 0 %, 2 MiB, 1, 16
2026/04/26 12:29:25.586, 5, P8, 22 MHz, 405 MHz, 8.06 W, 23, 0 %, 2 MiB, 1, 16
2026/04/26 12:29:25.586, 6, P8, 22 MHz, 405 MHz, 17.90 W, 24, 0 %, 2 MiB, 1, 16
2026/04/26 12:29:25.586, 7, P8, 22 MHz, 405 MHz, 14.88 W, 24, 0 %, 2 MiB, 1, 16
2026/04/26 12:29:26.586, 0, P8, 22 MHz, 405 MHz, 38.29 W, 24, 0 %, 2 MiB, 1, 16
2026/04/26 12:29:26.587, 1, P8, 22 MHz, 405 MHz, 24.67 W, 24, 0 %, 2 MiB, 1, 16
2026/04/26 12:29:26.587, 2, P8, 22 MHz, 405 MHz, 19.03 W, 24, 0 %, 2 MiB, 1, 16
2026/04/26 12:29:26.587, 3, P8, 22 MHz, 405 MHz, 16.63 W, 24, 0 %, 2 MiB, 1, 16
2026/04/26 12:29:26.587, 4, P8, 22 MHz, 405 MHz, 26.88 W, 23, 0 %, 2 MiB, 1, 16
2026/04/26 12:29:26.587, 5, P8, 22 MHz, 405 MHz, 7.95 W, 23, 0 %, 2 MiB, 1, 16
2026/04/26 12:29:26.587, 6, P8, 22 MHz, 405 MHz, 17.96 W, 24, 0 %, 2 MiB, 1, 16
2026/04/26 12:29:26.587, 7, P8, 22 MHz, 405 MHz, 14.74 W, 24, 0 %, 2 MiB, 1, 16
2026/04/26 12:29:27.587, 0, P8, 22 MHz, 405 MHz, 37.96 W, 24, 0 %, 2 MiB, 1, 16
2026/04/26 12:29:27.587, 1, P8, 22 MHz, 405 MHz, 24.56 W, 24, 0 %, 2 MiB, 1, 16
2026/04/26 12:29:27.587, 2, P8, 22 MHz, 405 MHz, 19.44 W, 24, 0 %, 2 MiB, 1, 16
2026/04/26 12:29:27.587, 3, P8, 22 MHz, 405 MHz, 16.27 W, 24, 0 %, 2 MiB, 1, 16
2026/04/26 12:29:27.587, 4, P8, 22 MHz, 405 MHz, 26.82 W, 23, 0 %, 2 MiB, 1, 16
2026/04/26 12:29:27.589, 5, P8, 22 MHz, 405 MHz, 7.96 W, 23, 0 %, 2 MiB, 1, 16
2026/04/26 12:29:27.597, 6, P8, 22 MHz, 405 MHz, 18.53 W, 24, 0 %, 2 MiB, 1, 16
2026/04/26 12:29:27.597, 7, P8, 22 MHz, 405 MHz, 14.80 W, 24, 0 %, 2 MiB, 1, 16
2026/04/26 12:29:28.597, 0, P8, 22 MHz, 405 MHz, 38.11 W, 24, 0 %, 2 MiB, 1, 16
2026/04/26 12:29:28.597, 1, P8, 22 MHz, 405 MHz, 24.60 W, 24, 0 %, 2 MiB, 1, 16
2026/04/26 12:29:28.597, 2, P8, 22 MHz, 405 MHz, 19.49 W, 24, 0 %, 2 MiB, 1, 16
2026/04/26 12:29:28.597, 3, P8, 22 MHz, 405 MHz, 16.17 W, 24, 0 %, 2 MiB, 1, 16
2026/04/26 12:29:28.597, 4, P8, 22 MHz, 405 MHz, 26.98 W, 23, 0 %, 2 MiB, 1, 16
2026/04/26 12:29:28.597, 5, P8, 22 MHz, 405 MHz, 8.14 W, 23, 0 %, 2 MiB, 1, 16
2026/04/26 12:29:28.597, 6, P8, 22 MHz, 405 MHz, 18.57 W, 24, 0 %, 2 MiB, 1, 16
2026/04/26 12:29:28.597, 7, P8, 22 MHz, 405 MHz, 14.72 W, 24, 0 %, 2 MiB, 1, 16
2026/04/26 12:29:29.597, 0, P8, 21 MHz, 405 MHz, 38.81 W, 24, 0 %, 2 MiB, 1, 16
2026/04/26 12:29:29.598, 1, P8, 21 MHz, 405 MHz, 24.62 W, 24, 0 %, 2 MiB, 1, 16
2026/04/26 12:29:29.598, 2, P8, 22 MHz, 405 MHz, 19.41 W, 24, 0 %, 2 MiB, 1, 16
2026/04/26 12:29:29.598, 3, P8, 22 MHz, 405 MHz, 16.17 W, 24, 0 %, 2 MiB, 1, 16
2026/04/26 12:29:29.598, 4, P8, 22 MHz, 405 MHz, 27.31 W, 22, 0 %, 2 MiB, 1, 16
2026/04/26 12:29:29.598, 5, P8, 22 MHz, 405 MHz, 8.15 W, 23, 0 %, 2 MiB, 1, 16
2026/04/26 12:29:29.598, 6, P8, 21 MHz, 405 MHz, 18.50 W, 24, 0 %, 2 MiB, 1, 16
2026/04/26 12:29:29.598, 7, P8, 22 MHz, 405 MHz, 14.56 W, 24, 0 %, 2 MiB, 1, 16
2026/04/26 12:29:30.598, 0, P8, 22 MHz, 405 MHz, 38.54 W, 24, 0 %, 2 MiB, 1, 16
2026/04/26 12:29:30.598, 1, P8, 22 MHz, 405 MHz, 24.64 W, 24, 0 %, 2 MiB, 1, 16
2026/04/26 12:29:30.598, 2, P8, 22 MHz, 405 MHz, 19.29 W, 24, 0 %, 2 MiB, 1, 16
2026/04/26 12:29:30.598, 3, P8, 22 MHz, 405 MHz, 16.81 W, 24, 0 %, 2 MiB, 1, 16
2026/04/26 12:29:30.598, 4, P8, 22 MHz, 405 MHz, 27.44 W, 23, 0 %, 2 MiB, 1, 16
2026/04/26 12:29:30.598, 5, P8, 22 MHz, 405 MHz, 8.45 W, 23, 0 %, 2 MiB, 1, 16
2026/04/26 12:29:30.598, 6, P8, 22 MHz, 405 MHz, 18.68 W, 24, 0 %, 2 MiB, 1, 16
2026/04/26 12:29:30.599, 7, P8, 22 MHz, 405 MHz, 14.71 W, 24, 0 %, 2 MiB, 1, 16
2026/04/26 12:29:31.599, 0, P8, 22 MHz, 405 MHz, 38.34 W, 24, 0 %, 2 MiB, 1, 16
2026/04/26 12:29:31.599, 1, P8, 22 MHz, 405 MHz, 24.71 W, 24, 0 %, 2 MiB, 1, 16
2026/04/26 12:29:31.599, 2, P8, 22 MHz, 405 MHz, 19.33 W, 24, 0 %, 2 MiB, 1, 16
2026/04/26 12:29:31.599, 3, P8, 22 MHz, 405 MHz, 16.52 W, 24, 0 %, 2 MiB, 1, 16
2026/04/26 12:29:31.599, 4, P8, 22 MHz, 405 MHz, 27.72 W, 22, 0 %, 2 MiB, 1, 16
2026/04/26 12:29:31.599, 5, P8, 22 MHz, 405 MHz, 8.42 W, 23, 0 %, 2 MiB, 1, 16
2026/04/26 12:29:31.599, 6, P8, 22 MHz, 405 MHz, 18.42 W, 24, 0 %, 2 MiB, 1, 16
2026/04/26 12:29:31.599, 7, P8, 22 MHz, 405 MHz, 14.84 W, 24, 0 %, 2 MiB, 1, 16
2026/04/26 12:29:32.599, 0, P8, 22 MHz, 405 MHz, 38.63 W, 24, 0 %, 2 MiB, 1, 16
2026/04/26 12:29:32.600, 1, P8, 22 MHz, 405 MHz, 24.65 W, 24, 0 %, 2 MiB, 1, 16
2026/04/26 12:29:32.600, 2, P8, 22 MHz, 405 MHz, 19.22 W, 24, 0 %, 2 MiB, 1, 16
2026/04/26 12:29:32.600, 3, P8, 22 MHz, 405 MHz, 16.37 W, 24, 0 %, 2 MiB, 1, 16
2026/04/26 12:29:32.600, 4, P8, 22 MHz, 405 MHz, 27.54 W, 22, 0 %, 2 MiB, 1, 16
2026/04/26 12:29:32.600, 5, P8, 22 MHz, 405 MHz, 8.30 W, 23, 0 %, 2 MiB, 1, 16
2026/04/26 12:29:32.600, 6, P8, 22 MHz, 405 MHz, 18.37 W, 24, 0 %, 2 MiB, 1, 16
2026/04/26 12:29:32.600, 7, P8, 22 MHz, 405 MHz, 15.01 W, 24, 0 %, 2 MiB, 1, 16
2026/04/26 12:29:33.600, 0, P8, 22 MHz, 405 MHz, 38.38 W, 24, 0 %, 2 MiB, 1, 16
2026/04/26 12:29:33.600, 1, P8, 22 MHz, 405 MHz, 24.71 W, 24, 0 %, 2 MiB, 1, 16
2026/04/26 12:29:33.600, 2, P8, 22 MHz, 405 MHz, 19.30 W, 24, 0 %, 2 MiB, 1, 16
2026/04/26 12:29:33.600, 3, P8, 22 MHz, 405 MHz, 16.13 W, 24, 0 %, 2 MiB, 1, 16
2026/04/26 12:29:33.600, 4, P8, 21 MHz, 405 MHz, 27.46 W, 23, 0 %, 2 MiB, 1, 16
2026/04/26 12:29:33.600, 5, P8, 22 MHz, 405 MHz, 8.38 W, 23, 0 %, 2 MiB, 1, 16
2026/04/26 12:29:33.600, 6, P8, 22 MHz, 405 MHz, 18.20 W, 24, 0 %, 2 MiB, 1, 16
2026/04/26 12:29:33.601, 7, P8, 22 MHz, 405 MHz, 14.91 W, 24, 0 %, 2 MiB, 1, 16
2026/04/26 12:29:34.601, 0, P8, 22 MHz, 405 MHz, 38.22 W, 24, 0 %, 2 MiB, 1, 16
2026/04/26 12:29:34.604, 1, P8, 22 MHz, 405 MHz, 24.81 W, 24, 0 %, 2 MiB, 1, 16
2026/04/26 12:29:34.604, 2, P8, 22 MHz, 405 MHz, 19.29 W, 24, 0 %, 2 MiB, 1, 16
2026/04/26 12:29:34.604, 3, P8, 22 MHz, 405 MHz, 16.38 W, 24, 0 %, 2 MiB, 1, 16
2026/04/26 12:29:34.604, 4, P8, 22 MHz, 405 MHz, 27.46 W, 22, 0 %, 2 MiB, 1, 16
2026/04/26 12:29:34.604, 5, P8, 22 MHz, 405 MHz, 8.48 W, 23, 0 %, 2 MiB, 1, 16
2026/04/26 12:29:34.604, 6, P8, 22 MHz, 405 MHz, 17.88 W, 24, 0 %, 2 MiB, 1, 16
2026/04/26 12:29:34.604, 7, P8, 22 MHz, 405 MHz, 15.13 W, 24, 0 %, 2 MiB, 1, 16
2026/04/26 12:29:35.604, 0, P8, 22 MHz, 405 MHz, 38.21 W, 24, 0 %, 2 MiB, 1, 16
2026/04/26 12:29:35.605, 1, P8, 22 MHz, 405 MHz, 24.63 W, 24, 0 %, 2 MiB, 1, 16
2026/04/26 12:29:35.605, 2, P8, 22 MHz, 405 MHz, 19.33 W, 24, 0 %, 2 MiB, 1, 16
2026/04/26 12:29:35.605, 3, P8, 22 MHz, 405 MHz, 16.38 W, 24, 0 %, 2 MiB, 1, 16
2026/04/26 12:29:35.605, 4, P8, 22 MHz, 405 MHz, 27.51 W, 22, 0 %, 2 MiB, 1, 16
2026/04/26 12:29:35.605, 5, P8, 22 MHz, 405 MHz, 8.41 W, 23, 0 %, 2 MiB, 1, 16
2026/04/26 12:29:35.605, 6, P8, 22 MHz, 405 MHz, 17.97 W, 24, 0 %, 2 MiB, 1, 16
2026/04/26 12:29:35.605, 7, P8, 22 MHz, 405 MHz, 15.10 W, 24, 0 %, 2 MiB, 1, 16
2026/04/26 12:29:36.605, 0, P8, 22 MHz, 405 MHz, 38.22 W, 24, 0 %, 2 MiB, 1, 16
2026/04/26 12:29:36.605, 1, P8, 22 MHz, 405 MHz, 24.59 W, 24, 0 %, 2 MiB, 1, 16
2026/04/26 12:29:36.605, 2, P8, 22 MHz, 405 MHz, 19.26 W, 24, 0 %, 2 MiB, 1, 16
2026/04/26 12:29:36.605, 3, P8, 22 MHz, 405 MHz, 16.66 W, 24, 0 %, 2 MiB, 1, 16
2026/04/26 12:29:36.605, 4, P8, 22 MHz, 405 MHz, 27.46 W, 22, 0 %, 2 MiB, 1, 16
2026/04/26 12:29:36.605, 5, P8, 22 MHz, 405 MHz, 8.34 W, 23, 0 %, 2 MiB, 1, 16
2026/04/26 12:29:36.606, 6, P8, 22 MHz, 405 MHz, 18.16 W, 24, 0 %, 2 MiB, 1, 16
2026/04/26 12:29:36.606, 7, P8, 22 MHz, 405 MHz, 14.95 W, 24, 0 %, 2 MiB, 1, 16
2026/04/26 12:29:37.606, 0, P8, 22 MHz, 405 MHz, 38.15 W, 24, 0 %, 2 MiB, 1, 16
2026/04/26 12:29:37.606, 1, P8, 22 MHz, 405 MHz, 24.40 W, 24, 0 %, 2 MiB, 1, 16
2026/04/26 12:29:37.606, 2, P8, 22 MHz, 405 MHz, 19.22 W, 24, 0 %, 2 MiB, 1, 16
2026/04/26 12:29:37.606, 3, P8, 22 MHz, 405 MHz, 16.56 W, 24, 0 %, 2 MiB, 1, 16
2026/04/26 12:29:37.606, 4, P8, 22 MHz, 405 MHz, 26.76 W, 22, 0 %, 2 MiB, 1, 16
2026/04/26 12:29:37.606, 5, P8, 22 MHz, 405 MHz, 8.43 W, 23, 0 %, 2 MiB, 1, 16
2026/04/26 12:29:37.606, 6, P8, 22 MHz, 405 MHz, 18.08 W, 24, 0 %, 2 MiB, 1, 16
2026/04/26 12:29:37.606, 7, P8, 22 MHz, 405 MHz, 15.03 W, 24, 0 %, 2 MiB, 1, 16
2026/04/26 12:29:38.606, 0, P8, 22 MHz, 405 MHz, 38.15 W, 24, 0 %, 2 MiB, 1, 16
2026/04/26 12:29:38.606, 1, P8, 22 MHz, 405 MHz, 24.32 W, 24, 0 %, 2 MiB, 1, 16
2026/04/26 12:29:38.607, 2, P8, 22 MHz, 405 MHz, 19.19 W, 24, 0 %, 2 MiB, 1, 16
2026/04/26 12:29:38.607, 3, P8, 22 MHz, 405 MHz, 16.77 W, 24, 0 %, 2 MiB, 1, 16
2026/04/26 12:29:38.607, 4, P8, 22 MHz, 405 MHz, 25.84 W, 23, 0 %, 2 MiB, 1, 16
2026/04/26 12:29:38.607, 5, P8, 22 MHz, 405 MHz, 7.77 W, 23, 0 %, 2 MiB, 1, 16
2026/04/26 12:29:38.607, 6, P8, 22 MHz, 405 MHz, 18.65 W, 24, 0 %, 2 MiB, 1, 16
2026/04/26 12:29:38.607, 7, P8, 22 MHz, 405 MHz, 15.03 W, 24, 0 %, 2 MiB, 1, 16
2026/04/26 12:29:39.607, 0, P8, 22 MHz, 405 MHz, 38.37 W, 24, 0 %, 2 MiB, 1, 16
2026/04/26 12:29:39.607, 1, P8, 22 MHz, 405 MHz, 24.42 W, 24, 0 %, 2 MiB, 1, 16
2026/04/26 12:29:39.607, 2, P8, 21 MHz, 405 MHz, 19.27 W, 24, 0 %, 2 MiB, 1, 16
2026/04/26 12:29:39.607, 3, P8, 22 MHz, 405 MHz, 17.15 W, 24, 0 %, 2 MiB, 1, 16
2026/04/26 12:29:39.607, 4, P8, 22 MHz, 405 MHz, 26.28 W, 22, 0 %, 2 MiB, 1, 16
2026/04/26 12:29:39.607, 5, P8, 22 MHz, 405 MHz, 7.99 W, 23, 0 %, 2 MiB, 1, 16
2026/04/26 12:29:39.607, 6, P8, 22 MHz, 405 MHz, 18.74 W, 24, 0 %, 2 MiB, 1, 16
2026/04/26 12:29:39.608, 7, P8, 22 MHz, 405 MHz, 14.87 W, 24, 0 %, 2 MiB, 1, 16
2026/04/26 12:29:40.608, 0, P8, 22 MHz, 405 MHz, 37.97 W, 24, 0 %, 2 MiB, 1, 16
2026/04/26 12:29:40.608, 1, P8, 22 MHz, 405 MHz, 24.32 W, 24, 0 %, 2 MiB, 1, 16
2026/04/26 12:29:40.608, 2, P8, 22 MHz, 405 MHz, 19.30 W, 24, 0 %, 2 MiB, 1, 16
2026/04/26 12:29:40.608, 3, P8, 22 MHz, 405 MHz, 16.94 W, 24, 0 %, 2 MiB, 1, 16
2026/04/26 12:29:40.608, 4, P8, 22 MHz, 405 MHz, 26.71 W, 22, 0 %, 2 MiB, 1, 16
2026/04/26 12:29:40.608, 5, P8, 22 MHz, 405 MHz, 8.24 W, 23, 0 %, 2 MiB, 1, 16
2026/04/26 12:29:40.608, 6, P8, 22 MHz, 405 MHz, 18.31 W, 24, 0 %, 2 MiB, 1, 16
2026/04/26 12:29:40.608, 7, P8, 22 MHz, 405 MHz, 14.70 W, 24, 0 %, 2 MiB, 1, 16
2026/04/26 12:29:41.608, 0, P8, 22 MHz, 405 MHz, 37.98 W, 24, 0 %, 2 MiB, 1, 16
2026/04/26 12:29:41.609, 1, P8, 22 MHz, 405 MHz, 24.21 W, 24, 0 %, 2 MiB, 1, 16
2026/04/26 12:29:41.609, 2, P8, 22 MHz, 405 MHz, 19.28 W, 24, 0 %, 2 MiB, 1, 16
2026/04/26 12:29:41.609, 3, P8, 22 MHz, 405 MHz, 16.85 W, 24, 0 %, 2 MiB, 1, 16
2026/04/26 12:29:41.609, 4, P8, 22 MHz, 405 MHz, 26.86 W, 22, 0 %, 2 MiB, 1, 16
2026/04/26 12:29:41.609, 5, P8, 22 MHz, 405 MHz, 8.43 W, 23, 0 %, 2 MiB, 1, 16
2026/04/26 12:29:41.609, 6, P8, 22 MHz, 405 MHz, 18.13 W, 24, 0 %, 2 MiB, 1, 16
2026/04/26 12:29:41.609, 7, P8, 22 MHz, 405 MHz, 14.70 W, 24, 0 %, 2 MiB, 1, 16
2026/04/26 12:29:42.609, 0, P8, 22 MHz, 405 MHz, 38.12 W, 24, 0 %, 2 MiB, 1, 16
2026/04/26 12:29:42.609, 1, P8, 22 MHz, 405 MHz, 24.16 W, 24, 0 %, 2 MiB, 1, 16
2026/04/26 12:29:42.609, 2, P8, 22 MHz, 405 MHz, 19.26 W, 24, 0 %, 2 MiB, 1, 16
2026/04/26 12:29:42.609, 3, P8, 22 MHz, 405 MHz, 16.89 W, 24, 0 %, 2 MiB, 1, 16
2026/04/26 12:29:42.609, 4, P8, 22 MHz, 405 MHz, 27.05 W, 22, 0 %, 2 MiB, 1, 16
2026/04/26 12:29:42.609, 5, P8, 22 MHz, 405 MHz, 8.34 W, 23, 0 %, 2 MiB, 1, 16
2026/04/26 12:29:42.610, 6, P8, 22 MHz, 405 MHz, 18.28 W, 24, 0 %, 2 MiB, 1, 16
2026/04/26 12:29:42.610, 7, P8, 22 MHz, 405 MHz, 14.70 W, 24, 0 %, 2 MiB, 1, 16
2026/04/26 12:29:43.610, 0, P8, 22 MHz, 405 MHz, 38.38 W, 24, 0 %, 2 MiB, 1, 16
2026/04/26 12:29:43.610, 1, P8, 22 MHz, 405 MHz, 24.33 W, 24, 0 %, 2 MiB, 1, 16
2026/04/26 12:29:43.610, 2, P8, 22 MHz, 405 MHz, 19.37 W, 24, 0 %, 2 MiB, 1, 16
2026/04/26 12:29:43.610, 3, P8, 22 MHz, 405 MHz, 16.90 W, 24, 0 %, 2 MiB, 1, 16
2026/04/26 12:29:43.610, 4, P8, 22 MHz, 405 MHz, 27.11 W, 22, 0 %, 2 MiB, 1, 16
2026/04/26 12:29:43.610, 5, P8, 22 MHz, 405 MHz, 8.37 W, 23, 0 %, 2 MiB, 1, 16
2026/04/26 12:29:43.610, 6, P8, 22 MHz, 405 MHz, 18.24 W, 24, 0 %, 2 MiB, 1, 16
2026/04/26 12:29:43.612, 7, P8, 22 MHz, 405 MHz, 14.62 W, 24, 0 %, 2 MiB, 1, 16
2026/04/26 12:29:44.612, 0, P8, 22 MHz, 405 MHz, 37.99 W, 24, 0 %, 2 MiB, 1, 16
2026/04/26 12:29:44.612, 1, P8, 22 MHz, 405 MHz, 25.06 W, 24, 0 %, 2 MiB, 1, 16
2026/04/26 12:29:44.612, 2, P8, 22 MHz, 405 MHz, 19.42 W, 24, 0 %, 2 MiB, 1, 16
2026/04/26 12:29:44.612, 3, P8, 22 MHz, 405 MHz, 16.76 W, 24, 0 %, 2 MiB, 1, 16
2026/04/26 12:29:44.612, 4, P8, 22 MHz, 405 MHz, 27.27 W, 22, 0 %, 2 MiB, 1, 16
2026/04/26 12:29:44.612, 5, P8, 22 MHz, 405 MHz, 8.49 W, 23, 0 %, 2 MiB, 1, 16
2026/04/26 12:29:44.612, 6, P8, 22 MHz, 405 MHz, 17.75 W, 24, 0 %, 2 MiB, 1, 16
2026/04/26 12:29:44.612, 7, P8, 22 MHz, 405 MHz, 14.47 W, 24, 0 %, 2 MiB, 1, 16
2026/04/26 12:29:45.613, 0, P8, 22 MHz, 405 MHz, 38.04 W, 24, 0 %, 2 MiB, 1, 16
2026/04/26 12:29:45.613, 1, P8, 22 MHz, 405 MHz, 24.86 W, 24, 0 %, 2 MiB, 1, 16
2026/04/26 12:29:45.613, 2, P8, 22 MHz, 405 MHz, 19.34 W, 24, 0 %, 2 MiB, 1, 16
2026/04/26 12:29:45.613, 3, P8, 22 MHz, 405 MHz, 16.84 W, 24, 0 %, 2 MiB, 1, 16
2026/04/26 12:29:45.613, 4, P8, 22 MHz, 405 MHz, 27.21 W, 22, 0 %, 2 MiB, 1, 16
2026/04/26 12:29:45.613, 5, P8, 22 MHz, 405 MHz, 8.33 W, 23, 0 %, 2 MiB, 1, 16
2026/04/26 12:29:45.613, 6, P8, 22 MHz, 405 MHz, 18.01 W, 24, 0 %, 2 MiB, 1, 16
2026/04/26 12:29:45.613, 7, P8, 22 MHz, 405 MHz, 14.52 W, 24, 0 %, 2 MiB, 1, 16
2026/04/26 12:29:46.613, 0, P8, 22 MHz, 405 MHz, 37.90 W, 24, 0 %, 2 MiB, 1, 16
2026/04/26 12:29:46.613, 1, P8, 22 MHz, 405 MHz, 24.69 W, 24, 0 %, 2 MiB, 1, 16
2026/04/26 12:29:46.613, 2, P8, 22 MHz, 405 MHz, 19.49 W, 24, 0 %, 2 MiB, 1, 16
2026/04/26 12:29:46.614, 3, P8, 22 MHz, 405 MHz, 16.91 W, 24, 0 %, 2 MiB, 1, 16
2026/04/26 12:29:46.614, 4, P8, 22 MHz, 405 MHz, 27.40 W, 23, 0 %, 2 MiB, 1, 16
2026/04/26 12:29:46.614, 5, P8, 22 MHz, 405 MHz, 8.26 W, 23, 0 %, 2 MiB, 1, 16
2026/04/26 12:29:46.614, 6, P8, 22 MHz, 405 MHz, 18.31 W, 24, 0 %, 2 MiB, 1, 16
2026/04/26 12:29:46.614, 7, P8, 22 MHz, 405 MHz, 14.57 W, 24, 0 %, 2 MiB, 1, 16
2026/04/26 12:29:47.614, 0, P8, 22 MHz, 405 MHz, 37.86 W, 24, 0 %, 2 MiB, 1, 16
2026/04/26 12:29:47.614, 1, P8, 22 MHz, 405 MHz, 24.64 W, 24, 0 %, 2 MiB, 1, 16
2026/04/26 12:29:47.614, 2, P8, 22 MHz, 405 MHz, 19.82 W, 24, 0 %, 2 MiB, 1, 16
2026/04/26 12:29:47.614, 3, P8, 22 MHz, 405 MHz, 16.94 W, 24, 0 %, 2 MiB, 1, 16
2026/04/26 12:29:47.614, 4, P8, 22 MHz, 405 MHz, 27.41 W, 23, 0 %, 2 MiB, 1, 16
2026/04/26 12:29:47.614, 5, P8, 22 MHz, 405 MHz, 8.40 W, 23, 0 %, 2 MiB, 1, 16
2026/04/26 12:29:47.614, 6, P8, 22 MHz, 405 MHz, 18.20 W, 24, 0 %, 2 MiB, 1, 16
2026/04/26 12:29:47.614, 7, P8, 22 MHz, 405 MHz, 14.58 W, 24, 0 %, 2 MiB, 1, 16
2026/04/26 12:29:48.615, 0, P8, 22 MHz, 405 MHz, 38.16 W, 24, 0 %, 2 MiB, 1, 16
2026/04/26 12:29:48.615, 1, P8, 22 MHz, 405 MHz, 24.62 W, 24, 0 %, 2 MiB, 1, 16
2026/04/26 12:29:48.615, 2, P8, 22 MHz, 405 MHz, 19.70 W, 24, 0 %, 2 MiB, 1, 16
2026/04/26 12:29:48.615, 3, P8, 22 MHz, 405 MHz, 16.71 W, 24, 0 %, 2 MiB, 1, 16
2026/04/26 12:29:48.615, 4, P8, 22 MHz, 405 MHz, 27.53 W, 22, 0 %, 2 MiB, 1, 16
2026/04/26 12:29:48.615, 5, P8, 22 MHz, 405 MHz, 8.39 W, 23, 0 %, 2 MiB, 1, 16
2026/04/26 12:29:48.615, 6, P8, 22 MHz, 405 MHz, 18.18 W, 24, 0 %, 2 MiB, 1, 16
2026/04/26 12:29:48.615, 7, P8, 22 MHz, 405 MHz, 14.75 W, 24, 0 %, 2 MiB, 1, 16
2026/04/26 12:29:49.615, 0, P8, 22 MHz, 405 MHz, 38.28 W, 24, 0 %, 2 MiB, 1, 16
2026/04/26 12:29:49.615, 1, P8, 22 MHz, 405 MHz, 24.63 W, 24, 0 %, 2 MiB, 1, 16
2026/04/26 12:29:49.616, 2, P8, 22 MHz, 405 MHz, 19.71 W, 24, 0 %, 2 MiB, 1, 16
2026/04/26 12:29:49.616, 3, P8, 22 MHz, 405 MHz, 16.62 W, 24, 0 %, 2 MiB, 1, 16
2026/04/26 12:29:49.616, 4, P8, 22 MHz, 405 MHz, 27.19 W, 23, 0 %, 2 MiB, 1, 16
2026/04/26 12:29:49.616, 5, P8, 22 MHz, 405 MHz, 8.53 W, 23, 0 %, 2 MiB, 1, 16
2026/04/26 12:29:49.616, 6, P8, 22 MHz, 405 MHz, 18.08 W, 24, 0 %, 2 MiB, 1, 16
2026/04/26 12:29:49.616, 7, P8, 22 MHz, 405 MHz, 14.77 W, 24, 0 %, 2 MiB, 1, 16
2026/04/26 12:29:50.616, 0, P8, 22 MHz, 405 MHz, 38.31 W, 24, 0 %, 2 MiB, 1, 16
2026/04/26 12:29:50.616, 1, P8, 22 MHz, 405 MHz, 24.65 W, 24, 0 %, 2 MiB, 1, 16
2026/04/26 12:29:50.616, 2, P8, 22 MHz, 405 MHz, 19.51 W, 24, 0 %, 2 MiB, 1, 16
2026/04/26 12:29:50.617, 3, P8, 22 MHz, 405 MHz, 16.89 W, 24, 0 %, 2 MiB, 1, 16
2026/04/26 12:29:50.617, 4, P8, 22 MHz, 405 MHz, 26.98 W, 22, 0 %, 2 MiB, 1, 16
2026/04/26 12:29:50.617, 5, P8, 22 MHz, 405 MHz, 8.81 W, 23, 0 %, 2 MiB, 1, 16
2026/04/26 12:29:50.617, 6, P8, 22 MHz, 405 MHz, 17.90 W, 24, 0 %, 2 MiB, 1, 16
2026/04/26 12:29:50.617, 7, P8, 22 MHz, 405 MHz, 15.00 W, 24, 0 %, 2 MiB, 1, 16
2026/04/26 12:29:51.617, 0, P8, 22 MHz, 405 MHz, 38.18 W, 24, 0 %, 2 MiB, 1, 16
2026/04/26 12:29:51.617, 1, P8, 22 MHz, 405 MHz, 24.84 W, 24, 0 %, 2 MiB, 1, 16
2026/04/26 12:29:51.617, 2, P8, 22 MHz, 405 MHz, 19.48 W, 24, 0 %, 2 MiB, 1, 16
2026/04/26 12:29:51.617, 3, P8, 22 MHz, 405 MHz, 16.58 W, 24, 0 %, 2 MiB, 1, 16
2026/04/26 12:29:51.617, 4, P8, 22 MHz, 405 MHz, 27.00 W, 22, 0 %, 2 MiB, 1, 16
2026/04/26 12:29:51.617, 5, P8, 22 MHz, 405 MHz, 9.24 W, 23, 0 %, 2 MiB, 1, 16
2026/04/26 12:29:51.617, 6, P8, 22 MHz, 405 MHz, 17.92 W, 24, 0 %, 2 MiB, 1, 16
2026/04/26 12:29:51.617, 7, P8, 22 MHz, 405 MHz, 14.98 W, 24, 0 %, 2 MiB, 1, 16
2026/04/26 12:29:52.618, 0, P8, 22 MHz, 405 MHz, 38.23 W, 24, 0 %, 2 MiB, 1, 16
2026/04/26 12:29:52.618, 1, P8, 22 MHz, 405 MHz, 24.86 W, 24, 0 %, 2 MiB, 1, 16
2026/04/26 12:29:52.618, 2, P8, 22 MHz, 405 MHz, 19.37 W, 24, 0 %, 2 MiB, 1, 16
2026/04/26 12:29:52.618, 3, P8, 22 MHz, 405 MHz, 16.36 W, 24, 0 %, 2 MiB, 1, 16
2026/04/26 12:29:52.618, 4, P8, 22 MHz, 405 MHz, 27.12 W, 23, 0 %, 2 MiB, 1, 16
2026/04/26 12:29:52.618, 5, P8, 22 MHz, 405 MHz, 8.90 W, 23, 0 %, 2 MiB, 1, 16
2026/04/26 12:29:52.618, 6, P8, 22 MHz, 405 MHz, 17.90 W, 24, 0 %, 2 MiB, 1, 16
2026/04/26 12:29:52.618, 7, P8, 22 MHz, 405 MHz, 14.76 W, 24, 0 %, 2 MiB, 1, 16
2026/04/26 12:29:53.618, 0, P8, 22 MHz, 405 MHz, 37.64 W, 24, 0 %, 2 MiB, 1, 16
2026/04/26 12:29:53.618, 1, P8, 22 MHz, 405 MHz, 24.56 W, 24, 0 %, 2 MiB, 1, 16
2026/04/26 12:29:53.618, 2, P8, 21 MHz, 405 MHz, 19.34 W, 24, 0 %, 2 MiB, 1, 16
2026/04/26 12:29:53.619, 3, P8, 22 MHz, 405 MHz, 16.42 W, 24, 0 %, 2 MiB, 1, 16
2026/04/26 12:29:53.619, 4, P8, 22 MHz, 405 MHz, 26.94 W, 22, 0 %, 2 MiB, 1, 16
2026/04/26 12:29:53.619, 5, P8, 22 MHz, 405 MHz, 8.45 W, 23, 0 %, 2 MiB, 1, 16
2026/04/26 12:29:53.619, 6, P8, 22 MHz, 405 MHz, 17.75 W, 24, 0 %, 2 MiB, 1, 16
2026/04/26 12:29:53.619, 7, P8, 22 MHz, 405 MHz, 14.48 W, 24, 0 %, 2 MiB, 1, 16
2026/04/26 12:29:54.619, 0, P8, 22 MHz, 405 MHz, 37.71 W, 24, 0 %, 2 MiB, 1, 16
2026/04/26 12:29:54.619, 1, P8, 22 MHz, 405 MHz, 24.76 W, 24, 0 %, 2 MiB, 1, 16
2026/04/26 12:29:54.619, 2, P8, 22 MHz, 405 MHz, 19.55 W, 24, 0 %, 2 MiB, 1, 16
2026/04/26 12:29:54.619, 3, P8, 22 MHz, 405 MHz, 16.37 W, 24, 0 %, 2 MiB, 1, 16
2026/04/26 12:29:54.619, 4, P8, 22 MHz, 405 MHz, 26.95 W, 23, 0 %, 2 MiB, 1, 16
2026/04/26 12:29:54.619, 5, P8, 22 MHz, 405 MHz, 8.34 W, 23, 0 %, 2 MiB, 1, 16
2026/04/26 12:29:54.619, 6, P8, 22 MHz, 405 MHz, 17.94 W, 24, 0 %, 2 MiB, 1, 16
2026/04/26 12:29:54.619, 7, P8, 22 MHz, 405 MHz, 14.69 W, 24, 0 %, 2 MiB, 1, 16
2026/04/26 12:29:55.620, 0, P8, 22 MHz, 405 MHz, 37.94 W, 24, 0 %, 2 MiB, 1, 16
2026/04/26 12:29:55.620, 1, P8, 22 MHz, 405 MHz, 24.85 W, 24, 0 %, 2 MiB, 1, 16
2026/04/26 12:29:55.620, 2, P8, 22 MHz, 405 MHz, 19.48 W, 24, 0 %, 2 MiB, 1, 16
2026/04/26 12:29:55.620, 3, P8, 22 MHz, 405 MHz, 16.45 W, 24, 0 %, 2 MiB, 1, 16
2026/04/26 12:29:55.620, 4, P8, 22 MHz, 405 MHz, 27.12 W, 23, 0 %, 2 MiB, 1, 16
2026/04/26 12:29:55.620, 5, P8, 22 MHz, 405 MHz, 8.25 W, 23, 0 %, 2 MiB, 1, 16
2026/04/26 12:29:55.620, 6, P8, 22 MHz, 405 MHz, 18.21 W, 24, 0 %, 2 MiB, 1, 16
2026/04/26 12:29:55.620, 7, P8, 22 MHz, 405 MHz, 14.63 W, 24, 0 %, 2 MiB, 1, 16
2026/04/26 12:29:56.620, 0, P8, 22 MHz, 405 MHz, 37.96 W, 24, 0 %, 2 MiB, 1, 16
2026/04/26 12:29:56.620, 1, P8, 22 MHz, 405 MHz, 24.70 W, 24, 0 %, 2 MiB, 1, 16
2026/04/26 12:29:56.621, 2, P8, 22 MHz, 405 MHz, 19.52 W, 24, 0 %, 2 MiB, 1, 16
2026/04/26 12:29:56.624, 3, P8, 22 MHz, 405 MHz, 16.60 W, 24, 0 %, 2 MiB, 1, 16
2026/04/26 12:29:56.624, 4, P8, 22 MHz, 405 MHz, 26.95 W, 22, 0 %, 2 MiB, 1, 16
2026/04/26 12:29:56.624, 5, P8, 22 MHz, 405 MHz, 8.34 W, 23, 0 %, 2 MiB, 1, 16
2026/04/26 12:29:56.624, 6, P8, 22 MHz, 405 MHz, 18.25 W, 24, 0 %, 2 MiB, 1, 16
2026/04/26 12:29:56.624, 7, P8, 22 MHz, 405 MHz, 14.72 W, 24, 0 %, 2 MiB, 1, 16
2026/04/26 12:29:57.624, 0, P8, 22 MHz, 405 MHz, 37.98 W, 24, 0 %, 2 MiB, 1, 16
2026/04/26 12:29:57.624, 1, P8, 22 MHz, 405 MHz, 24.48 W, 24, 0 %, 2 MiB, 1, 16
2026/04/26 12:29:57.624, 2, P8, 22 MHz, 405 MHz, 19.63 W, 24, 0 %, 2 MiB, 1, 16
2026/04/26 12:29:57.624, 3, P8, 22 MHz, 405 MHz, 16.18 W, 24, 0 %, 2 MiB, 1, 16
2026/04/26 12:29:57.625, 4, P8, 22 MHz, 405 MHz, 26.78 W, 23, 0 %, 2 MiB, 1, 16
2026/04/26 12:29:57.625, 5, P8, 22 MHz, 405 MHz, 8.62 W, 23, 0 %, 2 MiB, 1, 16
2026/04/26 12:29:57.625, 6, P8, 22 MHz, 405 MHz, 18.11 W, 24, 0 %, 2 MiB, 1, 16
2026/04/26 12:29:57.625, 7, P8, 22 MHz, 405 MHz, 14.51 W, 24, 0 %, 2 MiB, 1, 16
2026/04/26 12:29:58.625, 0, P8, 22 MHz, 405 MHz, 38.32 W, 24, 0 %, 2 MiB, 1, 16
2026/04/26 12:29:58.625, 1, P8, 22 MHz, 405 MHz, 24.45 W, 24, 0 %, 2 MiB, 1, 16
2026/04/26 12:29:58.625, 2, P8, 22 MHz, 405 MHz, 19.15 W, 24, 0 %, 2 MiB, 1, 16
2026/04/26 12:29:58.625, 3, P8, 22 MHz, 405 MHz, 16.49 W, 24, 0 %, 2 MiB, 1, 16
2026/04/26 12:29:58.625, 4, P8, 22 MHz, 405 MHz, 26.81 W, 22, 0 %, 2 MiB, 1, 16
2026/04/26 12:29:58.625, 5, P8, 22 MHz, 405 MHz, 8.84 W, 23, 0 %, 2 MiB, 1, 16
2026/04/26 12:29:58.625, 6, P8, 22 MHz, 405 MHz, 17.99 W, 24, 0 %, 2 MiB, 1, 16
2026/04/26 12:29:58.625, 7, P8, 22 MHz, 405 MHz, 14.41 W, 24, 0 %, 2 MiB, 1, 16
2026/04/26 12:29:59.626, 0, P8, 22 MHz, 405 MHz, 38.57 W, 24, 0 %, 2 MiB, 1, 16
2026/04/26 12:29:59.626, 1, P8, 22 MHz, 405 MHz, 24.19 W, 24, 0 %, 2 MiB, 1, 16
2026/04/26 12:29:59.626, 2, P8, 22 MHz, 405 MHz, 19.29 W, 24, 0 %, 2 MiB, 1, 16
2026/04/26 12:29:59.626, 3, P8, 22 MHz, 405 MHz, 16.60 W, 24, 0 %, 2 MiB, 1, 16
2026/04/26 12:29:59.626, 4, P8, 22 MHz, 405 MHz, 26.60 W, 22, 0 %, 2 MiB, 1, 16
2026/04/26 12:29:59.626, 5, P8, 22 MHz, 405 MHz, 8.90 W, 23, 0 %, 2 MiB, 1, 16
2026/04/26 12:29:59.626, 6, P8, 22 MHz, 405 MHz, 17.35 W, 24, 0 %, 2 MiB, 1, 16
2026/04/26 12:29:59.626, 7, P8, 22 MHz, 405 MHz, 14.37 W, 24, 0 %, 2 MiB, 1, 16
2026/04/26 12:30:00.626, 0, P8, 22 MHz, 405 MHz, 38.01 W, 24, 0 %, 2 MiB, 1, 16
2026/04/26 12:30:00.626, 1, P8, 22 MHz, 405 MHz, 24.26 W, 24, 0 %, 2 MiB, 1, 16
2026/04/26 12:30:00.627, 2, P8, 22 MHz, 405 MHz, 19.41 W, 24, 0 %, 2 MiB, 1, 16
2026/04/26 12:30:00.627, 3, P8, 22 MHz, 405 MHz, 16.39 W, 24, 0 %, 2 MiB, 1, 16
2026/04/26 12:30:00.627, 4, P8, 22 MHz, 405 MHz, 27.01 W, 22, 0 %, 2 MiB, 1, 16
2026/04/26 12:30:00.627, 5, P8, 22 MHz, 405 MHz, 8.61 W, 23, 0 %, 2 MiB, 1, 16
2026/04/26 12:30:00.627, 6, P8, 22 MHz, 405 MHz, 17.54 W, 24, 0 %, 2 MiB, 1, 16
2026/04/26 12:30:00.627, 7, P8, 22 MHz, 405 MHz, 14.34 W, 24, 0 %, 2 MiB, 1, 16
2026/04/26 12:30:01.627, 0, P8, 22 MHz, 405 MHz, 38.12 W, 24, 0 %, 2 MiB, 1, 16
2026/04/26 12:30:01.627, 1, P8, 22 MHz, 405 MHz, 24.46 W, 24, 0 %, 2 MiB, 1, 16
2026/04/26 12:30:01.627, 2, P8, 22 MHz, 405 MHz, 19.42 W, 24, 0 %, 2 MiB, 1, 16
2026/04/26 12:30:01.627, 3, P8, 22 MHz, 405 MHz, 16.15 W, 24, 0 %, 2 MiB, 1, 16
2026/04/26 12:30:01.627, 4, P8, 22 MHz, 405 MHz, 27.04 W, 22, 0 %, 2 MiB, 1, 16
2026/04/26 12:30:01.627, 5, P8, 22 MHz, 405 MHz, 8.39 W, 23, 0 %, 2 MiB, 1, 16
2026/04/26 12:30:01.628, 6, P8, 22 MHz, 405 MHz, 17.72 W, 24, 0 %, 2 MiB, 1, 16
2026/04/26 12:30:01.628, 7, P8, 22 MHz, 405 MHz, 14.28 W, 24, 0 %, 2 MiB, 1, 16
2026/04/26 12:30:02.628, 0, P8, 22 MHz, 405 MHz, 38.08 W, 24, 0 %, 2 MiB, 1, 16
2026/04/26 12:30:02.628, 1, P8, 22 MHz, 405 MHz, 24.25 W, 24, 0 %, 2 MiB, 1, 16
2026/04/26 12:30:02.628, 2, P8, 22 MHz, 405 MHz, 18.98 W, 24, 0 %, 2 MiB, 1, 16
2026/04/26 12:30:02.628, 3, P8, 22 MHz, 405 MHz, 16.25 W, 24, 0 %, 2 MiB, 1, 16
2026/04/26 12:30:02.628, 4, P8, 22 MHz, 405 MHz, 27.31 W, 23, 0 %, 2 MiB, 1, 16
2026/04/26 12:30:02.628, 5, P8, 22 MHz, 405 MHz, 8.32 W, 23, 0 %, 2 MiB, 1, 16
2026/04/26 12:30:02.628, 6, P8, 22 MHz, 405 MHz, 17.45 W, 24, 0 %, 2 MiB, 1, 16
2026/04/26 12:30:02.628, 7, P8, 22 MHz, 405 MHz, 14.27 W, 24, 0 %, 2 MiB, 1, 16
2026/04/26 12:30:03.628, 0, P8, 22 MHz, 405 MHz, 38.04 W, 24, 0 %, 2 MiB, 1, 16
2026/04/26 12:30:03.628, 1, P8, 22 MHz, 405 MHz, 24.06 W, 24, 0 %, 2 MiB, 1, 16
2026/04/26 12:30:03.629, 2, P8, 22 MHz, 405 MHz, 19.20 W, 24, 0 %, 2 MiB, 1, 16
2026/04/26 12:30:03.629, 3, P8, 22 MHz, 405 MHz, 16.13 W, 24, 0 %, 2 MiB, 1, 16
2026/04/26 12:30:03.629, 4, P8, 22 MHz, 405 MHz, 26.98 W, 23, 0 %, 2 MiB, 1, 16
2026/04/26 12:30:03.629, 5, P8, 22 MHz, 405 MHz, 8.69 W, 23, 0 %, 2 MiB, 1, 16
2026/04/26 12:30:03.629, 6, P8, 22 MHz, 405 MHz, 17.38 W, 24, 0 %, 2 MiB, 1, 16
2026/04/26 12:30:03.629, 7, P8, 22 MHz, 405 MHz, 14.25 W, 24, 0 %, 2 MiB, 1, 16
2026/04/26 12:30:04.629, 0, P8, 22 MHz, 405 MHz, 38.64 W, 24, 0 %, 2 MiB, 1, 16
2026/04/26 12:30:04.629, 1, P8, 22 MHz, 405 MHz, 24.06 W, 24, 0 %, 2 MiB, 1, 16
2026/04/26 12:30:04.629, 2, P8, 22 MHz, 405 MHz, 19.27 W, 24, 0 %, 2 MiB, 1, 16
2026/04/26 12:30:04.629, 3, P8, 22 MHz, 405 MHz, 16.29 W, 24, 0 %, 2 MiB, 1, 16
2026/04/26 12:30:04.629, 4, P8, 22 MHz, 405 MHz, 27.56 W, 22, 0 %, 2 MiB, 1, 16
2026/04/26 12:30:04.629, 5, P8, 22 MHz, 405 MHz, 8.56 W, 23, 0 %, 2 MiB, 1, 16
2026/04/26 12:30:04.629, 6, P8, 22 MHz, 405 MHz, 17.50 W, 24, 0 %, 2 MiB, 1, 16
2026/04/26 12:30:04.630, 7, P8, 22 MHz, 405 MHz, 14.38 W, 24, 0 %, 2 MiB, 1, 16
2026/04/26 12:30:05.630, 0, P8, 22 MHz, 405 MHz, 38.53 W, 24, 0 %, 2 MiB, 1, 16
2026/04/26 12:30:05.630, 1, P8, 22 MHz, 405 MHz, 24.26 W, 24, 0 %, 2 MiB, 1, 16
2026/04/26 12:30:05.630, 2, P8, 22 MHz, 405 MHz, 19.50 W, 24, 0 %, 2 MiB, 1, 16
2026/04/26 12:30:05.630, 3, P8, 22 MHz, 405 MHz, 16.51 W, 24, 0 %, 2 MiB, 1, 16
2026/04/26 12:30:05.630, 4, P8, 22 MHz, 405 MHz, 27.90 W, 23, 0 %, 2 MiB, 1, 16
2026/04/26 12:30:05.630, 5, P8, 22 MHz, 405 MHz, 8.35 W, 23, 0 %, 2 MiB, 1, 16
2026/04/26 12:30:05.630, 6, P8, 22 MHz, 405 MHz, 17.53 W, 24, 0 %, 2 MiB, 1, 16
2026/04/26 12:30:05.630, 7, P8, 22 MHz, 405 MHz, 14.41 W, 24, 0 %, 2 MiB, 1, 16
2026/04/26 12:30:06.630, 0, P8, 22 MHz, 405 MHz, 38.17 W, 24, 0 %, 2 MiB, 1, 16
2026/04/26 12:30:06.630, 1, P8, 22 MHz, 405 MHz, 24.25 W, 24, 0 %, 2 MiB, 1, 16
2026/04/26 12:30:06.631, 2, P8, 22 MHz, 405 MHz, 19.27 W, 24, 0 %, 2 MiB, 1, 16
2026/04/26 12:30:06.631, 3, P8, 22 MHz, 405 MHz, 16.70 W, 24, 0 %, 2 MiB, 1, 16
2026/04/26 12:30:06.631, 4, P8, 22 MHz, 405 MHz, 27.49 W, 22, 0 %, 2 MiB, 1, 16
2026/04/26 12:30:06.631, 5, P8, 22 MHz, 405 MHz, 8.35 W, 23, 0 %, 2 MiB, 1, 16
2026/04/26 12:30:06.631, 6, P8, 22 MHz, 405 MHz, 17.71 W, 24, 0 %, 2 MiB, 1, 16
2026/04/26 12:30:06.631, 7, P8, 22 MHz, 405 MHz, 14.49 W, 24, 0 %, 2 MiB, 1, 16
2026/04/26 12:30:07.631, 0, P8, 22 MHz, 405 MHz, 38.17 W, 24, 0 %, 2 MiB, 1, 16
2026/04/26 12:30:07.631, 1, P8, 22 MHz, 405 MHz, 24.33 W, 24, 0 %, 2 MiB, 1, 16
2026/04/26 12:30:07.631, 2, P8, 22 MHz, 405 MHz, 19.24 W, 24, 0 %, 2 MiB, 1, 16
2026/04/26 12:30:07.631, 3, P8, 22 MHz, 405 MHz, 16.67 W, 24, 0 %, 2 MiB, 1, 16
2026/04/26 12:30:07.631, 4, P8, 22 MHz, 405 MHz, 27.51 W, 22, 0 %, 2 MiB, 1, 16
2026/04/26 12:30:07.631, 5, P8, 22 MHz, 405 MHz, 8.45 W, 23, 0 %, 2 MiB, 1, 16
2026/04/26 12:30:07.632, 6, P8, 22 MHz, 405 MHz, 17.53 W, 24, 0 %, 2 MiB, 1, 16
2026/04/26 12:30:07.632, 7, P8, 22 MHz, 405 MHz, 14.32 W, 24, 0 %, 2 MiB, 1, 16
2026/04/26 12:30:08.632, 0, P8, 22 MHz, 405 MHz, 38.42 W, 24, 0 %, 2 MiB, 1, 16
2026/04/26 12:30:08.632, 1, P8, 22 MHz, 405 MHz, 24.36 W, 24, 0 %, 2 MiB, 1, 16
2026/04/26 12:30:08.632, 2, P8, 22 MHz, 405 MHz, 19.07 W, 24, 0 %, 2 MiB, 1, 16
2026/04/26 12:30:08.632, 3, P8, 22 MHz, 405 MHz, 16.68 W, 24, 0 %, 2 MiB, 1, 16
2026/04/26 12:30:08.632, 4, P8, 22 MHz, 405 MHz, 27.51 W, 23, 0 %, 2 MiB, 1, 16
2026/04/26 12:30:08.632, 5, P8, 22 MHz, 405 MHz, 8.58 W, 23, 0 %, 2 MiB, 1, 16
2026/04/26 12:30:08.632, 6, P8, 22 MHz, 405 MHz, 17.55 W, 24, 0 %, 2 MiB, 1, 16
2026/04/26 12:30:08.632, 7, P8, 22 MHz, 405 MHz, 14.34 W, 24, 0 %, 2 MiB, 1, 16
2026/04/26 12:30:09.632, 0, P8, 22 MHz, 405 MHz, 38.58 W, 24, 0 %, 2 MiB, 1, 16
2026/04/26 12:30:09.632, 1, P8, 22 MHz, 405 MHz, 24.32 W, 24, 0 %, 2 MiB, 1, 16
2026/04/26 12:30:09.633, 2, P8, 22 MHz, 405 MHz, 19.16 W, 24, 0 %, 2 MiB, 1, 16
2026/04/26 12:30:09.633, 3, P8, 22 MHz, 405 MHz, 16.53 W, 24, 0 %, 2 MiB, 1, 16
2026/04/26 12:30:09.633, 4, P8, 22 MHz, 405 MHz, 27.01 W, 22, 0 %, 2 MiB, 1, 16
2026/04/26 12:30:09.633, 5, P8, 22 MHz, 405 MHz, 8.52 W, 23, 0 %, 2 MiB, 1, 16
2026/04/26 12:30:09.633, 6, P8, 22 MHz, 405 MHz, 17.26 W, 24, 0 %, 2 MiB, 1, 16
2026/04/26 12:30:09.633, 7, P8, 22 MHz, 405 MHz, 14.56 W, 24, 0 %, 2 MiB, 1, 16
2026/04/26 12:30:10.633, 0, P8, 22 MHz, 405 MHz, 38.28 W, 24, 0 %, 2 MiB, 1, 16
2026/04/26 12:30:10.633, 1, P8, 22 MHz, 405 MHz, 24.23 W, 24, 0 %, 2 MiB, 1, 16
2026/04/26 12:30:10.633, 2, P8, 22 MHz, 405 MHz, 19.39 W, 24, 0 %, 2 MiB, 1, 16
2026/04/26 12:30:10.633, 3, P8, 22 MHz, 405 MHz, 16.58 W, 24, 0 %, 2 MiB, 1, 16
2026/04/26 12:30:10.633, 4, P8, 22 MHz, 405 MHz, 26.38 W, 23, 0 %, 2 MiB, 1, 16
2026/04/26 12:30:10.633, 5, P8, 22 MHz, 405 MHz, 8.54 W, 23, 0 %, 2 MiB, 1, 16
2026/04/26 12:30:10.633, 6, P8, 22 MHz, 405 MHz, 17.19 W, 24, 0 %, 2 MiB, 1, 16
2026/04/26 12:30:10.633, 7, P8, 22 MHz, 405 MHz, 14.58 W, 24, 0 %, 2 MiB, 1, 16
2026/04/26 12:30:11.634, 0, P8, 22 MHz, 405 MHz, 38.87 W, 24, 0 %, 2 MiB, 1, 16
2026/04/26 12:30:11.634, 1, P8, 22 MHz, 405 MHz, 24.25 W, 24, 0 %, 2 MiB, 1, 16
2026/04/26 12:30:11.634, 2, P8, 22 MHz, 405 MHz, 19.36 W, 24, 0 %, 2 MiB, 1, 16
2026/04/26 12:30:11.634, 3, P8, 22 MHz, 405 MHz, 16.48 W, 24, 0 %, 2 MiB, 1, 16
2026/04/26 12:30:11.634, 4, P8, 22 MHz, 405 MHz, 26.18 W, 23, 0 %, 2 MiB, 1, 16
2026/04/26 12:30:11.634, 5, P8, 22 MHz, 405 MHz, 8.40 W, 23, 0 %, 2 MiB, 1, 16
2026/04/26 12:30:11.634, 6, P8, 22 MHz, 405 MHz, 17.31 W, 24, 0 %, 2 MiB, 1, 16
2026/04/26 12:30:11.634, 7, P8, 22 MHz, 405 MHz, 14.57 W, 24, 0 %, 2 MiB, 1, 16
2026/04/26 12:30:12.634, 0, P8, 22 MHz, 405 MHz, 39.04 W, 24, 0 %, 2 MiB, 1, 16
2026/04/26 12:30:12.634, 1, P8, 22 MHz, 405 MHz, 24.12 W, 24, 0 %, 2 MiB, 1, 16
2026/04/26 12:30:12.635, 2, P8, 22 MHz, 405 MHz, 19.47 W, 24, 0 %, 2 MiB, 1, 16
2026/04/26 12:30:12.635, 3, P8, 22 MHz, 405 MHz, 16.65 W, 24, 0 %, 2 MiB, 1, 16
2026/04/26 12:30:12.635, 4, P8, 22 MHz, 405 MHz, 26.15 W, 22, 0 %, 2 MiB, 1, 16
2026/04/26 12:30:12.635, 5, P8, 22 MHz, 405 MHz, 8.40 W, 23, 0 %, 2 MiB, 1, 16
2026/04/26 12:30:12.635, 6, P8, 22 MHz, 405 MHz, 17.43 W, 24, 0 %, 2 MiB, 1, 16
2026/04/26 12:30:12.635, 7, P8, 22 MHz, 405 MHz, 14.72 W, 24, 0 %, 2 MiB, 1, 16
2026/04/26 12:30:13.635, 0, P8, 22 MHz, 405 MHz, 38.82 W, 24, 0 %, 2 MiB, 1, 16
2026/04/26 12:30:13.635, 1, P8, 22 MHz, 405 MHz, 24.30 W, 24, 0 %, 2 MiB, 1, 16
2026/04/26 12:30:13.635, 2, P8, 22 MHz, 405 MHz, 19.42 W, 24, 0 %, 2 MiB, 1, 16
2026/04/26 12:30:13.635, 3, P8, 22 MHz, 405 MHz, 16.64 W, 24, 0 %, 2 MiB, 1, 16
2026/04/26 12:30:13.635, 4, P8, 22 MHz, 405 MHz, 26.57 W, 23, 0 %, 2 MiB, 1, 16
2026/04/26 12:30:13.635, 5, P8, 22 MHz, 405 MHz, 8.53 W, 23, 0 %, 2 MiB, 1, 16
2026/04/26 12:30:13.635, 6, P8, 22 MHz, 405 MHz, 17.67 W, 24, 0 %, 2 MiB, 1, 16
2026/04/26 12:30:13.636, 7, P8, 22 MHz, 405 MHz, 14.58 W, 24, 0 %, 2 MiB, 1, 16
2026/04/26 12:30:14.636, 0, P8, 22 MHz, 405 MHz, 38.14 W, 24, 0 %, 2 MiB, 1, 16
2026/04/26 12:30:14.636, 1, P8, 22 MHz, 405 MHz, 24.46 W, 24, 0 %, 2 MiB, 1, 16
2026/04/26 12:30:14.636, 2, P8, 22 MHz, 405 MHz, 19.23 W, 24, 0 %, 2 MiB, 1, 16
2026/04/26 12:30:14.636, 3, P8, 22 MHz, 405 MHz, 16.67 W, 24, 0 %, 2 MiB, 1, 16
2026/04/26 12:30:14.636, 4, P8, 22 MHz, 405 MHz, 26.70 W, 23, 0 %, 2 MiB, 1, 16
2026/04/26 12:30:14.636, 5, P8, 22 MHz, 405 MHz, 8.47 W, 23, 0 %, 2 MiB, 1, 16
2026/04/26 12:30:14.636, 6, P8, 22 MHz, 405 MHz, 17.93 W, 24, 0 %, 2 MiB, 1, 16
2026/04/26 12:30:14.636, 7, P8, 22 MHz, 405 MHz, 14.11 W, 24, 0 %, 2 MiB, 1, 16
2026/04/26 12:30:15.636, 0, P8, 22 MHz, 405 MHz, 38.43 W, 24, 0 %, 2 MiB, 1, 16
2026/04/26 12:30:15.636, 1, P8, 22 MHz, 405 MHz, 24.07 W, 24, 0 %, 2 MiB, 1, 16
2026/04/26 12:30:15.637, 2, P8, 22 MHz, 405 MHz, 19.29 W, 24, 0 %, 2 MiB, 1, 16
2026/04/26 12:30:15.637, 3, P8, 22 MHz, 405 MHz, 16.74 W, 24, 0 %, 2 MiB, 1, 16
2026/04/26 12:30:15.637, 4, P8, 22 MHz, 405 MHz, 26.76 W, 23, 0 %, 2 MiB, 1, 16
2026/04/26 12:30:15.637, 5, P8, 22 MHz, 405 MHz, 8.36 W, 23, 0 %, 2 MiB, 1, 16
2026/04/26 12:30:15.637, 6, P8, 22 MHz, 405 MHz, 17.51 W, 24, 0 %, 2 MiB, 1, 16
2026/04/26 12:30:15.637, 7, P8, 22 MHz, 405 MHz, 14.31 W, 24, 0 %, 2 MiB, 1, 16
2026/04/26 12:30:16.637, 0, P8, 22 MHz, 405 MHz, 38.65 W, 24, 0 %, 2 MiB, 1, 16
2026/04/26 12:30:16.637, 1, P8, 22 MHz, 405 MHz, 24.20 W, 24, 0 %, 2 MiB, 1, 16
2026/04/26 12:30:16.637, 2, P8, 22 MHz, 405 MHz, 19.24 W, 24, 0 %, 2 MiB, 1, 16
2026/04/26 12:30:16.637, 3, P8, 22 MHz, 405 MHz, 16.70 W, 24, 0 %, 2 MiB, 1, 16
2026/04/26 12:30:16.637, 4, P8, 22 MHz, 405 MHz, 27.27 W, 23, 0 %, 2 MiB, 1, 16
2026/04/26 12:30:16.637, 5, P8, 22 MHz, 405 MHz, 8.39 W, 23, 0 %, 2 MiB, 1, 16
2026/04/26 12:30:16.637, 6, P8, 22 MHz, 405 MHz, 17.63 W, 24, 0 %, 2 MiB, 1, 16
2026/04/26 12:30:16.637, 7, P8, 22 MHz, 405 MHz, 14.34 W, 24, 0 %, 2 MiB, 1, 16
2026/04/26 12:30:17.638, 0, P8, 22 MHz, 405 MHz, 38.25 W, 24, 0 %, 2 MiB, 1, 16
2026/04/26 12:30:17.638, 1, P8, 22 MHz, 405 MHz, 24.32 W, 24, 0 %, 2 MiB, 1, 16
2026/04/26 12:30:17.638, 2, P8, 22 MHz, 405 MHz, 19.12 W, 24, 0 %, 2 MiB, 1, 16
2026/04/26 12:30:17.638, 3, P8, 21 MHz, 405 MHz, 16.57 W, 24, 0 %, 2 MiB, 1, 16
2026/04/26 12:30:17.638, 4, P8, 22 MHz, 405 MHz, 26.63 W, 22, 0 %, 2 MiB, 1, 16
2026/04/26 12:30:17.638, 5, P8, 22 MHz, 405 MHz, 8.30 W, 23, 0 %, 2 MiB, 1, 16
2026/04/26 12:30:17.638, 6, P8, 22 MHz, 405 MHz, 17.93 W, 24, 0 %, 2 MiB, 1, 16
2026/04/26 12:30:17.638, 7, P8, 22 MHz, 405 MHz, 14.16 W, 24, 0 %, 2 MiB, 1, 16
2026/04/26 12:30:18.638, 0, P8, 22 MHz, 405 MHz, 38.37 W, 24, 0 %, 2 MiB, 1, 16
2026/04/26 12:30:18.638, 1, P8, 22 MHz, 405 MHz, 24.37 W, 24, 0 %, 2 MiB, 1, 16
2026/04/26 12:30:18.638, 2, P8, 22 MHz, 405 MHz, 19.17 W, 24, 0 %, 2 MiB, 1, 16
2026/04/26 12:30:18.639, 3, P8, 22 MHz, 405 MHz, 16.44 W, 24, 0 %, 2 MiB, 1, 16
2026/04/26 12:30:18.639, 4, P8, 22 MHz, 405 MHz, 26.66 W, 23, 0 %, 2 MiB, 1, 16
2026/04/26 12:30:18.639, 5, P8, 22 MHz, 405 MHz, 8.21 W, 23, 0 %, 2 MiB, 1, 16
2026/04/26 12:30:18.639, 6, P8, 22 MHz, 405 MHz, 17.61 W, 24, 0 %, 2 MiB, 1, 16
2026/04/26 12:30:18.639, 7, P8, 22 MHz, 405 MHz, 13.92 W, 24, 0 %, 2 MiB, 1, 16
2026/04/26 12:30:19.639, 0, P8, 22 MHz, 405 MHz, 38.97 W, 24, 0 %, 2 MiB, 1, 16
2026/04/26 12:30:19.639, 1, P8, 22 MHz, 405 MHz, 24.49 W, 24, 0 %, 2 MiB, 1, 16
2026/04/26 12:30:19.639, 2, P8, 22 MHz, 405 MHz, 19.45 W, 24, 0 %, 2 MiB, 1, 16
2026/04/26 12:30:19.639, 3, P8, 22 MHz, 405 MHz, 16.50 W, 24, 0 %, 2 MiB, 1, 16
2026/04/26 12:30:19.639, 4, P8, 22 MHz, 405 MHz, 26.31 W, 23, 0 %, 2 MiB, 1, 16
2026/04/26 12:30:19.639, 5, P8, 22 MHz, 405 MHz, 8.25 W, 23, 0 %, 2 MiB, 1, 16
2026/04/26 12:30:19.639, 6, P8, 22 MHz, 405 MHz, 17.62 W, 24, 0 %, 2 MiB, 1, 16
2026/04/26 12:30:19.640, 7, P8, 22 MHz, 405 MHz, 14.24 W, 24, 0 %, 2 MiB, 1, 16
2026/04/26 12:30:20.640, 0, P8, 22 MHz, 405 MHz, 38.73 W, 24, 0 %, 2 MiB, 1, 16
2026/04/26 12:30:20.640, 1, P8, 22 MHz, 405 MHz, 24.34 W, 24, 0 %, 2 MiB, 1, 16
2026/04/26 12:30:20.640, 2, P8, 22 MHz, 405 MHz, 19.58 W, 24, 0 %, 2 MiB, 1, 16
2026/04/26 12:30:20.640, 3, P8, 22 MHz, 405 MHz, 16.43 W, 24, 0 %, 2 MiB, 1, 16
2026/04/26 12:30:20.640, 4, P8, 22 MHz, 405 MHz, 26.20 W, 22, 0 %, 2 MiB, 1, 16
2026/04/26 12:30:20.640, 5, P8, 22 MHz, 405 MHz, 8.22 W, 23, 0 %, 2 MiB, 1, 16
2026/04/26 12:30:20.640, 6, P8, 22 MHz, 405 MHz, 17.56 W, 24, 0 %, 2 MiB, 1, 16
2026/04/26 12:30:20.640, 7, P8, 22 MHz, 405 MHz, 14.31 W, 24, 0 %, 2 MiB, 1, 16
2026/04/26 12:30:21.640, 0, P8, 22 MHz, 405 MHz, 38.60 W, 24, 0 %, 2 MiB, 1, 16
2026/04/26 12:30:21.640, 1, P8, 22 MHz, 405 MHz, 23.87 W, 24, 0 %, 2 MiB, 1, 16
2026/04/26 12:30:21.641, 2, P8, 22 MHz, 405 MHz, 19.63 W, 24, 0 %, 2 MiB, 1, 16
2026/04/26 12:30:21.641, 3, P8, 22 MHz, 405 MHz, 16.50 W, 24, 0 %, 2 MiB, 1, 16
2026/04/26 12:30:21.641, 4, P8, 22 MHz, 405 MHz, 25.85 W, 23, 0 %, 2 MiB, 1, 16
2026/04/26 12:30:21.641, 5, P8, 22 MHz, 405 MHz, 7.90 W, 23, 0 %, 2 MiB, 1, 16
2026/04/26 12:30:21.641, 6, P8, 22 MHz, 405 MHz, 17.03 W, 24, 0 %, 2 MiB, 1, 16
2026/04/26 12:30:21.641, 7, P8, 22 MHz, 405 MHz, 14.27 W, 24, 0 %, 2 MiB, 1, 16
2026/04/26 12:30:22.641, 0, P8, 22 MHz, 405 MHz, 38.48 W, 24, 0 %, 2 MiB, 1, 16
2026/04/26 12:30:22.641, 1, P8, 22 MHz, 405 MHz, 24.02 W, 24, 0 %, 2 MiB, 1, 16
2026/04/26 12:30:22.641, 2, P8, 22 MHz, 405 MHz, 19.55 W, 24, 0 %, 2 MiB, 1, 16
2026/04/26 12:30:22.641, 3, P8, 22 MHz, 405 MHz, 16.74 W, 24, 0 %, 2 MiB, 1, 16
2026/04/26 12:30:22.641, 4, P8, 22 MHz, 405 MHz, 26.25 W, 22, 0 %, 2 MiB, 1, 16
2026/04/26 12:30:22.641, 5, P8, 22 MHz, 405 MHz, 7.89 W, 23, 0 %, 2 MiB, 1, 16
2026/04/26 12:30:22.641, 6, P8, 22 MHz, 405 MHz, 17.05 W, 24, 0 %, 2 MiB, 1, 16
2026/04/26 12:30:22.641, 7, P8, 22 MHz, 405 MHz, 14.38 W, 24, 0 %, 2 MiB, 1, 16
2026/04/26 12:30:23.642, 0, P8, 22 MHz, 405 MHz, 38.22 W, 24, 0 %, 2 MiB, 1, 16
2026/04/26 12:30:23.642, 1, P8, 22 MHz, 405 MHz, 24.15 W, 24, 0 %, 2 MiB, 1, 16
2026/04/26 12:30:23.642, 2, P8, 22 MHz, 405 MHz, 19.54 W, 24, 0 %, 2 MiB, 1, 16
2026/04/26 12:30:23.642, 3, P8, 22 MHz, 405 MHz, 16.77 W, 24, 0 %, 2 MiB, 1, 16
2026/04/26 12:30:23.642, 4, P8, 22 MHz, 405 MHz, 26.51 W, 22, 0 %, 2 MiB, 1, 16
2026/04/26 12:30:23.642, 5, P8, 22 MHz, 405 MHz, 8.18 W, 23, 0 %, 2 MiB, 1, 16
2026/04/26 12:30:23.642, 6, P8, 22 MHz, 405 MHz, 17.22 W, 24, 0 %, 2 MiB, 1, 16
2026/04/26 12:30:23.642, 7, P8, 22 MHz, 405 MHz, 14.51 W, 24, 0 %, 2 MiB, 1, 16
2026/04/26 12:30:24.642, 0, P8, 22 MHz, 405 MHz, 38.15 W, 24, 0 %, 2 MiB, 1, 16
2026/04/26 12:30:24.642, 1, P8, 22 MHz, 405 MHz, 24.17 W, 24, 0 %, 2 MiB, 1, 16
2026/04/26 12:30:24.643, 2, P8, 22 MHz, 405 MHz, 19.42 W, 24, 0 %, 2 MiB, 1, 16
2026/04/26 12:30:24.643, 3, P8, 22 MHz, 405 MHz, 16.60 W, 24, 0 %, 2 MiB, 1, 16
2026/04/26 12:30:24.643, 4, P8, 22 MHz, 405 MHz, 26.31 W, 23, 0 %, 2 MiB, 1, 16
2026/04/26 12:30:24.643, 5, P8, 22 MHz, 405 MHz, 8.18 W, 23, 0 %, 2 MiB, 1, 16
2026/04/26 12:30:24.643, 6, P8, 22 MHz, 405 MHz, 17.19 W, 24, 0 %, 2 MiB, 1, 16
2026/04/26 12:30:24.643, 7, P8, 22 MHz, 405 MHz, 14.55 W, 24, 0 %, 2 MiB, 1, 16
2026/04/26 12:30:25.643, 0, P8, 22 MHz, 405 MHz, 38.31 W, 24, 0 %, 2 MiB, 1, 16
2026/04/26 12:30:25.643, 1, P8, 22 MHz, 405 MHz, 24.11 W, 24, 0 %, 2 MiB, 1, 16
2026/04/26 12:30:25.643, 2, P8, 22 MHz, 405 MHz, 19.59 W, 24, 0 %, 2 MiB, 1, 16
2026/04/26 12:30:25.643, 3, P8, 22 MHz, 405 MHz, 16.46 W, 24, 0 %, 2 MiB, 1, 16
2026/04/26 12:30:25.643, 4, P8, 22 MHz, 405 MHz, 26.25 W, 22, 0 %, 2 MiB, 1, 16
2026/04/26 12:30:25.643, 5, P8, 22 MHz, 405 MHz, 8.25 W, 23, 0 %, 2 MiB, 1, 16
2026/04/26 12:30:25.651, 6, P8, 22 MHz, 405 MHz, 17.07 W, 24, 0 %, 2 MiB, 1, 16
2026/04/26 12:30:25.651, 7, P8, 22 MHz, 405 MHz, 14.74 W, 24, 0 %, 2 MiB, 1, 16
2026/04/26 12:30:26.651, 0, P8, 22 MHz, 405 MHz, 38.38 W, 24, 0 %, 2 MiB, 1, 16
2026/04/26 12:30:26.651, 1, P8, 22 MHz, 405 MHz, 24.23 W, 24, 0 %, 2 MiB, 1, 16
2026/04/26 12:30:26.651, 2, P8, 22 MHz, 405 MHz, 19.81 W, 24, 0 %, 2 MiB, 1, 16
2026/04/26 12:30:26.651, 3, P8, 22 MHz, 405 MHz, 16.26 W, 24, 0 %, 2 MiB, 1, 16
2026/04/26 12:30:26.651, 4, P8, 22 MHz, 405 MHz, 26.12 W, 23, 0 %, 2 MiB, 1, 16
2026/04/26 12:30:26.651, 5, P8, 22 MHz, 405 MHz, 8.46 W, 23, 0 %, 2 MiB, 1, 16
2026/04/26 12:30:26.652, 6, P8, 22 MHz, 405 MHz, 17.14 W, 24, 0 %, 2 MiB, 1, 16
2026/04/26 12:30:26.652, 7, P8, 22 MHz, 405 MHz, 14.88 W, 24, 0 %, 2 MiB, 1, 16
2026/04/26 12:30:27.652, 0, P8, 22 MHz, 405 MHz, 38.18 W, 24, 0 %, 2 MiB, 1, 16
2026/04/26 12:30:27.652, 1, P8, 22 MHz, 405 MHz, 24.33 W, 24, 0 %, 2 MiB, 1, 16
2026/04/26 12:30:27.652, 2, P8, 22 MHz, 405 MHz, 19.27 W, 24, 0 %, 2 MiB, 1, 16
2026/04/26 12:30:27.652, 3, P8, 22 MHz, 405 MHz, 16.49 W, 24, 0 %, 2 MiB, 1, 16
2026/04/26 12:30:27.652, 4, P8, 22 MHz, 405 MHz, 26.50 W, 23, 0 %, 2 MiB, 1, 16
2026/04/26 12:30:27.652, 5, P8, 22 MHz, 405 MHz, 8.63 W, 23, 0 %, 2 MiB, 1, 16
2026/04/26 12:30:27.652, 6, P8, 22 MHz, 405 MHz, 17.38 W, 24, 0 %, 2 MiB, 1, 16
2026/04/26 12:30:27.652, 7, P8, 22 MHz, 405 MHz, 14.50 W, 24, 0 %, 2 MiB, 1, 16
2026/04/26 12:30:28.653, 0, P8, 22 MHz, 405 MHz, 38.39 W, 24, 0 %, 2 MiB, 1, 16
2026/04/26 12:30:28.653, 1, P8, 22 MHz, 405 MHz, 24.17 W, 24, 0 %, 2 MiB, 1, 16
2026/04/26 12:30:28.653, 2, P8, 22 MHz, 405 MHz, 19.32 W, 24, 0 %, 2 MiB, 1, 16
2026/04/26 12:30:28.653, 3, P8, 22 MHz, 405 MHz, 16.68 W, 24, 0 %, 2 MiB, 1, 16
2026/04/26 12:30:28.653, 4, P8, 22 MHz, 405 MHz, 26.21 W, 22, 0 %, 2 MiB, 1, 16
2026/04/26 12:30:28.653, 5, P8, 22 MHz, 405 MHz, 8.52 W, 23, 0 %, 2 MiB, 1, 16
2026/04/26 12:30:28.653, 6, P8, 22 MHz, 405 MHz, 17.16 W, 24, 0 %, 2 MiB, 1, 16
2026/04/26 12:30:28.656, 7, P8, 22 MHz, 405 MHz, 14.59 W, 24, 0 %, 2 MiB, 1, 16
2026/04/26 12:30:29.664, 0, P8, 22 MHz, 405 MHz, 38.37 W, 24, 0 %, 2 MiB, 1, 16
2026/04/26 12:30:29.664, 1, P8, 22 MHz, 405 MHz, 24.25 W, 24, 0 %, 2 MiB, 1, 16
2026/04/26 12:30:29.664, 2, P8, 22 MHz, 405 MHz, 19.27 W, 24, 0 %, 2 MiB, 1, 16
2026/04/26 12:30:29.664, 3, P8, 22 MHz, 405 MHz, 16.50 W, 24, 0 %, 2 MiB, 1, 16
2026/04/26 12:30:29.664, 4, P8, 22 MHz, 405 MHz, 26.61 W, 23, 0 %, 2 MiB, 1, 16
2026/04/26 12:30:29.664, 5, P8, 22 MHz, 405 MHz, 8.45 W, 23, 0 %, 2 MiB, 1, 16
2026/04/26 12:30:29.664, 6, P8, 22 MHz, 405 MHz, 17.36 W, 24, 0 %, 2 MiB, 1, 16
2026/04/26 12:30:29.664, 7, P8, 22 MHz, 405 MHz, 14.72 W, 24, 0 %, 2 MiB, 1, 16
2026/04/26 12:30:30.665, 0, P8, 22 MHz, 405 MHz, 37.90 W, 24, 0 %, 2 MiB, 1, 16
2026/04/26 12:30:30.665, 1, P8, 22 MHz, 405 MHz, 24.41 W, 24, 0 %, 2 MiB, 1, 16
2026/04/26 12:30:30.665, 2, P8, 22 MHz, 405 MHz, 19.32 W, 24, 0 %, 2 MiB, 1, 16
2026/04/26 12:30:30.665, 3, P8, 22 MHz, 405 MHz, 16.61 W, 24, 0 %, 2 MiB, 1, 16
2026/04/26 12:30:30.665, 4, P8, 22 MHz, 405 MHz, 26.82 W, 22, 0 %, 2 MiB, 1, 16
2026/04/26 12:30:30.665, 5, P8, 22 MHz, 405 MHz, 8.25 W, 23, 0 %, 2 MiB, 1, 16
2026/04/26 12:30:30.665, 6, P8, 22 MHz, 405 MHz, 17.86 W, 24, 0 %, 2 MiB, 1, 16
2026/04/26 12:30:30.665, 7, P8, 22 MHz, 405 MHz, 14.71 W, 24, 0 %, 2 MiB, 1, 16
2026/04/26 12:30:31.665, 0, P8, 22 MHz, 405 MHz, 38.15 W, 24, 0 %, 2 MiB, 1, 16
2026/04/26 12:30:31.666, 1, P8, 22 MHz, 405 MHz, 24.31 W, 24, 0 %, 2 MiB, 1, 16
2026/04/26 12:30:31.666, 2, P8, 22 MHz, 405 MHz, 19.25 W, 24, 0 %, 2 MiB, 1, 16
2026/04/26 12:30:31.666, 3, P8, 21 MHz, 405 MHz, 16.88 W, 24, 0 %, 2 MiB, 1, 16
2026/04/26 12:30:31.666, 4, P8, 22 MHz, 405 MHz, 26.65 W, 22, 0 %, 2 MiB, 1, 16
2026/04/26 12:30:31.666, 5, P8, 22 MHz, 405 MHz, 8.12 W, 23, 0 %, 2 MiB, 1, 16
2026/04/26 12:30:31.666, 6, P8, 22 MHz, 405 MHz, 17.75 W, 24, 0 %, 2 MiB, 1, 16
2026/04/26 12:30:31.666, 7, P8, 22 MHz, 405 MHz, 14.25 W, 24, 0 %, 2 MiB, 1, 16
2026/04/26 12:30:32.666, 0, P8, 22 MHz, 405 MHz, 38.28 W, 24, 0 %, 2 MiB, 1, 16
2026/04/26 12:30:32.669, 1, P8, 22 MHz, 405 MHz, 24.26 W, 24, 0 %, 2 MiB, 1, 16
2026/04/26 12:30:32.676, 2, P8, 22 MHz, 405 MHz, 19.62 W, 24, 0 %, 2 MiB, 1, 16
2026/04/26 12:30:32.676, 3, P8, 22 MHz, 405 MHz, 16.86 W, 24, 0 %, 2 MiB, 1, 16
2026/04/26 12:30:32.676, 4, P8, 22 MHz, 405 MHz, 26.19 W, 23, 0 %, 2 MiB, 1, 16
2026/04/26 12:30:32.676, 5, P8, 22 MHz, 405 MHz, 8.03 W, 23, 0 %, 2 MiB, 1, 16
2026/04/26 12:30:32.676, 6, P8, 22 MHz, 405 MHz, 17.70 W, 24, 0 %, 2 MiB, 1, 16
2026/04/26 12:30:32.676, 7, P8, 22 MHz, 405 MHz, 14.52 W, 24, 0 %, 2 MiB, 1, 16
2026/04/26 12:30:33.676, 0, P8, 22 MHz, 405 MHz, 38.29 W, 24, 0 %, 2 MiB, 1, 16
2026/04/26 12:30:33.676, 1, P8, 22 MHz, 405 MHz, 24.61 W, 24, 0 %, 2 MiB, 1, 16
2026/04/26 12:30:33.676, 2, P8, 22 MHz, 405 MHz, 19.59 W, 24, 0 %, 2 MiB, 1, 16
2026/04/26 12:30:33.676, 3, P8, 22 MHz, 405 MHz, 16.64 W, 24, 0 %, 2 MiB, 1, 16
2026/04/26 12:30:33.677, 4, P8, 22 MHz, 405 MHz, 25.77 W, 22, 0 %, 2 MiB, 1, 16
2026/04/26 12:30:33.677, 5, P8, 22 MHz, 405 MHz, 7.96 W, 23, 0 %, 2 MiB, 1, 16
2026/04/26 12:30:33.677, 6, P8, 22 MHz, 405 MHz, 17.66 W, 24, 0 %, 2 MiB, 1, 16
2026/04/26 12:30:33.677, 7, P8, 22 MHz, 405 MHz, 14.87 W, 24, 0 %, 2 MiB, 1, 16
2026/04/26 12:30:34.677, 0, P8, 22 MHz, 405 MHz, 38.19 W, 24, 0 %, 2 MiB, 1, 16
2026/04/26 12:30:34.677, 1, P8, 22 MHz, 405 MHz, 24.56 W, 24, 0 %, 2 MiB, 1, 16
2026/04/26 12:30:34.677, 2, P8, 22 MHz, 405 MHz, 19.40 W, 24, 0 %, 2 MiB, 1, 16
2026/04/26 12:30:34.677, 3, P8, 22 MHz, 405 MHz, 16.51 W, 24, 0 %, 2 MiB, 1, 16
2026/04/26 12:30:34.677, 4, P8, 22 MHz, 405 MHz, 25.95 W, 23, 0 %, 2 MiB, 1, 16
2026/04/26 12:30:34.677, 5, P8, 22 MHz, 405 MHz, 8.14 W, 23, 0 %, 2 MiB, 1, 16
2026/04/26 12:30:34.677, 6, P8, 22 MHz, 405 MHz, 17.65 W, 24, 0 %, 2 MiB, 1, 16
2026/04/26 12:30:34.677, 7, P8, 22 MHz, 405 MHz, 14.72 W, 24, 0 %, 2 MiB, 1, 16
2026/04/26 12:30:35.678, 0, P8, 22 MHz, 405 MHz, 38.03 W, 24, 0 %, 2 MiB, 1, 16
2026/04/26 12:30:35.678, 1, P8, 22 MHz, 405 MHz, 24.54 W, 24, 0 %, 2 MiB, 1, 16
2026/04/26 12:30:35.678, 2, P8, 22 MHz, 405 MHz, 19.40 W, 24, 0 %, 2 MiB, 1, 16
2026/04/26 12:30:35.678, 3, P8, 22 MHz, 405 MHz, 16.43 W, 24, 0 %, 2 MiB, 1, 16
2026/04/26 12:30:35.678, 4, P8, 22 MHz, 405 MHz, 26.42 W, 22, 0 %, 2 MiB, 1, 16
2026/04/26 12:30:35.678, 5, P8, 22 MHz, 405 MHz, 8.51 W, 23, 0 %, 2 MiB, 1, 16
2026/04/26 12:30:35.678, 6, P8, 22 MHz, 405 MHz, 17.50 W, 24, 0 %, 2 MiB, 1, 16
2026/04/26 12:30:35.678, 7, P8, 22 MHz, 405 MHz, 14.71 W, 24, 0 %, 2 MiB, 1, 16
2026/04/26 12:30:36.678, 0, P8, 22 MHz, 405 MHz, 37.96 W, 24, 0 %, 2 MiB, 1, 16
2026/04/26 12:30:36.678, 1, P8, 22 MHz, 405 MHz, 24.61 W, 24, 0 %, 2 MiB, 1, 16
2026/04/26 12:30:36.678, 2, P8, 22 MHz, 405 MHz, 19.70 W, 24, 0 %, 2 MiB, 1, 16
2026/04/26 12:30:36.678, 3, P8, 22 MHz, 405 MHz, 16.12 W, 24, 0 %, 2 MiB, 1, 16
2026/04/26 12:30:36.678, 4, P8, 22 MHz, 405 MHz, 27.03 W, 22, 0 %, 2 MiB, 1, 16
2026/04/26 12:30:36.679, 5, P8, 22 MHz, 405 MHz, 8.41 W, 23, 0 %, 2 MiB, 1, 16
2026/04/26 12:30:36.679, 6, P8, 22 MHz, 405 MHz, 17.33 W, 24, 0 %, 2 MiB, 1, 16
2026/04/26 12:30:36.679, 7, P8, 22 MHz, 405 MHz, 14.91 W, 24, 0 %, 2 MiB, 1, 16
2026/04/26 12:30:37.679, 0, P8, 22 MHz, 405 MHz, 38.12 W, 24, 0 %, 2 MiB, 1, 16
2026/04/26 12:30:37.679, 1, P8, 22 MHz, 405 MHz, 24.56 W, 24, 0 %, 2 MiB, 1, 16
2026/04/26 12:30:37.679, 2, P8, 22 MHz, 405 MHz, 19.57 W, 24, 0 %, 2 MiB, 1, 16
2026/04/26 12:30:37.679, 3, P8, 22 MHz, 405 MHz, 16.31 W, 24, 0 %, 2 MiB, 1, 16
2026/04/26 12:30:37.679, 4, P8, 22 MHz, 405 MHz, 26.69 W, 23, 0 %, 2 MiB, 1, 16
2026/04/26 12:30:37.679, 5, P8, 22 MHz, 405 MHz, 7.68 W, 23, 0 %, 2 MiB, 1, 16
2026/04/26 12:30:37.679, 6, P8, 22 MHz, 405 MHz, 17.28 W, 24, 0 %, 2 MiB, 1, 16
2026/04/26 12:30:37.679, 7, P8, 22 MHz, 405 MHz, 14.59 W, 24, 0 %, 2 MiB, 1, 16
2026/04/26 12:30:38.679, 0, P8, 22 MHz, 405 MHz, 38.22 W, 24, 0 %, 2 MiB, 1, 16
2026/04/26 12:30:38.679, 1, P8, 22 MHz, 405 MHz, 24.42 W, 24, 0 %, 2 MiB, 1, 16
2026/04/26 12:30:38.680, 2, P8, 22 MHz, 405 MHz, 19.55 W, 24, 0 %, 2 MiB, 1, 16
2026/04/26 12:30:38.680, 3, P8, 22 MHz, 405 MHz, 16.33 W, 24, 0 %, 2 MiB, 1, 16
2026/04/26 12:30:38.680, 4, P8, 22 MHz, 405 MHz, 26.32 W, 22, 0 %, 2 MiB, 1, 16
2026/04/26 12:30:38.680, 5, P8, 22 MHz, 405 MHz, 7.93 W, 23, 0 %, 2 MiB, 1, 16
2026/04/26 12:30:38.680, 6, P8, 22 MHz, 405 MHz, 17.38 W, 24, 0 %, 2 MiB, 1, 16
2026/04/26 12:30:38.680, 7, P8, 22 MHz, 405 MHz, 14.62 W, 24, 0 %, 2 MiB, 1, 16
2026/04/26 12:30:39.680, 0, P8, 22 MHz, 405 MHz, 38.26 W, 24, 0 %, 2 MiB, 1, 16
2026/04/26 12:30:39.680, 1, P8, 22 MHz, 405 MHz, 24.56 W, 24, 0 %, 2 MiB, 1, 16
2026/04/26 12:30:39.680, 2, P8, 22 MHz, 405 MHz, 19.55 W, 24, 0 %, 2 MiB, 1, 16
2026/04/26 12:30:39.680, 3, P8, 22 MHz, 405 MHz, 16.48 W, 24, 0 %, 2 MiB, 1, 16
2026/04/26 12:30:39.680, 4, P8, 22 MHz, 405 MHz, 26.10 W, 23, 0 %, 2 MiB, 1, 16
2026/04/26 12:30:39.680, 5, P8, 22 MHz, 405 MHz, 8.02 W, 23, 0 %, 2 MiB, 1, 16
2026/04/26 12:30:39.680, 6, P8, 22 MHz, 405 MHz, 17.13 W, 24, 0 %, 2 MiB, 1, 16
2026/04/26 12:30:39.681, 7, P8, 22 MHz, 405 MHz, 14.65 W, 24, 0 %, 2 MiB, 1, 16
2026/04/26 12:30:40.681, 0, P8, 22 MHz, 405 MHz, 38.26 W, 24, 0 %, 2 MiB, 1, 16
2026/04/26 12:30:40.681, 1, P8, 22 MHz, 405 MHz, 24.76 W, 24, 0 %, 2 MiB, 1, 16
2026/04/26 12:30:40.681, 2, P8, 22 MHz, 405 MHz, 19.65 W, 24, 0 %, 2 MiB, 1, 16
2026/04/26 12:30:40.681, 3, P8, 22 MHz, 405 MHz, 16.39 W, 24, 0 %, 2 MiB, 1, 16
2026/04/26 12:30:40.681, 4, P8, 22 MHz, 405 MHz, 26.51 W, 23, 0 %, 2 MiB, 1, 16
2026/04/26 12:30:40.681, 5, P8, 22 MHz, 405 MHz, 8.02 W, 23, 0 %, 2 MiB, 1, 16
2026/04/26 12:30:40.681, 6, P8, 22 MHz, 405 MHz, 17.28 W, 24, 0 %, 2 MiB, 1, 16
2026/04/26 12:30:40.681, 7, P8, 22 MHz, 405 MHz, 14.39 W, 24, 0 %, 2 MiB, 1, 16
2026/04/26 12:30:41.681, 0, P8, 22 MHz, 405 MHz, 38.23 W, 24, 0 %, 2 MiB, 1, 16
2026/04/26 12:30:41.681, 1, P8, 22 MHz, 405 MHz, 24.67 W, 24, 0 %, 2 MiB, 1, 16
2026/04/26 12:30:41.682, 2, P8, 22 MHz, 405 MHz, 19.72 W, 24, 0 %, 2 MiB, 1, 16
2026/04/26 12:30:41.682, 3, P8, 22 MHz, 405 MHz, 16.28 W, 24, 0 %, 2 MiB, 1, 16
2026/04/26 12:30:41.682, 4, P8, 22 MHz, 405 MHz, 26.37 W, 22, 0 %, 2 MiB, 1, 16
2026/04/26 12:30:41.682, 5, P8, 22 MHz, 405 MHz, 7.95 W, 23, 0 %, 2 MiB, 1, 16
2026/04/26 12:30:41.682, 6, P8, 22 MHz, 405 MHz, 17.40 W, 24, 0 %, 2 MiB, 1, 16
2026/04/26 12:30:41.682, 7, P8, 22 MHz, 405 MHz, 14.64 W, 24, 0 %, 2 MiB, 1, 16
2026/04/26 12:30:42.682, 0, P8, 22 MHz, 405 MHz, 38.30 W, 24, 0 %, 2 MiB, 1, 16
2026/04/26 12:30:42.682, 1, P8, 22 MHz, 405 MHz, 24.57 W, 24, 0 %, 2 MiB, 1, 16
2026/04/26 12:30:42.682, 2, P8, 22 MHz, 405 MHz, 19.74 W, 24, 0 %, 2 MiB, 1, 16
2026/04/26 12:30:42.682, 3, P8, 22 MHz, 405 MHz, 16.16 W, 24, 0 %, 2 MiB, 1, 16
2026/04/26 12:30:42.682, 4, P8, 22 MHz, 405 MHz, 26.57 W, 22, 0 %, 2 MiB, 1, 16
2026/04/26 12:30:42.682, 5, P8, 22 MHz, 405 MHz, 7.90 W, 23, 0 %, 2 MiB, 1, 16
2026/04/26 12:30:42.682, 6, P8, 22 MHz, 405 MHz, 17.53 W, 24, 0 %, 2 MiB, 1, 16
2026/04/26 12:30:42.682, 7, P8, 22 MHz, 405 MHz, 14.83 W, 24, 0 %, 2 MiB, 1, 16
2026/04/26 12:30:43.683, 0, P8, 22 MHz, 405 MHz, 38.09 W, 24, 0 %, 2 MiB, 1, 16
2026/04/26 12:30:43.683, 1, P8, 22 MHz, 405 MHz, 24.58 W, 24, 0 %, 2 MiB, 1, 16
2026/04/26 12:30:43.683, 2, P8, 22 MHz, 405 MHz, 19.92 W, 24, 0 %, 2 MiB, 1, 16
2026/04/26 12:30:43.683, 3, P8, 22 MHz, 405 MHz, 16.20 W, 24, 0 %, 2 MiB, 1, 16
2026/04/26 12:30:43.683, 4, P8, 22 MHz, 405 MHz, 26.66 W, 22, 0 %, 2 MiB, 1, 16
2026/04/26 12:30:43.683, 5, P8, 21 MHz, 405 MHz, 7.81 W, 23, 0 %, 2 MiB, 1, 16
2026/04/26 12:30:43.683, 6, P8, 22 MHz, 405 MHz, 17.67 W, 24, 0 %, 2 MiB, 1, 16
2026/04/26 12:30:43.683, 7, P8, 22 MHz, 405 MHz, 14.53 W, 24, 0 %, 2 MiB, 1, 16
2026/04/26 12:30:44.683, 0, P8, 22 MHz, 405 MHz, 38.23 W, 24, 0 %, 2 MiB, 1, 16
2026/04/26 12:30:44.683, 1, P8, 22 MHz, 405 MHz, 24.53 W, 24, 0 %, 2 MiB, 1, 16
2026/04/26 12:30:44.683, 2, P8, 22 MHz, 405 MHz, 19.84 W, 24, 0 %, 2 MiB, 1, 16
2026/04/26 12:30:44.684, 3, P8, 22 MHz, 405 MHz, 16.30 W, 24, 0 %, 2 MiB, 1, 16
2026/04/26 12:30:44.684, 4, P8, 22 MHz, 405 MHz, 26.08 W, 22, 0 %, 2 MiB, 1, 16
2026/04/26 12:30:44.684, 5, P8, 22 MHz, 405 MHz, 7.85 W, 23, 0 %, 2 MiB, 1, 16
2026/04/26 12:30:44.684, 6, P8, 22 MHz, 405 MHz, 17.64 W, 24, 0 %, 2 MiB, 1, 16
2026/04/26 12:30:44.684, 7, P8, 21 MHz, 405 MHz, 14.46 W, 24, 0 %, 2 MiB, 1, 16
2026/04/26 12:30:45.684, 0, P8, 22 MHz, 405 MHz, 38.72 W, 24, 0 %, 2 MiB, 1, 16
2026/04/26 12:30:45.690, 1, P8, 22 MHz, 405 MHz, 24.71 W, 24, 0 %, 2 MiB, 1, 16
2026/04/26 12:30:45.690, 2, P8, 22 MHz, 405 MHz, 19.73 W, 24, 0 %, 2 MiB, 1, 16
2026/04/26 12:30:45.690, 3, P8, 22 MHz, 405 MHz, 15.98 W, 24, 0 %, 2 MiB, 1, 16
2026/04/26 12:30:45.690, 4, P8, 22 MHz, 405 MHz, 26.08 W, 22, 0 %, 2 MiB, 1, 16
2026/04/26 12:30:45.690, 5, P8, 22 MHz, 405 MHz, 7.98 W, 23, 0 %, 2 MiB, 1, 16
2026/04/26 12:30:45.690, 6, P8, 22 MHz, 405 MHz, 17.56 W, 24, 0 %, 2 MiB, 1, 16
2026/04/26 12:30:45.691, 7, P8, 22 MHz, 405 MHz, 14.39 W, 24, 0 %, 2 MiB, 1, 16
2026/04/26 12:30:46.691, 0, P8, 21 MHz, 405 MHz, 38.54 W, 24, 0 %, 2 MiB, 1, 16
2026/04/26 12:30:46.691, 1, P8, 22 MHz, 405 MHz, 24.75 W, 24, 0 %, 2 MiB, 1, 16
2026/04/26 12:30:46.691, 2, P8, 22 MHz, 405 MHz, 19.59 W, 24, 0 %, 2 MiB, 1, 16
2026/04/26 12:30:46.691, 3, P8, 22 MHz, 405 MHz, 16.08 W, 24, 0 %, 2 MiB, 1, 16
2026/04/26 12:30:46.691, 4, P8, 22 MHz, 405 MHz, 26.06 W, 22, 0 %, 2 MiB, 1, 16
2026/04/26 12:30:46.691, 5, P8, 22 MHz, 405 MHz, 8.08 W, 23, 0 %, 2 MiB, 1, 16
2026/04/26 12:30:46.691, 6, P8, 22 MHz, 405 MHz, 17.09 W, 24, 0 %, 2 MiB, 1, 16
2026/04/26 12:30:46.691, 7, P8, 22 MHz, 405 MHz, 14.47 W, 24, 0 %, 2 MiB, 1, 16
2026/04/26 12:30:47.691, 0, P8, 22 MHz, 405 MHz, 38.22 W, 24, 0 %, 2 MiB, 1, 16
2026/04/26 12:30:47.691, 1, P8, 22 MHz, 405 MHz, 24.51 W, 24, 0 %, 2 MiB, 1, 16
2026/04/26 12:30:47.692, 2, P8, 22 MHz, 405 MHz, 19.62 W, 24, 0 %, 2 MiB, 1, 16
2026/04/26 12:30:47.692, 3, P8, 22 MHz, 405 MHz, 16.14 W, 24, 0 %, 2 MiB, 1, 16
2026/04/26 12:30:47.692, 4, P8, 22 MHz, 405 MHz, 25.62 W, 22, 0 %, 2 MiB, 1, 16
2026/04/26 12:30:47.692, 5, P8, 22 MHz, 405 MHz, 8.20 W, 23, 0 %, 2 MiB, 1, 16
2026/04/26 12:30:47.692, 6, P8, 22 MHz, 405 MHz, 17.08 W, 24, 0 %, 2 MiB, 1, 16
2026/04/26 12:30:47.692, 7, P8, 22 MHz, 405 MHz, 14.45 W, 24, 0 %, 2 MiB, 1, 16
2026/04/26 12:30:48.692, 0, P8, 22 MHz, 405 MHz, 38.37 W, 24, 0 %, 2 MiB, 1, 16
2026/04/26 12:30:48.692, 1, P8, 22 MHz, 405 MHz, 24.50 W, 24, 0 %, 2 MiB, 1, 16
2026/04/26 12:30:48.693, 2, P8, 22 MHz, 405 MHz, 19.61 W, 24, 0 %, 2 MiB, 1, 16
2026/04/26 12:30:48.700, 3, P8, 22 MHz, 405 MHz, 16.09 W, 24, 0 %, 2 MiB, 1, 16
2026/04/26 12:30:48.700, 4, P8, 22 MHz, 405 MHz, 26.38 W, 23, 0 %, 2 MiB, 1, 16
2026/04/26 12:30:48.700, 5, P8, 22 MHz, 405 MHz, 8.18 W, 23, 0 %, 2 MiB, 1, 16
2026/04/26 12:30:48.700, 6, P8, 22 MHz, 405 MHz, 17.24 W, 24, 0 %, 2 MiB, 1, 16
2026/04/26 12:30:48.700, 7, P8, 22 MHz, 405 MHz, 14.83 W, 24, 0 %, 2 MiB, 1, 16
2026/04/26 12:30:49.700, 0, P8, 22 MHz, 405 MHz, 38.28 W, 24, 0 %, 2 MiB, 1, 16
2026/04/26 12:30:49.701, 1, P8, 22 MHz, 405 MHz, 24.30 W, 24, 0 %, 2 MiB, 1, 16
2026/04/26 12:30:49.701, 2, P8, 22 MHz, 405 MHz, 19.20 W, 24, 0 %, 2 MiB, 1, 16
2026/04/26 12:30:49.701, 3, P8, 22 MHz, 405 MHz, 16.20 W, 24, 0 %, 2 MiB, 1, 16
2026/04/26 12:30:49.701, 4, P8, 22 MHz, 405 MHz, 26.16 W, 22, 0 %, 2 MiB, 1, 16
2026/04/26 12:30:49.701, 5, P8, 22 MHz, 405 MHz, 8.36 W, 23, 0 %, 2 MiB, 1, 16
2026/04/26 12:30:49.701, 6, P8, 22 MHz, 405 MHz, 17.38 W, 24, 0 %, 2 MiB, 1, 16
2026/04/26 12:30:49.701, 7, P8, 22 MHz, 405 MHz, 14.66 W, 24, 0 %, 2 MiB, 1, 16
2026/04/26 12:30:50.701, 0, P8, 22 MHz, 405 MHz, 38.78 W, 24, 0 %, 2 MiB, 1, 16
2026/04/26 12:30:50.701, 1, P8, 22 MHz, 405 MHz, 24.44 W, 24, 0 %, 2 MiB, 1, 16
2026/04/26 12:30:50.701, 2, P8, 22 MHz, 405 MHz, 19.18 W, 24, 0 %, 2 MiB, 1, 16
2026/04/26 12:30:50.701, 3, P8, 22 MHz, 405 MHz, 16.23 W, 24, 0 %, 2 MiB, 1, 16
2026/04/26 12:30:50.701, 4, P8, 22 MHz, 405 MHz, 26.68 W, 22, 0 %, 2 MiB, 1, 16
2026/04/26 12:30:50.701, 5, P8, 21 MHz, 405 MHz, 8.28 W, 23, 0 %, 2 MiB, 1, 16
2026/04/26 12:30:50.701, 6, P8, 22 MHz, 405 MHz, 17.52 W, 24, 0 %, 2 MiB, 1, 16
2026/04/26 12:30:50.702, 7, P8, 22 MHz, 405 MHz, 14.41 W, 24, 0 %, 2 MiB, 1, 16
2026/04/26 12:30:51.702, 0, P8, 22 MHz, 405 MHz, 38.76 W, 24, 0 %, 2 MiB, 1, 16
2026/04/26 12:30:51.702, 1, P8, 22 MHz, 405 MHz, 24.42 W, 24, 0 %, 2 MiB, 1, 16
2026/04/26 12:30:51.702, 2, P8, 22 MHz, 405 MHz, 19.64 W, 24, 0 %, 2 MiB, 1, 16
2026/04/26 12:30:51.702, 3, P8, 22 MHz, 405 MHz, 16.41 W, 24, 0 %, 2 MiB, 1, 16
2026/04/26 12:30:51.702, 4, P8, 21 MHz, 405 MHz, 26.37 W, 23, 0 %, 2 MiB, 1, 16
2026/04/26 12:30:51.702, 5, P8, 22 MHz, 405 MHz, 8.20 W, 23, 0 %, 2 MiB, 1, 16
2026/04/26 12:30:51.702, 6, P8, 22 MHz, 405 MHz, 17.56 W, 24, 0 %, 2 MiB, 1, 16
2026/04/26 12:30:51.702, 7, P8, 22 MHz, 405 MHz, 14.75 W, 24, 0 %, 2 MiB, 1, 16
2026/04/26 12:30:52.702, 0, P8, 22 MHz, 405 MHz, 38.48 W, 24, 0 %, 2 MiB, 1, 16
2026/04/26 12:30:52.702, 1, P8, 22 MHz, 405 MHz, 24.44 W, 24, 0 %, 2 MiB, 1, 16
2026/04/26 12:30:52.703, 2, P8, 22 MHz, 405 MHz, 19.72 W, 24, 0 %, 2 MiB, 1, 16
2026/04/26 12:30:52.703, 3, P8, 22 MHz, 405 MHz, 16.49 W, 24, 0 %, 2 MiB, 1, 16
2026/04/26 12:30:52.703, 4, P8, 22 MHz, 405 MHz, 26.51 W, 22, 0 %, 2 MiB, 1, 16
2026/04/26 12:30:52.703, 5, P8, 22 MHz, 405 MHz, 7.85 W, 23, 0 %, 2 MiB, 1, 16
2026/04/26 12:30:52.703, 6, P8, 22 MHz, 405 MHz, 17.26 W, 24, 0 %, 2 MiB, 1, 16
2026/04/26 12:30:52.703, 7, P8, 22 MHz, 405 MHz, 14.53 W, 24, 0 %, 2 MiB, 1, 16
2026/04/26 12:30:53.703, 0, P8, 22 MHz, 405 MHz, 38.80 W, 24, 0 %, 2 MiB, 1, 16
2026/04/26 12:30:53.703, 1, P8, 22 MHz, 405 MHz, 24.46 W, 24, 0 %, 2 MiB, 1, 16
2026/04/26 12:30:53.703, 2, P8, 22 MHz, 405 MHz, 19.76 W, 24, 0 %, 2 MiB, 1, 16
2026/04/26 12:30:53.703, 3, P8, 22 MHz, 405 MHz, 16.23 W, 24, 0 %, 2 MiB, 1, 16
2026/04/26 12:30:53.703, 4, P8, 22 MHz, 405 MHz, 26.25 W, 23, 0 %, 2 MiB, 1, 16
2026/04/26 12:30:53.703, 5, P8, 22 MHz, 405 MHz, 7.95 W, 23, 0 %, 2 MiB, 1, 16
2026/04/26 12:30:53.703, 6, P8, 22 MHz, 405 MHz, 17.30 W, 24, 0 %, 2 MiB, 1, 16
2026/04/26 12:30:53.704, 7, P8, 22 MHz, 405 MHz, 14.10 W, 24, 0 %, 2 MiB, 1, 16
2026/04/26 12:30:54.704, 0, P8, 22 MHz, 405 MHz, 38.84 W, 24, 0 %, 2 MiB, 1, 16
2026/04/26 12:30:54.704, 1, P8, 21 MHz, 405 MHz, 24.31 W, 24, 0 %, 2 MiB, 1, 16
2026/04/26 12:30:54.704, 2, P8, 22 MHz, 405 MHz, 20.04 W, 24, 0 %, 2 MiB, 1, 16
2026/04/26 12:30:54.704, 3, P8, 22 MHz, 405 MHz, 16.51 W, 24, 0 %, 2 MiB, 1, 16
2026/04/26 12:30:54.704, 4, P8, 22 MHz, 405 MHz, 25.67 W, 22, 0 %, 2 MiB, 1, 16
2026/04/26 12:30:54.704, 5, P8, 22 MHz, 405 MHz, 8.07 W, 23, 0 %, 2 MiB, 1, 16
2026/04/26 12:30:54.704, 6, P8, 22 MHz, 405 MHz, 17.56 W, 24, 0 %, 2 MiB, 1, 16
2026/04/26 12:30:54.704, 7, P8, 22 MHz, 405 MHz, 14.45 W, 24, 0 %, 2 MiB, 1, 16
2026/04/26 12:30:55.704, 0, P8, 22 MHz, 405 MHz, 38.63 W, 24, 0 %, 2 MiB, 1, 16
2026/04/26 12:30:55.704, 1, P8, 22 MHz, 405 MHz, 24.24 W, 24, 0 %, 2 MiB, 1, 16
2026/04/26 12:30:55.705, 2, P8, 22 MHz, 405 MHz, 19.95 W, 24, 0 %, 2 MiB, 1, 16
2026/04/26 12:30:55.705, 3, P8, 22 MHz, 405 MHz, 16.58 W, 24, 0 %, 2 MiB, 1, 16
2026/04/26 12:30:55.705, 4, P8, 22 MHz, 405 MHz, 25.64 W, 22, 0 %, 2 MiB, 1, 16
2026/04/26 12:30:55.705, 5, P8, 22 MHz, 405 MHz, 7.98 W, 23, 0 %, 2 MiB, 1, 16
2026/04/26 12:30:55.705, 6, P8, 22 MHz, 405 MHz, 17.83 W, 24, 0 %, 2 MiB, 1, 16
2026/04/26 12:30:55.705, 7, P8, 22 MHz, 405 MHz, 14.45 W, 24, 0 %, 2 MiB, 1, 16
2026/04/26 12:30:56.705, 0, P8, 22 MHz, 405 MHz, 38.65 W, 24, 0 %, 2 MiB, 1, 16
2026/04/26 12:30:56.705, 1, P8, 22 MHz, 405 MHz, 24.47 W, 24, 0 %, 2 MiB, 1, 16
2026/04/26 12:30:56.705, 2, P8, 22 MHz, 405 MHz, 19.94 W, 24, 0 %, 2 MiB, 1, 16
2026/04/26 12:30:56.705, 3, P8, 22 MHz, 405 MHz, 16.80 W, 24, 0 %, 2 MiB, 1, 16
2026/04/26 12:30:56.705, 4, P8, 22 MHz, 405 MHz, 26.07 W, 23, 0 %, 2 MiB, 1, 16
2026/04/26 12:30:56.705, 5, P8, 22 MHz, 405 MHz, 8.14 W, 23, 0 %, 2 MiB, 1, 16
2026/04/26 12:30:56.706, 6, P8, 22 MHz, 405 MHz, 17.70 W, 24, 0 %, 2 MiB, 1, 16
2026/04/26 12:30:56.706, 7, P8, 22 MHz, 405 MHz, 14.20 W, 24, 0 %, 2 MiB, 1, 16
2026/04/26 12:30:57.706, 0, P8, 22 MHz, 405 MHz, 38.55 W, 24, 0 %, 2 MiB, 1, 16
2026/04/26 12:30:57.706, 1, P8, 22 MHz, 405 MHz, 24.38 W, 24, 0 %, 2 MiB, 1, 16
2026/04/26 12:30:57.706, 2, P8, 22 MHz, 405 MHz, 20.14 W, 24, 0 %, 2 MiB, 1, 16
2026/04/26 12:30:57.706, 3, P8, 22 MHz, 405 MHz, 16.64 W, 24, 0 %, 2 MiB, 1, 16
2026/04/26 12:30:57.706, 4, P8, 22 MHz, 405 MHz, 26.29 W, 22, 0 %, 2 MiB, 1, 16
2026/04/26 12:30:57.706, 5, P8, 22 MHz, 405 MHz, 8.48 W, 23, 0 %, 2 MiB, 1, 16
2026/04/26 12:30:57.706, 6, P8, 22 MHz, 405 MHz, 17.74 W, 24, 0 %, 2 MiB, 1, 16
2026/04/26 12:30:57.706, 7, P8, 22 MHz, 405 MHz, 14.50 W, 24, 0 %, 2 MiB, 1, 16
2026/04/26 12:30:58.706, 0, P8, 22 MHz, 405 MHz, 38.84 W, 24, 0 %, 2 MiB, 1, 16
2026/04/26 12:30:58.706, 1, P8, 22 MHz, 405 MHz, 24.45 W, 24, 0 %, 2 MiB, 1, 16
2026/04/26 12:30:58.706, 2, P8, 22 MHz, 405 MHz, 20.02 W, 24, 0 %, 2 MiB, 1, 16
2026/04/26 12:30:58.706, 3, P8, 22 MHz, 405 MHz, 16.54 W, 24, 0 %, 2 MiB, 1, 16
2026/04/26 12:30:58.706, 4, P8, 22 MHz, 405 MHz, 26.86 W, 23, 0 %, 2 MiB, 1, 16
2026/04/26 12:30:58.706, 5, P8, 22 MHz, 405 MHz, 8.23 W, 23, 0 %, 2 MiB, 1, 16
2026/04/26 12:30:58.707, 6, P8, 22 MHz, 405 MHz, 17.61 W, 24, 0 %, 2 MiB, 1, 16
2026/04/26 12:30:58.707, 7, P8, 21 MHz, 405 MHz, 14.41 W, 24, 0 %, 2 MiB, 1, 16
2026/04/26 12:30:59.707, 0, P8, 22 MHz, 405 MHz, 38.32 W, 24, 0 %, 2 MiB, 1, 16
2026/04/26 12:30:59.707, 1, P8, 22 MHz, 405 MHz, 24.78 W, 24, 0 %, 2 MiB, 1, 16
2026/04/26 12:30:59.707, 2, P8, 22 MHz, 405 MHz, 20.00 W, 24, 0 %, 2 MiB, 1, 16
2026/04/26 12:30:59.707, 3, P8, 22 MHz, 405 MHz, 16.41 W, 24, 0 %, 2 MiB, 1, 16
2026/04/26 12:30:59.707, 4, P8, 22 MHz, 405 MHz, 26.92 W, 23, 0 %, 2 MiB, 1, 16
2026/04/26 12:30:59.707, 5, P8, 22 MHz, 405 MHz, 8.03 W, 23, 0 %, 2 MiB, 1, 16
2026/04/26 12:30:59.707, 6, P8, 22 MHz, 405 MHz, 17.26 W, 24, 0 %, 2 MiB, 1, 16
2026/04/26 12:30:59.707, 7, P8, 22 MHz, 405 MHz, 14.34 W, 24, 0 %, 2 MiB, 1, 16
2026/04/26 12:31:00.707, 0, P8, 21 MHz, 405 MHz, 38.22 W, 24, 0 %, 2 MiB, 1, 16
2026/04/26 12:31:00.708, 1, P8, 22 MHz, 405 MHz, 24.67 W, 24, 0 %, 2 MiB, 1, 16
2026/04/26 12:31:00.708, 2, P8, 22 MHz, 405 MHz, 19.83 W, 24, 0 %, 2 MiB, 1, 16
2026/04/26 12:31:00.708, 3, P8, 22 MHz, 405 MHz, 16.33 W, 24, 0 %, 2 MiB, 1, 16
2026/04/26 12:31:00.708, 4, P8, 22 MHz, 405 MHz, 26.43 W, 22, 0 %, 2 MiB, 1, 16
2026/04/26 12:31:00.708, 5, P8, 22 MHz, 405 MHz, 8.27 W, 23, 0 %, 2 MiB, 1, 16
2026/04/26 12:31:00.708, 6, P8, 21 MHz, 405 MHz, 17.14 W, 24, 0 %, 2 MiB, 1, 16
2026/04/26 12:31:00.708, 7, P8, 22 MHz, 405 MHz, 14.31 W, 24, 0 %, 2 MiB, 1, 16
2026/04/26 12:31:01.708, 0, P8, 21 MHz, 405 MHz, 38.16 W, 24, 0 %, 2 MiB, 1, 16
2026/04/26 12:31:01.708, 1, P8, 22 MHz, 405 MHz, 24.70 W, 24, 0 %, 2 MiB, 1, 16
2026/04/26 12:31:01.708, 2, P8, 22 MHz, 405 MHz, 19.87 W, 24, 0 %, 2 MiB, 1, 16
2026/04/26 12:31:01.708, 3, P8, 22 MHz, 405 MHz, 16.42 W, 24, 0 %, 2 MiB, 1, 16
2026/04/26 12:31:01.708, 4, P8, 22 MHz, 405 MHz, 26.44 W, 23, 0 %, 2 MiB, 1, 16
2026/04/26 12:31:01.708, 5, P8, 22 MHz, 405 MHz, 8.29 W, 23, 0 %, 2 MiB, 1, 16
2026/04/26 12:31:01.708, 6, P8, 22 MHz, 405 MHz, 17.31 W, 24, 0 %, 2 MiB, 1, 16
2026/04/26 12:31:01.708, 7, P8, 22 MHz, 405 MHz, 14.40 W, 24, 0 %, 2 MiB, 1, 16
2026/04/26 12:31:02.709, 0, P8, 22 MHz, 405 MHz, 38.31 W, 24, 0 %, 2 MiB, 1, 16
2026/04/26 12:31:02.709, 1, P8, 22 MHz, 405 MHz, 24.76 W, 24, 0 %, 2 MiB, 1, 16
2026/04/26 12:31:02.709, 2, P8, 22 MHz, 405 MHz, 19.77 W, 24, 0 %, 2 MiB, 1, 16
2026/04/26 12:31:02.709, 3, P8, 22 MHz, 405 MHz, 16.11 W, 24, 0 %, 2 MiB, 1, 16
2026/04/26 12:31:02.709, 4, P8, 22 MHz, 405 MHz, 26.07 W, 23, 0 %, 2 MiB, 1, 16
2026/04/26 12:31:02.709, 5, P8, 22 MHz, 405 MHz, 8.21 W, 23, 0 %, 2 MiB, 1, 16
2026/04/26 12:31:02.715, 6, P8, 22 MHz, 405 MHz, 17.73 W, 24, 0 %, 2 MiB, 1, 16
2026/04/26 12:31:02.715, 7, P8, 22 MHz, 405 MHz, 14.51 W, 24, 0 %, 2 MiB, 1, 16
2026/04/26 12:31:03.715, 0, P8, 22 MHz, 405 MHz, 38.41 W, 24, 0 %, 2 MiB, 1, 16
2026/04/26 12:31:03.716, 1, P8, 22 MHz, 405 MHz, 24.76 W, 24, 0 %, 2 MiB, 1, 16
2026/04/26 12:31:03.716, 2, P8, 22 MHz, 405 MHz, 19.57 W, 24, 0 %, 2 MiB, 1, 16
2026/04/26 12:31:03.716, 3, P8, 22 MHz, 405 MHz, 16.20 W, 24, 0 %, 2 MiB, 1, 16
2026/04/26 12:31:03.716, 4, P8, 22 MHz, 405 MHz, 26.39 W, 22, 0 %, 2 MiB, 1, 16
2026/04/26 12:31:03.716, 5, P8, 22 MHz, 405 MHz, 8.03 W, 23, 0 %, 2 MiB, 1, 16
2026/04/26 12:31:03.716, 6, P8, 22 MHz, 405 MHz, 17.59 W, 24, 0 %, 2 MiB, 1, 16
2026/04/26 12:31:03.716, 7, P8, 22 MHz, 405 MHz, 14.48 W, 24, 0 %, 2 MiB, 1, 16
2026/04/26 12:31:04.716, 0, P8, 22 MHz, 405 MHz, 38.23 W, 24, 0 %, 2 MiB, 1, 16
2026/04/26 12:31:04.716, 1, P8, 22 MHz, 405 MHz, 24.69 W, 24, 0 %, 2 MiB, 1, 16
2026/04/26 12:31:04.716, 2, P8, 22 MHz, 405 MHz, 19.49 W, 24, 0 %, 2 MiB, 1, 16
2026/04/26 12:31:04.716, 3, P8, 22 MHz, 405 MHz, 15.88 W, 24, 0 %, 2 MiB, 1, 16
2026/04/26 12:31:04.716, 4, P8, 22 MHz, 405 MHz, 26.73 W, 23, 0 %, 2 MiB, 1, 16
2026/04/26 12:31:04.716, 5, P8, 21 MHz, 405 MHz, 8.02 W, 23, 0 %, 2 MiB, 1, 16
2026/04/26 12:31:04.716, 6, P8, 22 MHz, 405 MHz, 17.60 W, 24, 0 %, 2 MiB, 1, 16
2026/04/26 12:31:04.716, 7, P8, 22 MHz, 405 MHz, 14.45 W, 24, 0 %, 2 MiB, 1, 16
2026/04/26 12:31:05.717, 0, P8, 22 MHz, 405 MHz, 38.06 W, 24, 0 %, 2 MiB, 1, 16
2026/04/26 12:31:05.717, 1, P8, 22 MHz, 405 MHz, 24.53 W, 24, 0 %, 2 MiB, 1, 16
2026/04/26 12:31:05.717, 2, P8, 22 MHz, 405 MHz, 19.66 W, 24, 0 %, 2 MiB, 1, 16
2026/04/26 12:31:05.717, 3, P8, 22 MHz, 405 MHz, 16.01 W, 24, 0 %, 2 MiB, 1, 16
2026/04/26 12:31:05.717, 4, P8, 21 MHz, 405 MHz, 26.00 W, 22, 0 %, 2 MiB, 1, 16
2026/04/26 12:31:05.717, 5, P8, 22 MHz, 405 MHz, 7.87 W, 23, 0 %, 2 MiB, 1, 16
2026/04/26 12:31:05.717, 6, P8, 22 MHz, 405 MHz, 17.63 W, 24, 0 %, 2 MiB, 1, 16
2026/04/26 12:31:05.717, 7, P8, 22 MHz, 405 MHz, 14.56 W, 24, 0 %, 2 MiB, 1, 16
2026/04/26 12:31:06.717, 0, P8, 22 MHz, 405 MHz, 38.40 W, 24, 0 %, 2 MiB, 1, 16
2026/04/26 12:31:06.717, 1, P8, 22 MHz, 405 MHz, 24.60 W, 24, 0 %, 2 MiB, 1, 16
2026/04/26 12:31:06.718, 2, P8, 22 MHz, 405 MHz, 19.74 W, 24, 0 %, 2 MiB, 1, 16
2026/04/26 12:31:06.718, 3, P8, 22 MHz, 405 MHz, 16.10 W, 24, 0 %, 2 MiB, 1, 16
2026/04/26 12:31:06.718, 4, P8, 22 MHz, 405 MHz, 25.84 W, 23, 0 %, 2 MiB, 1, 16
2026/04/26 12:31:06.718, 5, P8, 22 MHz, 405 MHz, 7.87 W, 23, 0 %, 2 MiB, 1, 16
2026/04/26 12:31:06.718, 6, P8, 22 MHz, 405 MHz, 17.36 W, 24, 0 %, 2 MiB, 1, 16
2026/04/26 12:31:06.718, 7, P8, 22 MHz, 405 MHz, 14.32 W, 24, 0 %, 2 MiB, 1, 16
2026/04/26 12:31:07.718, 0, P8, 22 MHz, 405 MHz, 38.07 W, 24, 0 %, 2 MiB, 1, 16
2026/04/26 12:31:07.718, 1, P8, 22 MHz, 405 MHz, 24.64 W, 24, 0 %, 2 MiB, 1, 16
2026/04/26 12:31:07.718, 2, P8, 22 MHz, 405 MHz, 19.62 W, 24, 0 %, 2 MiB, 1, 16
2026/04/26 12:31:07.718, 3, P8, 22 MHz, 405 MHz, 15.95 W, 24, 0 %, 2 MiB, 1, 16
2026/04/26 12:31:07.718, 4, P8, 22 MHz, 405 MHz, 26.69 W, 23, 0 %, 2 MiB, 1, 16
2026/04/26 12:31:07.718, 5, P8, 22 MHz, 405 MHz, 7.92 W, 23, 0 %, 2 MiB, 1, 16
2026/04/26 12:31:07.718, 6, P8, 22 MHz, 405 MHz, 17.23 W, 24, 0 %, 2 MiB, 1, 16
2026/04/26 12:31:07.718, 7, P8, 22 MHz, 405 MHz, 14.27 W, 24, 0 %, 2 MiB, 1, 16
2026/04/26 12:31:08.719, 0, P8, 22 MHz, 405 MHz, 37.94 W, 24, 0 %, 2 MiB, 1, 16
2026/04/26 12:31:08.719, 1, P8, 21 MHz, 405 MHz, 24.65 W, 24, 0 %, 2 MiB, 1, 16
2026/04/26 12:31:08.719, 2, P8, 22 MHz, 405 MHz, 19.39 W, 24, 0 %, 2 MiB, 1, 16
2026/04/26 12:31:08.719, 3, P8, 22 MHz, 405 MHz, 16.03 W, 24, 0 %, 2 MiB, 1, 16
2026/04/26 12:31:08.719, 4, P8, 22 MHz, 405 MHz, 26.10 W, 22, 0 %, 2 MiB, 1, 16
2026/04/26 12:31:08.719, 5, P8, 22 MHz, 405 MHz, 7.91 W, 23, 0 %, 2 MiB, 1, 16
2026/04/26 12:31:08.719, 6, P8, 22 MHz, 405 MHz, 17.49 W, 24, 0 %, 2 MiB, 1, 16
2026/04/26 12:31:08.719, 7, P8, 22 MHz, 405 MHz, 14.24 W, 24, 0 %, 2 MiB, 1, 16
2026/04/26 12:31:09.719, 0, P8, 22 MHz, 405 MHz, 37.54 W, 24, 0 %, 2 MiB, 1, 16
2026/04/26 12:31:09.719, 1, P8, 22 MHz, 405 MHz, 24.53 W, 24, 0 %, 2 MiB, 1, 16
2026/04/26 12:31:09.719, 2, P8, 22 MHz, 405 MHz, 19.32 W, 24, 0 %, 2 MiB, 1, 16
2026/04/26 12:31:09.719, 3, P8, 22 MHz, 405 MHz, 16.28 W, 24, 0 %, 2 MiB, 1, 16
2026/04/26 12:31:09.719, 4, P8, 22 MHz, 405 MHz, 26.07 W, 23, 0 %, 2 MiB, 1, 16
2026/04/26 12:31:09.720, 5, P8, 22 MHz, 405 MHz, 7.58 W, 23, 0 %, 2 MiB, 1, 16
2026/04/26 12:31:09.720, 6, P8, 22 MHz, 405 MHz, 17.52 W, 24, 0 %, 2 MiB, 1, 16
2026/04/26 12:31:09.720, 7, P8, 22 MHz, 405 MHz, 14.20 W, 24, 0 %, 2 MiB, 1, 16
2026/04/26 12:31:10.720, 0, P8, 22 MHz, 405 MHz, 37.69 W, 24, 0 %, 2 MiB, 1, 16
2026/04/26 12:31:10.720, 1, P8, 22 MHz, 405 MHz, 24.51 W, 24, 0 %, 2 MiB, 1, 16
2026/04/26 12:31:10.720, 2, P8, 22 MHz, 405 MHz, 19.42 W, 24, 0 %, 2 MiB, 1, 16
2026/04/26 12:31:10.720, 3, P8, 22 MHz, 405 MHz, 16.27 W, 24, 0 %, 2 MiB, 1, 16
2026/04/26 12:31:10.720, 4, P8, 22 MHz, 405 MHz, 25.78 W, 23, 0 %, 2 MiB, 1, 16
2026/04/26 12:31:10.720, 5, P8, 22 MHz, 405 MHz, 7.85 W, 23, 0 %, 2 MiB, 1, 16
2026/04/26 12:31:10.720, 6, P8, 22 MHz, 405 MHz, 17.62 W, 24, 0 %, 2 MiB, 1, 16
2026/04/26 12:31:10.720, 7, P8, 22 MHz, 405 MHz, 14.30 W, 24, 0 %, 2 MiB, 1, 16
2026/04/26 12:31:11.721, 0, P8, 22 MHz, 405 MHz, 38.22 W, 24, 0 %, 2 MiB, 1, 16
2026/04/26 12:31:11.721, 1, P8, 22 MHz, 405 MHz, 24.56 W, 24, 0 %, 2 MiB, 1, 16
2026/04/26 12:31:11.721, 2, P8, 22 MHz, 405 MHz, 19.50 W, 24, 0 %, 2 MiB, 1, 16
2026/04/26 12:31:11.721, 3, P8, 22 MHz, 405 MHz, 16.12 W, 24, 0 %, 2 MiB, 1, 16
2026/04/26 12:31:11.721, 4, P8, 22 MHz, 405 MHz, 26.33 W, 23, 0 %, 2 MiB, 1, 16
2026/04/26 12:31:11.721, 5, P8, 22 MHz, 405 MHz, 7.97 W, 23, 0 %, 2 MiB, 1, 16
2026/04/26 12:31:11.721, 6, P8, 22 MHz, 405 MHz, 17.87 W, 24, 0 %, 2 MiB, 1, 16
2026/04/26 12:31:11.721, 7, P8, 22 MHz, 405 MHz, 14.49 W, 24, 0 %, 2 MiB, 1, 16
2026/04/26 12:31:12.721, 0, P8, 22 MHz, 405 MHz, 38.08 W, 24, 0 %, 2 MiB, 1, 16
2026/04/26 12:31:12.721, 1, P8, 22 MHz, 405 MHz, 24.60 W, 24, 0 %, 2 MiB, 1, 16
2026/04/26 12:31:12.721, 2, P8, 22 MHz, 405 MHz, 19.37 W, 24, 0 %, 2 MiB, 1, 16
2026/04/26 12:31:12.721, 3, P8, 22 MHz, 405 MHz, 16.08 W, 24, 0 %, 2 MiB, 1, 16
2026/04/26 12:31:12.721, 4, P8, 22 MHz, 405 MHz, 27.11 W, 23, 0 %, 2 MiB, 1, 16
2026/04/26 12:31:12.722, 5, P8, 22 MHz, 405 MHz, 7.76 W, 23, 0 %, 2 MiB, 1, 16
2026/04/26 12:31:12.722, 6, P8, 22 MHz, 405 MHz, 18.11 W, 24, 0 %, 2 MiB, 1, 16
2026/04/26 12:31:12.722, 7, P8, 22 MHz, 405 MHz, 14.58 W, 24, 0 %, 2 MiB, 1, 16
2026/04/26 12:31:13.722, 0, P8, 22 MHz, 405 MHz, 38.41 W, 24, 0 %, 2 MiB, 1, 16
2026/04/26 12:31:13.722, 1, P8, 22 MHz, 405 MHz, 24.57 W, 24, 0 %, 2 MiB, 1, 16
2026/04/26 12:31:13.722, 2, P8, 22 MHz, 405 MHz, 19.31 W, 24, 0 %, 2 MiB, 1, 16
2026/04/26 12:31:13.722, 3, P8, 22 MHz, 405 MHz, 16.04 W, 24, 0 %, 2 MiB, 1, 16
2026/04/26 12:31:13.722, 4, P8, 22 MHz, 405 MHz, 26.91 W, 23, 0 %, 2 MiB, 1, 16
2026/04/26 12:31:13.722, 5, P8, 22 MHz, 405 MHz, 7.52 W, 23, 0 %, 2 MiB, 1, 16
2026/04/26 12:31:13.722, 6, P8, 22 MHz, 405 MHz, 17.58 W, 24, 0 %, 2 MiB, 1, 16
2026/04/26 12:31:13.722, 7, P8, 22 MHz, 405 MHz, 14.61 W, 24, 0 %, 2 MiB, 1, 16
2026/04/26 12:31:14.722, 0, P8, 22 MHz, 405 MHz, 38.35 W, 24, 0 %, 2 MiB, 1, 16
2026/04/26 12:31:14.723, 1, P8, 22 MHz, 405 MHz, 24.53 W, 24, 0 %, 2 MiB, 1, 16
2026/04/26 12:31:14.723, 2, P8, 22 MHz, 405 MHz, 19.47 W, 24, 0 %, 2 MiB, 1, 16
2026/04/26 12:31:14.723, 3, P8, 22 MHz, 405 MHz, 16.20 W, 24, 0 %, 2 MiB, 1, 16
2026/04/26 12:31:14.723, 4, P8, 22 MHz, 405 MHz, 26.72 W, 23, 0 %, 2 MiB, 1, 16
2026/04/26 12:31:14.723, 5, P8, 22 MHz, 405 MHz, 7.68 W, 23, 0 %, 2 MiB, 1, 16
2026/04/26 12:31:14.723, 6, P8, 22 MHz, 405 MHz, 17.46 W, 24, 0 %, 2 MiB, 1, 16
2026/04/26 12:31:14.723, 7, P8, 22 MHz, 405 MHz, 14.63 W, 24, 0 %, 2 MiB, 1, 16
2026/04/26 12:31:15.723, 0, P8, 22 MHz, 405 MHz, 38.18 W, 24, 0 %, 2 MiB, 1, 16
2026/04/26 12:31:15.723, 1, P8, 22 MHz, 405 MHz, 24.63 W, 24, 0 %, 2 MiB, 1, 16
2026/04/26 12:31:15.723, 2, P8, 22 MHz, 405 MHz, 19.39 W, 24, 0 %, 2 MiB, 1, 16
2026/04/26 12:31:15.723, 3, P8, 22 MHz, 405 MHz, 16.09 W, 24, 0 %, 2 MiB, 1, 16
2026/04/26 12:31:15.723, 4, P8, 22 MHz, 405 MHz, 26.66 W, 23, 0 %, 2 MiB, 1, 16
2026/04/26 12:31:15.723, 5, P8, 22 MHz, 405 MHz, 7.65 W, 23, 0 %, 2 MiB, 1, 16
2026/04/26 12:31:15.723, 6, P8, 22 MHz, 405 MHz, 17.75 W, 24, 0 %, 2 MiB, 1, 16
2026/04/26 12:31:15.724, 7, P8, 22 MHz, 405 MHz, 14.45 W, 24, 0 %, 2 MiB, 1, 16
2026/04/26 12:31:16.724, 0, P8, 22 MHz, 405 MHz, 38.33 W, 24, 0 %, 2 MiB, 1, 16
2026/04/26 12:31:16.724, 1, P8, 22 MHz, 405 MHz, 24.86 W, 24, 0 %, 2 MiB, 1, 16
2026/04/26 12:31:16.724, 2, P8, 22 MHz, 405 MHz, 19.67 W, 24, 0 %, 2 MiB, 1, 16
2026/04/26 12:31:16.724, 3, P8, 22 MHz, 405 MHz, 16.22 W, 24, 0 %, 2 MiB, 1, 16
2026/04/26 12:31:16.724, 4, P8, 22 MHz, 405 MHz, 26.27 W, 23, 0 %, 2 MiB, 1, 16
2026/04/26 12:31:16.724, 5, P8, 22 MHz, 405 MHz, 8.04 W, 23, 0 %, 2 MiB, 1, 16
2026/04/26 12:31:16.724, 6, P8, 22 MHz, 405 MHz, 17.61 W, 24, 0 %, 2 MiB, 1, 16
2026/04/26 12:31:16.724, 7, P8, 22 MHz, 405 MHz, 14.31 W, 24, 0 %, 2 MiB, 1, 16
2026/04/26 12:31:17.724, 0, P8, 22 MHz, 405 MHz, 38.23 W, 24, 0 %, 2 MiB, 1, 16
2026/04/26 12:31:17.725, 1, P8, 22 MHz, 405 MHz, 24.83 W, 24, 0 %, 2 MiB, 1, 16
2026/04/26 12:31:17.725, 2, P8, 22 MHz, 405 MHz, 19.89 W, 24, 0 %, 2 MiB, 1, 16
2026/04/26 12:31:17.725, 3, P8, 22 MHz, 405 MHz, 16.05 W, 24, 0 %, 2 MiB, 1, 16
2026/04/26 12:31:17.725, 4, P8, 22 MHz, 405 MHz, 26.22 W, 23, 0 %, 2 MiB, 1, 16
2026/04/26 12:31:17.725, 5, P8, 22 MHz, 405 MHz, 8.03 W, 23, 0 %, 2 MiB, 1, 16
2026/04/26 12:31:17.725, 6, P8, 22 MHz, 405 MHz, 17.48 W, 24, 0 %, 2 MiB, 1, 16
2026/04/26 12:31:17.725, 7, P8, 22 MHz, 405 MHz, 14.62 W, 24, 0 %, 2 MiB, 1, 16
2026/04/26 12:31:18.725, 0, P8, 22 MHz, 405 MHz, 38.16 W, 24, 0 %, 2 MiB, 1, 16
2026/04/26 12:31:18.725, 1, P8, 22 MHz, 405 MHz, 24.77 W, 24, 0 %, 2 MiB, 1, 16
2026/04/26 12:31:18.725, 2, P8, 22 MHz, 405 MHz, 19.98 W, 24, 0 %, 2 MiB, 1, 16
2026/04/26 12:31:18.725, 3, P8, 22 MHz, 405 MHz, 15.83 W, 24, 0 %, 2 MiB, 1, 16
2026/04/26 12:31:18.725, 4, P8, 22 MHz, 405 MHz, 26.15 W, 23, 0 %, 2 MiB, 1, 16
2026/04/26 12:31:18.725, 5, P8, 22 MHz, 405 MHz, 8.16 W, 23, 0 %, 2 MiB, 1, 16
2026/04/26 12:31:18.725, 6, P8, 22 MHz, 405 MHz, 17.72 W, 24, 0 %, 2 MiB, 1, 16
2026/04/26 12:31:18.726, 7, P8, 22 MHz, 405 MHz, 14.53 W, 24, 0 %, 2 MiB, 1, 16
2026/04/26 12:31:19.726, 0, P8, 22 MHz, 405 MHz, 38.85 W, 24, 0 %, 2 MiB, 1, 16
2026/04/26 12:31:19.726, 1, P8, 22 MHz, 405 MHz, 24.67 W, 24, 0 %, 2 MiB, 1, 16
2026/04/26 12:31:19.726, 2, P8, 22 MHz, 405 MHz, 19.59 W, 24, 0 %, 2 MiB, 1, 16
2026/04/26 12:31:19.726, 3, P8, 22 MHz, 405 MHz, 15.73 W, 24, 0 %, 2 MiB, 1, 16
2026/04/26 12:31:19.726, 4, P8, 22 MHz, 405 MHz, 26.24 W, 23, 0 %, 2 MiB, 1, 16
2026/04/26 12:31:19.726, 5, P8, 22 MHz, 405 MHz, 8.22 W, 23, 0 %, 2 MiB, 1, 16
2026/04/26 12:31:19.726, 6, P8, 22 MHz, 405 MHz, 17.64 W, 24, 0 %, 2 MiB, 1, 16
2026/04/26 12:31:19.726, 7, P8, 22 MHz, 405 MHz, 14.41 W, 24, 0 %, 2 MiB, 1, 16
2026/04/26 12:31:20.726, 0, P8, 22 MHz, 405 MHz, 38.80 W, 24, 0 %, 2 MiB, 1, 16
2026/04/26 12:31:20.726, 1, P8, 22 MHz, 405 MHz, 24.53 W, 24, 0 %, 2 MiB, 1, 16
2026/04/26 12:31:20.726, 2, P8, 22 MHz, 405 MHz, 19.62 W, 24, 0 %, 2 MiB, 1, 16
2026/04/26 12:31:20.726, 3, P8, 22 MHz, 405 MHz, 15.87 W, 24, 0 %, 2 MiB, 1, 16
2026/04/26 12:31:20.727, 4, P8, 22 MHz, 405 MHz, 26.74 W, 23, 0 %, 2 MiB, 1, 16
2026/04/26 12:31:20.727, 5, P8, 22 MHz, 405 MHz, 7.84 W, 23, 0 %, 2 MiB, 1, 16
2026/04/26 12:31:20.727, 6, P8, 22 MHz, 405 MHz, 17.73 W, 24, 0 %, 2 MiB, 1, 16
2026/04/26 12:31:20.727, 7, P8, 22 MHz, 405 MHz, 14.31 W, 24, 0 %, 2 MiB, 1, 16
2026/04/26 12:31:21.727, 0, P8, 22 MHz, 405 MHz, 38.59 W, 24, 0 %, 2 MiB, 1, 16
2026/04/26 12:31:21.727, 1, P8, 22 MHz, 405 MHz, 24.77 W, 24, 0 %, 2 MiB, 1, 16
2026/04/26 12:31:21.727, 2, P8, 22 MHz, 405 MHz, 19.49 W, 24, 0 %, 2 MiB, 1, 16
2026/04/26 12:31:21.727, 3, P8, 22 MHz, 405 MHz, 16.01 W, 24, 0 %, 2 MiB, 1, 16
2026/04/26 12:31:21.727, 4, P8, 22 MHz, 405 MHz, 26.98 W, 23, 0 %, 2 MiB, 1, 16
2026/04/26 12:31:21.727, 5, P8, 22 MHz, 405 MHz, 8.18 W, 23, 0 %, 2 MiB, 1, 16
2026/04/26 12:31:21.727, 6, P8, 22 MHz, 405 MHz, 18.04 W, 24, 0 %, 2 MiB, 1, 16
2026/04/26 12:31:21.727, 7, P8, 22 MHz, 405 MHz, 14.42 W, 24, 0 %, 2 MiB, 1, 16
2026/04/26 12:31:22.728, 0, P8, 22 MHz, 405 MHz, 38.54 W, 24, 0 %, 2 MiB, 1, 16
2026/04/26 12:31:22.728, 1, P8, 22 MHz, 405 MHz, 24.75 W, 24, 0 %, 2 MiB, 1, 16
2026/04/26 12:31:22.728, 2, P8, 22 MHz, 405 MHz, 19.53 W, 24, 0 %, 2 MiB, 1, 16
2026/04/26 12:31:22.728, 3, P8, 22 MHz, 405 MHz, 16.04 W, 24, 0 %, 2 MiB, 1, 16
2026/04/26 12:31:22.728, 4, P8, 22 MHz, 405 MHz, 26.42 W, 23, 0 %, 2 MiB, 1, 16
2026/04/26 12:31:22.728, 5, P8, 22 MHz, 405 MHz, 8.22 W, 23, 0 %, 2 MiB, 1, 16
2026/04/26 12:31:22.728, 6, P8, 22 MHz, 405 MHz, 17.86 W, 24, 0 %, 2 MiB, 1, 16
2026/04/26 12:31:22.728, 7, P8, 22 MHz, 405 MHz, 14.30 W, 24, 0 %, 2 MiB, 1, 16
2026/04/26 12:31:23.728, 0, P8, 22 MHz, 405 MHz, 38.22 W, 24, 0 %, 2 MiB, 1, 16
2026/04/26 12:31:23.728, 1, P8, 22 MHz, 405 MHz, 24.42 W, 24, 0 %, 2 MiB, 1, 16
2026/04/26 12:31:23.728, 2, P8, 22 MHz, 405 MHz, 19.39 W, 24, 0 %, 2 MiB, 1, 16
2026/04/26 12:31:23.728, 3, P8, 22 MHz, 405 MHz, 16.11 W, 24, 0 %, 2 MiB, 1, 16
2026/04/26 12:31:23.728, 4, P8, 22 MHz, 405 MHz, 25.79 W, 23, 0 %, 2 MiB, 1, 16
2026/04/26 12:31:23.728, 5, P8, 22 MHz, 405 MHz, 8.45 W, 23, 0 %, 2 MiB, 1, 16
2026/04/26 12:31:23.730, 6, P8, 22 MHz, 405 MHz, 17.64 W, 24, 0 %, 2 MiB, 1, 16
2026/04/26 12:31:23.738, 7, P8, 22 MHz, 405 MHz, 14.36 W, 24, 0 %, 2 MiB, 1, 16
2026/04/26 12:31:24.738, 0, P8, 22 MHz, 405 MHz, 38.25 W, 24, 0 %, 2 MiB, 1, 16
2026/04/26 12:31:24.738, 1, P8, 22 MHz, 405 MHz, 24.59 W, 24, 0 %, 2 MiB, 1, 16
2026/04/26 12:31:24.738, 2, P8, 22 MHz, 405 MHz, 19.44 W, 24, 0 %, 2 MiB, 1, 16
2026/04/26 12:31:24.738, 3, P8, 22 MHz, 405 MHz, 16.28 W, 24, 0 %, 2 MiB, 1, 16
2026/04/26 12:31:24.738, 4, P8, 22 MHz, 405 MHz, 26.14 W, 22, 0 %, 2 MiB, 1, 16
2026/04/26 12:31:24.738, 5, P8, 22 MHz, 405 MHz, 8.43 W, 23, 0 %, 2 MiB, 1, 16
2026/04/26 12:31:24.738, 6, P8, 22 MHz, 405 MHz, 17.54 W, 24, 0 %, 2 MiB, 1, 16
2026/04/26 12:31:24.738, 7, P8, 22 MHz, 405 MHz, 14.38 W, 24, 0 %, 2 MiB, 1, 16
2026/04/26 12:31:25.738, 0, P8, 22 MHz, 405 MHz, 38.04 W, 24, 0 %, 2 MiB, 1, 16
2026/04/26 12:31:25.738, 1, P8, 22 MHz, 405 MHz, 24.67 W, 24, 0 %, 2 MiB, 1, 16
2026/04/26 12:31:25.739, 2, P8, 21 MHz, 405 MHz, 19.23 W, 24, 0 %, 2 MiB, 1, 16
2026/04/26 12:31:25.739, 3, P8, 22 MHz, 405 MHz, 16.26 W, 24, 0 %, 2 MiB, 1, 16
2026/04/26 12:31:25.739, 4, P8, 22 MHz, 405 MHz, 26.59 W, 23, 0 %, 2 MiB, 1, 16
2026/04/26 12:31:25.739, 5, P8, 22 MHz, 405 MHz, 8.68 W, 23, 0 %, 2 MiB, 1, 16
2026/04/26 12:31:25.739, 6, P8, 22 MHz, 405 MHz, 17.58 W, 24, 0 %, 2 MiB, 1, 16
2026/04/26 12:31:25.739, 7, P8, 22 MHz, 405 MHz, 14.29 W, 24, 0 %, 2 MiB, 1, 16
2026/04/26 12:31:26.739, 0, P8, 22 MHz, 405 MHz, 38.44 W, 24, 0 %, 2 MiB, 1, 16
2026/04/26 12:31:26.739, 1, P8, 22 MHz, 405 MHz, 24.40 W, 24, 0 %, 2 MiB, 1, 16
2026/04/26 12:31:26.739, 2, P8, 22 MHz, 405 MHz, 19.18 W, 24, 0 %, 2 MiB, 1, 16
2026/04/26 12:31:26.739, 3, P8, 22 MHz, 405 MHz, 16.46 W, 24, 0 %, 2 MiB, 1, 16
2026/04/26 12:31:26.739, 4, P8, 22 MHz, 405 MHz, 26.33 W, 23, 0 %, 2 MiB, 1, 16
2026/04/26 12:31:26.739, 5, P8, 22 MHz, 405 MHz, 8.47 W, 23, 0 %, 2 MiB, 1, 16
2026/04/26 12:31:26.739, 6, P8, 22 MHz, 405 MHz, 17.14 W, 24, 0 %, 2 MiB, 1, 16
2026/04/26 12:31:26.739, 7, P8, 22 MHz, 405 MHz, 14.56 W, 24, 0 %, 2 MiB, 1, 16
2026/04/26 12:31:27.740, 0, P8, 22 MHz, 405 MHz, 38.02 W, 24, 0 %, 2 MiB, 1, 16
2026/04/26 12:31:27.740, 1, P8, 22 MHz, 405 MHz, 24.73 W, 24, 0 %, 2 MiB, 1, 16
2026/04/26 12:31:27.740, 2, P8, 22 MHz, 405 MHz, 19.28 W, 24, 0 %, 2 MiB, 1, 16
2026/04/26 12:31:27.740, 3, P8, 22 MHz, 405 MHz, 16.39 W, 24, 0 %, 2 MiB, 1, 16
2026/04/26 12:31:27.740, 4, P8, 22 MHz, 405 MHz, 26.81 W, 23, 0 %, 2 MiB, 1, 16
2026/04/26 12:31:27.740, 5, P8, 22 MHz, 405 MHz, 8.51 W, 23, 0 %, 2 MiB, 1, 16
2026/04/26 12:31:27.740, 6, P8, 22 MHz, 405 MHz, 17.23 W, 24, 0 %, 2 MiB, 1, 16
2026/04/26 12:31:27.740, 7, P8, 22 MHz, 405 MHz, 14.60 W, 24, 0 %, 2 MiB, 1, 16
2026/04/26 12:31:28.741, 0, P8, 22 MHz, 405 MHz, 38.32 W, 24, 0 %, 2 MiB, 1, 16
2026/04/26 12:31:28.741, 1, P8, 22 MHz, 405 MHz, 24.79 W, 24, 0 %, 2 MiB, 1, 16
2026/04/26 12:31:28.741, 2, P8, 22 MHz, 405 MHz, 19.37 W, 24, 0 %, 2 MiB, 1, 16
2026/04/26 12:31:28.741, 3, P8, 22 MHz, 405 MHz, 16.11 W, 24, 0 %, 2 MiB, 1, 16
2026/04/26 12:31:28.741, 4, P8, 22 MHz, 405 MHz, 27.78 W, 23, 0 %, 2 MiB, 1, 16
2026/04/26 12:31:28.741, 5, P8, 22 MHz, 405 MHz, 8.51 W, 23, 0 %, 2 MiB, 1, 16
2026/04/26 12:31:28.741, 6, P8, 22 MHz, 405 MHz, 17.64 W, 24, 0 %, 2 MiB, 1, 16
2026/04/26 12:31:28.741, 7, P8, 22 MHz, 405 MHz, 14.52 W, 24, 0 %, 2 MiB, 1, 16
2026/04/26 12:31:29.741, 0, P8, 22 MHz, 405 MHz, 38.42 W, 24, 0 %, 2 MiB, 1, 16
2026/04/26 12:31:29.741, 1, P8, 22 MHz, 405 MHz, 24.71 W, 24, 0 %, 2 MiB, 1, 16
2026/04/26 12:31:29.741, 2, P8, 22 MHz, 405 MHz, 19.62 W, 24, 0 %, 2 MiB, 1, 16
2026/04/26 12:31:29.741, 3, P8, 22 MHz, 405 MHz, 16.26 W, 24, 0 %, 2 MiB, 1, 16
2026/04/26 12:31:29.741, 4, P8, 22 MHz, 405 MHz, 27.89 W, 23, 0 %, 2 MiB, 1, 16
2026/04/26 12:31:29.742, 5, P8, 22 MHz, 405 MHz, 8.58 W, 23, 0 %, 2 MiB, 1, 16
2026/04/26 12:31:29.742, 6, P8, 22 MHz, 405 MHz, 17.53 W, 24, 0 %, 2 MiB, 1, 16
2026/04/26 12:31:29.742, 7, P8, 22 MHz, 405 MHz, 14.44 W, 24, 0 %, 2 MiB, 1, 16
2026/04/26 12:31:30.742, 0, P8, 22 MHz, 405 MHz, 38.48 W, 24, 0 %, 2 MiB, 1, 16
2026/04/26 12:31:30.742, 1, P8, 22 MHz, 405 MHz, 24.87 W, 24, 0 %, 2 MiB, 1, 16
2026/04/26 12:31:30.742, 2, P8, 22 MHz, 405 MHz, 19.73 W, 24, 0 %, 2 MiB, 1, 16
2026/04/26 12:31:30.742, 3, P8, 22 MHz, 405 MHz, 15.63 W, 24, 0 %, 2 MiB, 1, 16
2026/04/26 12:31:30.742, 4, P8, 22 MHz, 405 MHz, 28.06 W, 23, 0 %, 2 MiB, 1, 16
2026/04/26 12:31:30.742, 5, P8, 22 MHz, 405 MHz, 8.68 W, 23, 0 %, 2 MiB, 1, 16
2026/04/26 12:31:30.742, 6, P8, 22 MHz, 405 MHz, 17.40 W, 24, 0 %, 2 MiB, 1, 16
2026/04/26 12:31:30.742, 7, P8, 22 MHz, 405 MHz, 14.60 W, 24, 0 %, 2 MiB, 1, 16
2026/04/26 12:31:31.742, 0, P8, 22 MHz, 405 MHz, 38.71 W, 24, 0 %, 2 MiB, 1, 16
2026/04/26 12:31:31.743, 1, P8, 22 MHz, 405 MHz, 25.04 W, 24, 0 %, 2 MiB, 1, 16
2026/04/26 12:31:31.743, 2, P8, 22 MHz, 405 MHz, 19.62 W, 24, 0 %, 2 MiB, 1, 16
2026/04/26 12:31:31.743, 3, P8, 22 MHz, 405 MHz, 16.23 W, 24, 0 %, 2 MiB, 1, 16
2026/04/26 12:31:31.743, 4, P8, 22 MHz, 405 MHz, 28.33 W, 23, 0 %, 2 MiB, 1, 16
2026/04/26 12:31:31.743, 5, P8, 22 MHz, 405 MHz, 8.54 W, 23, 0 %, 2 MiB, 1, 16
2026/04/26 12:31:31.743, 6, P8, 22 MHz, 405 MHz, 17.15 W, 24, 0 %, 2 MiB, 1, 16
2026/04/26 12:31:31.743, 7, P8, 22 MHz, 405 MHz, 14.43 W, 24, 0 %, 2 MiB, 1, 16
2026/04/26 12:31:32.743, 0, P8, 22 MHz, 405 MHz, 38.59 W, 24, 0 %, 2 MiB, 1, 16
2026/04/26 12:31:32.743, 1, P8, 22 MHz, 405 MHz, 24.86 W, 24, 0 %, 2 MiB, 1, 16
2026/04/26 12:31:32.743, 2, P8, 22 MHz, 405 MHz, 19.43 W, 24, 0 %, 2 MiB, 1, 16
2026/04/26 12:31:32.743, 3, P8, 22 MHz, 405 MHz, 16.43 W, 24, 0 %, 2 MiB, 1, 16
2026/04/26 12:31:32.743, 4, P8, 22 MHz, 405 MHz, 27.47 W, 22, 0 %, 2 MiB, 1, 16
2026/04/26 12:31:32.743, 5, P8, 22 MHz, 405 MHz, 8.28 W, 23, 0 %, 2 MiB, 1, 16
2026/04/26 12:31:32.744, 6, P8, 22 MHz, 405 MHz, 17.08 W, 24, 0 %, 2 MiB, 1, 16
2026/04/26 12:31:32.744, 7, P8, 22 MHz, 405 MHz, 14.39 W, 24, 0 %, 2 MiB, 1, 16
2026/04/26 12:31:33.744, 0, P8, 22 MHz, 405 MHz, 38.29 W, 24, 0 %, 2 MiB, 1, 16
2026/04/26 12:31:33.744, 1, P8, 22 MHz, 405 MHz, 24.88 W, 24, 0 %, 2 MiB, 1, 16
2026/04/26 12:31:33.744, 2, P8, 22 MHz, 405 MHz, 19.41 W, 24, 0 %, 2 MiB, 1, 16
2026/04/26 12:31:33.744, 3, P8, 22 MHz, 405 MHz, 16.37 W, 24, 0 %, 2 MiB, 1, 16
2026/04/26 12:31:33.744, 4, P8, 22 MHz, 405 MHz, 27.53 W, 23, 0 %, 2 MiB, 1, 16
2026/04/26 12:31:33.744, 5, P8, 22 MHz, 405 MHz, 8.45 W, 23, 0 %, 2 MiB, 1, 16
2026/04/26 12:31:33.744, 6, P8, 22 MHz, 405 MHz, 17.27 W, 24, 0 %, 2 MiB, 1, 16
2026/04/26 12:31:33.744, 7, P8, 22 MHz, 405 MHz, 14.81 W, 24, 0 %, 2 MiB, 1, 16
2026/04/26 12:31:34.744, 0, P8, 22 MHz, 405 MHz, 38.34 W, 24, 0 %, 2 MiB, 1, 16
2026/04/26 12:31:34.744, 1, P8, 22 MHz, 405 MHz, 24.80 W, 24, 0 %, 2 MiB, 1, 16
2026/04/26 12:31:34.745, 2, P8, 22 MHz, 405 MHz, 19.44 W, 24, 0 %, 2 MiB, 1, 16
2026/04/26 12:31:34.745, 3, P8, 22 MHz, 405 MHz, 16.43 W, 24, 0 %, 2 MiB, 1, 16
2026/04/26 12:31:34.745, 4, P8, 22 MHz, 405 MHz, 27.66 W, 23, 0 %, 2 MiB, 1, 16
2026/04/26 12:31:34.745, 5, P8, 22 MHz, 405 MHz, 8.74 W, 23, 0 %, 2 MiB, 1, 16
2026/04/26 12:31:34.745, 6, P8, 22 MHz, 405 MHz, 17.25 W, 24, 0 %, 2 MiB, 1, 16
2026/04/26 12:31:34.745, 7, P8, 22 MHz, 405 MHz, 14.83 W, 24, 0 %, 2 MiB, 1, 16
2026/04/26 12:31:35.745, 0, P8, 22 MHz, 405 MHz, 38.57 W, 24, 0 %, 2 MiB, 1, 16
2026/04/26 12:31:35.745, 1, P8, 22 MHz, 405 MHz, 24.74 W, 24, 0 %, 2 MiB, 1, 16
2026/04/26 12:31:35.745, 2, P8, 22 MHz, 405 MHz, 19.34 W, 24, 0 %, 2 MiB, 1, 16
2026/04/26 12:31:35.745, 3, P8, 22 MHz, 405 MHz, 16.49 W, 24, 0 %, 2 MiB, 1, 16
2026/04/26 12:31:35.745, 4, P8, 22 MHz, 405 MHz, 28.31 W, 23, 0 %, 2 MiB, 1, 16
2026/04/26 12:31:35.745, 5, P8, 22 MHz, 405 MHz, 8.67 W, 23, 0 %, 2 MiB, 1, 16
2026/04/26 12:31:35.745, 6, P8, 22 MHz, 405 MHz, 17.07 W, 24, 0 %, 2 MiB, 1, 16
2026/04/26 12:31:35.745, 7, P8, 22 MHz, 405 MHz, 14.67 W, 24, 0 %, 2 MiB, 1, 16
2026/04/26 12:31:36.746, 0, P8, 22 MHz, 405 MHz, 38.40 W, 24, 0 %, 2 MiB, 1, 16
2026/04/26 12:31:36.746, 1, P8, 22 MHz, 405 MHz, 24.78 W, 24, 0 %, 2 MiB, 1, 16
2026/04/26 12:31:36.746, 2, P8, 22 MHz, 405 MHz, 19.38 W, 24, 0 %, 2 MiB, 1, 16
2026/04/26 12:31:36.746, 3, P8, 22 MHz, 405 MHz, 16.28 W, 24, 0 %, 2 MiB, 1, 16
2026/04/26 12:31:36.746, 4, P8, 22 MHz, 405 MHz, 28.09 W, 23, 0 %, 2 MiB, 1, 16
2026/04/26 12:31:36.746, 5, P8, 22 MHz, 405 MHz, 8.73 W, 23, 0 %, 2 MiB, 1, 16
2026/04/26 12:31:36.746, 6, P8, 22 MHz, 405 MHz, 17.45 W, 24, 0 %, 2 MiB, 1, 16
2026/04/26 12:31:36.746, 7, P8, 22 MHz, 405 MHz, 14.61 W, 24, 0 %, 2 MiB, 1, 16
2026/04/26 12:31:37.746, 0, P8, 22 MHz, 405 MHz, 38.19 W, 24, 0 %, 2 MiB, 1, 16
2026/04/26 12:31:37.746, 1, P8, 22 MHz, 405 MHz, 24.87 W, 24, 0 %, 2 MiB, 1, 16
2026/04/26 12:31:37.746, 2, P8, 22 MHz, 405 MHz, 19.32 W, 24, 0 %, 2 MiB, 1, 16
2026/04/26 12:31:37.747, 3, P8, 22 MHz, 405 MHz, 16.32 W, 24, 0 %, 2 MiB, 1, 16
2026/04/26 12:31:37.747, 4, P8, 22 MHz, 405 MHz, 27.65 W, 23, 0 %, 2 MiB, 1, 16
2026/04/26 12:31:37.747, 5, P8, 22 MHz, 405 MHz, 8.64 W, 23, 0 %, 2 MiB, 1, 16
2026/04/26 12:31:37.747, 6, P8, 22 MHz, 405 MHz, 17.26 W, 24, 0 %, 2 MiB, 1, 16
2026/04/26 12:31:37.747, 7, P8, 22 MHz, 405 MHz, 14.79 W, 24, 0 %, 2 MiB, 1, 16
2026/04/26 12:31:38.747, 0, P8, 22 MHz, 405 MHz, 38.00 W, 24, 0 %, 2 MiB, 1, 16
2026/04/26 12:31:38.747, 1, P8, 22 MHz, 405 MHz, 24.83 W, 24, 0 %, 2 MiB, 1, 16
2026/04/26 12:31:38.747, 2, P8, 22 MHz, 405 MHz, 18.96 W, 24, 0 %, 2 MiB, 1, 16
2026/04/26 12:31:38.747, 3, P8, 22 MHz, 405 MHz, 16.38 W, 24, 0 %, 2 MiB, 1, 16
2026/04/26 12:31:38.747, 4, P8, 22 MHz, 405 MHz, 27.10 W, 23, 0 %, 2 MiB, 1, 16
2026/04/26 12:31:38.747, 5, P8, 22 MHz, 405 MHz, 8.51 W, 23, 0 %, 2 MiB, 1, 16
2026/04/26 12:31:38.747, 6, P8, 22 MHz, 405 MHz, 17.30 W, 24, 0 %, 2 MiB, 1, 16
2026/04/26 12:31:38.747, 7, P8, 22 MHz, 405 MHz, 14.67 W, 24, 0 %, 2 MiB, 1, 16
2026/04/26 12:31:39.748, 0, P8, 22 MHz, 405 MHz, 38.10 W, 24, 0 %, 2 MiB, 1, 16
2026/04/26 12:31:39.748, 1, P8, 22 MHz, 405 MHz, 24.77 W, 24, 0 %, 2 MiB, 1, 16
2026/04/26 12:31:39.748, 2, P8, 21 MHz, 405 MHz, 19.03 W, 24, 0 %, 2 MiB, 1, 16
2026/04/26 12:31:39.748, 3, P8, 22 MHz, 405 MHz, 16.08 W, 24, 0 %, 2 MiB, 1, 16
2026/04/26 12:31:39.748, 4, P8, 22 MHz, 405 MHz, 27.00 W, 23, 0 %, 2 MiB, 1, 16
2026/04/26 12:31:39.748, 5, P8, 22 MHz, 405 MHz, 8.49 W, 23, 0 %, 2 MiB, 1, 16
2026/04/26 12:31:39.748, 6, P8, 22 MHz, 405 MHz, 17.06 W, 24, 0 %, 2 MiB, 1, 16
2026/04/26 12:31:39.748, 7, P8, 22 MHz, 405 MHz, 14.49 W, 24, 0 %, 2 MiB, 1, 16
2026/04/26 12:31:40.748, 0, P8, 22 MHz, 405 MHz, 38.00 W, 24, 0 %, 2 MiB, 1, 16
2026/04/26 12:31:40.748, 1, P8, 22 MHz, 405 MHz, 24.79 W, 24, 0 %, 2 MiB, 1, 16
2026/04/26 12:31:40.748, 2, P8, 22 MHz, 405 MHz, 19.19 W, 24, 0 %, 2 MiB, 1, 16
2026/04/26 12:31:40.748, 3, P8, 22 MHz, 405 MHz, 16.03 W, 24, 0 %, 2 MiB, 1, 16
2026/04/26 12:31:40.748, 4, P8, 22 MHz, 405 MHz, 27.47 W, 22, 0 %, 2 MiB, 1, 16
2026/04/26 12:31:40.748, 5, P8, 22 MHz, 405 MHz, 8.57 W, 23, 0 %, 2 MiB, 1, 16
2026/04/26 12:31:40.749, 6, P8, 22 MHz, 405 MHz, 17.10 W, 24, 0 %, 2 MiB, 1, 16
2026/04/26 12:31:40.749, 7, P8, 22 MHz, 405 MHz, 14.17 W, 24, 0 %, 2 MiB, 1, 16
2026/04/26 12:31:41.749, 0, P8, 22 MHz, 405 MHz, 38.43 W, 24, 0 %, 2 MiB, 1, 16
2026/04/26 12:31:41.749, 1, P8, 22 MHz, 405 MHz, 24.83 W, 24, 0 %, 2 MiB, 1, 16
2026/04/26 12:31:41.749, 2, P8, 22 MHz, 405 MHz, 19.16 W, 24, 0 %, 2 MiB, 1, 16
2026/04/26 12:31:41.749, 3, P8, 22 MHz, 405 MHz, 16.23 W, 24, 0 %, 2 MiB, 1, 16
2026/04/26 12:31:41.749, 4, P8, 22 MHz, 405 MHz, 26.95 W, 23, 0 %, 2 MiB, 1, 16
2026/04/26 12:31:41.749, 5, P8, 22 MHz, 405 MHz, 8.54 W, 23, 0 %, 2 MiB, 1, 16
2026/04/26 12:31:41.749, 6, P8, 22 MHz, 405 MHz, 17.14 W, 24, 0 %, 2 MiB, 1, 16
2026/04/26 12:31:41.749, 7, P8, 22 MHz, 405 MHz, 14.05 W, 24, 0 %, 2 MiB, 1, 16
2026/04/26 12:31:42.749, 0, P8, 22 MHz, 405 MHz, 38.13 W, 24, 0 %, 2 MiB, 1, 16
2026/04/26 12:31:42.750, 1, P8, 22 MHz, 405 MHz, 24.72 W, 24, 0 %, 2 MiB, 1, 16
2026/04/26 12:31:42.750, 2, P8, 22 MHz, 405 MHz, 19.46 W, 24, 0 %, 2 MiB, 1, 16
2026/04/26 12:31:42.750, 3, P8, 22 MHz, 405 MHz, 16.42 W, 24, 0 %, 2 MiB, 1, 16
2026/04/26 12:31:42.750, 4, P8, 22 MHz, 405 MHz, 27.17 W, 23, 0 %, 2 MiB, 1, 16
2026/04/26 12:31:42.750, 5, P8, 22 MHz, 405 MHz, 8.43 W, 23, 0 %, 2 MiB, 1, 16
2026/04/26 12:31:42.750, 6, P8, 22 MHz, 405 MHz, 17.21 W, 24, 0 %, 2 MiB, 1, 16
2026/04/26 12:31:42.750, 7, P8, 22 MHz, 405 MHz, 13.98 W, 24, 0 %, 2 MiB, 1, 16
